{
  "Left Hand Gesture": {
    "count": 192,
    "center_x_mean": 0.5017574584960937,
    "center_x_std": 0.0899523610845004,
    "center_y_mean": 0.5722998128255209,
    "center_y_std": 0.08160939652935055,
    "width_mean": 0.724624943033854,
    "width_std": 0.1372691225269461,
    "height_mean": 0.679983740234375,
    "height_std": 0.158408778236461,
    "area_mean": 0.4979805679191716,
    "area_std": 0.15677251478314255,
    "aspect_ratio_mean": 1.1072743234753035,
    "aspect_ratio_std": 0.27857074459965714
  },
  "Looking Left": {
    "count": 218,
    "center_x_mean": 0.4891065474483945,
    "center_x_std": 0.10665274825391366,
    "center_y_mean": 0.5832175279529817,
    "center_y_std": 0.09052347683574088,
    "width_mean": 0.662903461869266,
    "width_std": 0.09635922730006545,
    "height_mean": 0.6251219825114679,
    "height_std": 0.10511992605833467,
    "area_mean": 0.4198653468414587,
    "area_std": 0.1120911372811036,
    "aspect_ratio_mean": 1.0751790604675782,
    "aspect_ratio_std": 0.15608492364224433
  },
  "Looking Right": {
    "count": 156,
    "center_x_mean": 0.5425262720352563,
    "center_x_std": 0.12034412434818811,
    "center_y_mean": 0.5648899739583333,
    "center_y_std": 0.10598534332523094,
    "width_mean": 0.6436062299679488,
    "width_std": 0.11163153387960523,
    "height_mean": 0.6249121594551281,
    "height_std": 0.11988186177628972,
    "area_mean": 0.41136354508490147,
    "area_std": 0.13402630299776325,
    "aspect_ratio_mean": 1.042573456016782,
    "aspect_ratio_std": 0.1477575328025114
  },
  "Right Hand Gesture": {
    "count": 173,
    "center_x_mean": 0.4858891302384394,
    "center_x_std": 0.10768145624425707,
    "center_y_mean": 0.5691643108742774,
    "center_y_std": 0.09054324579402631,
    "width_mean": 0.6798707460260115,
    "width_std": 0.1396425080785579,
    "height_mean": 0.6368654714595375,
    "height_std": 0.1465695272458768,
    "area_mean": 0.4369929363921378,
    "area_std": 0.1450223107289674,
    "aspect_ratio_mean": 1.1145985165547525,
    "aspect_ratio_std": 0.30407929910383613
  },
  "Normal": {
    "count": 352,
    "center_x_mean": 0.5221810413707386,
    "center_x_std": 0.1226222530597752,
    "center_y_mean": 0.5524689275568182,
    "center_y_std": 0.09957402670579078,
    "width_mean": 0.6002125799005682,
    "width_std": 0.10187398889662874,
    "height_mean": 0.581846590909091,
    "height_std": 0.11596349063218617,
    "area_mean": 0.3566083065469152,
    "area_std": 0.12045582497474074,
    "aspect_ratio_mean": 1.0499383938273403,
    "aspect_ratio_std": 0.17386770699134427
  }
}