timestamp,person_id,event_type,severity,confidence,source,details,bbox,rule_triggered
2.5121,person_002,Head Turning,orange,0.8,research_rules,Head turned RIGHT (35.0° detected instantly),"[749.9005126953125, 255.08819580078125, 972.66845703125, 708.9143676757812]",instant_head_turn
2.7041666666666666,person_003,Head Turning,orange,0.8,research_rules,Head turned RIGHT (32.9° detected instantly),"[428.531494140625, 276.77740478515625, 531.6673583984375, 454.37066650390625]",instant_head_turn
3.104166666666667,person_001,Hand Extension,orange,0.85,research_rules,Sustained sideward hand extension: left_wrist_extreme_sideward_reach (sustained for 0.7s),"[123.9105224609375, 184.0884246826172, 486.16180419921875, 692.4928588867188]",hand_extended_sustained
3.216066666666667,person_003,Head Turning,orange,0.8,research_rules,Head turned RIGHT (32.9° detected instantly),"[429.12872314453125, 277.82574462890625, 527.1321411132812, 457.357421875]",instant_head_turn
3.8081666666666667,person_003,Head Turning,orange,0.8,research_rules,Head turned RIGHT (33.5° detected instantly),"[428.8363037109375, 277.5518798828125, 514.0245361328125, 456.1256103515625]",instant_head_turn
6.224033333333334,person_005,Head Turning,orange,0.8,research_rules,Head turned RIGHT (34.7° detected instantly),"[0.135711669921875, 252.360595703125, 198.3292236328125, 527.4979858398438]",instant_head_turn
6.224033333333334,person_026,Head Turning,orange,0.8,research_rules,Head turned RIGHT (34.7° detected instantly),"[0.17107772827148438, 354.5729064941406, 37.95602035522461, 455.7448425292969]",instant_head_turn
6.416300000000001,person_003,Head Turning,orange,0.8,research_rules,Head turned RIGHT (34.1° detected instantly),"[426.780517578125, 277.458251953125, 516.9150390625, 455.307373046875]",instant_head_turn
6.6242,person_001,Hand Extension,orange,0.85,research_rules,Sustained sideward hand extension: left_wrist_extreme_sideward_reach (sustained for 0.7s),"[133.251953125, 184.82098388671875, 485.16943359375, 694.1265258789062]",hand_extended_sustained
6.7206,person_030,Head Turning,orange,0.8,research_rules,Head turned RIGHT (33.8° detected instantly),"[483.82257080078125, 275.438720703125, 564.7301635742188, 356.974853515625]",instant_head_turn
7.024066666666667,person_003,Head Turning,orange,0.8,research_rules,Head turned RIGHT (33.7° detected instantly),"[427.1475830078125, 277.7039794921875, 502.0751953125, 455.5574951171875]",instant_head_turn
7.231933333333334,person_005,Head Turning,orange,0.8,research_rules,Head turned RIGHT (34.8° detected instantly),"[0.0799560546875, 253.24786376953125, 199.64285278320312, 525.1595458984375]",instant_head_turn
7.231933333333334,person_026,Head Turning,orange,0.8,research_rules,Head turned RIGHT (34.8° detected instantly),"[0.12862014770507812, 356.737548828125, 41.60509490966797, 451.6793212890625]",instant_head_turn
7.632033333333334,person_003,Head Turning,orange,0.8,research_rules,Head turned RIGHT (33.1° detected instantly),"[427.60321044921875, 277.84393310546875, 501.64251708984375, 455.58642578125]",instant_head_turn
8.224233333333334,person_003,Head Turning,orange,0.8,research_rules,Head turned RIGHT (33.0° detected instantly),"[427.90850830078125, 277.80084228515625, 500.88739013671875, 456.21026611328125]",instant_head_turn
8.736033333333333,person_003,Head Turning,orange,0.8,research_rules,Head turned RIGHT (34.5° detected instantly),"[427.2596435546875, 277.3741455078125, 504.29937744140625, 455.53277587890625]",instant_head_turn
10.3361,person_001,Hand Extension,orange,0.85,research_rules,Sustained sideward hand extension: left_wrist_extreme_sideward_reach (sustained for 0.7s),"[122.625732421875, 184.19395446777344, 485.3636474609375, 694.8797607421875]",hand_extended_sustained
12.6401,person_005,Head Turning,orange,0.8,research_rules,Head turned RIGHT (30.6° detected instantly),"[0.1746063232421875, 224.15167236328125, 175.8964385986328, 528.9016723632812]",instant_head_turn
13.344133333333334,person_005,Head Turning,orange,0.8,research_rules,Head turned RIGHT (31.3° detected instantly),"[0.0, 237.20941162109375, 184.54071044921875, 525.380126953125]",instant_head_turn
13.856,person_001,Hand Extension,orange,0.85,research_rules,Sustained sideward hand extension: left_wrist_extreme_sideward_reach (sustained for 0.7s),"[126.52058410644531, 185.7525634765625, 484.91925048828125, 694.7667846679688]",hand_extended_sustained
16.064,person_003,Head Turning,orange,0.8,research_rules,Head turned RIGHT (34.7° detected instantly),"[415.19378662109375, 276.5542907714844, 531.0045166015625, 434.4136657714844]",instant_head_turn
16.2561,person_005,Head Turning,orange,0.8,research_rules,Head turned RIGHT (34.6° detected instantly),"[0.2201690673828125, 238.9295654296875, 175.5465850830078, 524.574951171875]",instant_head_turn
16.3522,person_006,Head Turning,orange,0.8,research_rules,Head turned RIGHT (30.0° detected instantly),"[421.62579345703125, 260.2442626953125, 658.4304809570312, 569.5518188476562]",instant_head_turn
16.960066666666666,person_001,Hand Extension,orange,0.85,research_rules,Sustained sideward hand extension: left_wrist_extreme_sideward_reach (sustained for 0.7s),"[27.673736572265625, 159.8114013671875, 399.26483154296875, 693.2698974609375]",hand_extended_sustained
17.360033333333334,person_006,Head Turning,orange,0.8,research_rules,Head turned RIGHT (34.5° detected instantly),"[370.8323974609375, 270.96221923828125, 596.25, 589.8871459960938]",instant_head_turn
17.760533333333335,person_088,Head Turning,orange,0.8,research_rules,Head turned RIGHT (34.0° detected instantly),"[542.795166015625, 280.0721435546875, 722.687255859375, 587.25830078125]",instant_head_turn
19.072033333333334,person_095,Head Turning,orange,0.8,research_rules,Head turned RIGHT (34.9° detected instantly),"[471.4178161621094, 283.53076171875, 577.9476318359375, 457.0347900390625]",instant_head_turn
19.968233333333334,person_001,Hand Extension,orange,0.85,research_rules,Sustained sideward hand extension: left_wrist_extreme_sideward_reach (sustained for 1.8s),"[195.54530334472656, 184.01239013671875, 547.980712890625, 681.302490234375]",hand_extended_sustained
20.272166666666667,person_095,Head Turning,orange,0.8,research_rules,Head turned RIGHT (33.9° detected instantly),"[481.4716796875, 281.265869140625, 581.8160400390625, 458.67254638671875]",instant_head_turn
21.58396666666667,person_087,Head Turning,orange,0.8,research_rules,Head turned RIGHT (35.0° detected instantly),"[474.2513122558594, 278.0641174316406, 567.6314697265625, 424.9934387207031]",instant_head_turn
21.679933333333334,person_071,Head Turning,orange,0.8,research_rules,Head turned RIGHT (35.2° detected instantly),"[0.0, 261.6787109375, 246.22305297851562, 511.36376953125]",instant_head_turn
22.784333333333333,person_071,Head Turning,orange,0.8,research_rules,Head turned RIGHT (32.5° detected instantly),"[0.0, 259.3385009765625, 244.58145141601562, 606.8846435546875]",instant_head_turn
22.784333333333333,person_130,Head Turning,orange,0.8,research_rules,Head turned RIGHT (32.5° detected instantly),"[0.1561431884765625, 307.39654541015625, 86.62628173828125, 441.82122802734375]",instant_head_turn
22.97643333333334,person_001,Head Turning,orange,0.8,research_rules,Head turned RIGHT (34.1° detected instantly),"[140.461669921875, 181.71697998046875, 549.8422241210938, 681.3436279296875]",instant_head_turn
27.904,person_001,Hand Extension,orange,0.85,research_rules,Sustained sideward hand extension: left_wrist_extreme_sideward_reach (sustained for 0.7s),"[168.44451904296875, 201.16822814941406, 549.140869140625, 681.7947998046875]",hand_extended_sustained
29.408033333333336,person_001,Head Turning,orange,0.8,research_rules,Head turned RIGHT (32.3° detected instantly),"[188.51361083984375, 196.77642822265625, 544.6089477539062, 684.6441650390625]",instant_head_turn
31.008100000000002,person_071,Hand Extension,orange,0.85,research_rules,Sustained sideward hand extension: left_wrist_extreme_sideward_reach (sustained for 0.7s),"[0.6310272216796875, 258.97015380859375, 246.85507202148438, 507.69482421875]",hand_extended_sustained
31.519933333333334,person_001,Hand Extension,orange,0.85,research_rules,Sustained sideward hand extension: left_wrist_extreme_sideward_reach (sustained for 0.7s),"[183.94073486328125, 184.4495086669922, 547.6148681640625, 682.0194702148438]",hand_extended_sustained
34.03196666666667,person_121,Head Turning,orange,0.8,research_rules,Head turned RIGHT (33.8° detected instantly),"[206.71963500976562, 280.830078125, 364.0480651855469, 494.83416748046875]",instant_head_turn
34.52796666666667,person_001,Hand Extension,orange,0.85,research_rules,Sustained sideward hand extension: left_wrist_extreme_sideward_reach (sustained for 0.8s),"[194.56639099121094, 201.0118408203125, 547.5023193359375, 684.3468017578125]",hand_extended_sustained
34.832,person_121,Head Turning,orange,0.8,research_rules,Head turned RIGHT (32.8° detected instantly),"[171.80844116210938, 279.80377197265625, 366.4522399902344, 541.5690307617188]",instant_head_turn
37.83996666666667,person_121,Head Turning,orange,0.8,research_rules,Head turned RIGHT (31.9° detected instantly),"[190.7052459716797, 293.8153076171875, 365.29132080078125, 514.3816528320312]",instant_head_turn
40.84803333333333,person_001,Hand Extension,orange,0.85,research_rules,Sustained sideward hand extension: left_wrist_extreme_sideward_reach (sustained for 0.7s),"[182.0786590576172, 195.95843505859375, 547.8505249023438, 681.4420776367188]",hand_extended_sustained
46.064033333333334,person_001,Hand Extension,orange,0.85,research_rules,Sustained sideward hand extension: left_wrist_extreme_sideward_reach (sustained for 0.7s),"[185.23411560058594, 198.19256591796875, 547.9783935546875, 680.3900756835938]",hand_extended_sustained
50.38413333333334,person_088,Head Turning,orange,0.8,research_rules,Head turned RIGHT (34.7° detected instantly),"[577.6519775390625, 247.28302001953125, 848.546630859375, 711.210693359375]",instant_head_turn
50.4959,person_216,Head Turning,orange,0.8,research_rules,Head turned RIGHT (31.9° detected instantly),"[151.1795654296875, 148.900146484375, 355.0921325683594, 674.739013671875]",instant_head_turn
50.68796666666667,person_071,Head Turning,orange,0.8,research_rules,Head turned RIGHT (34.6° detected instantly),"[7.5771331787109375, 175.1656494140625, 240.74314880371094, 712.24072265625]",instant_head_turn
50.895900000000005,person_088,Head Turning,orange,0.8,research_rules,Head turned RIGHT (32.5° detected instantly),"[337.4537353515625, 288.7310485839844, 594.2890014648438, 712.6075439453125]",instant_head_turn
51.18403333333334,person_229,Head Turning,orange,0.8,research_rules,Head turned RIGHT (35.2° detected instantly),"[437.8514404296875, 266.9047546386719, 546.5205078125, 428.2106628417969]",instant_head_turn
51.2961,person_241,Head Turning,orange,0.8,research_rules,Head turned RIGHT (35.0° detected instantly),"[889.803466796875, 301.9498291015625, 1005.375732421875, 427.940185546875]",instant_head_turn
51.39196666666667,person_211,Head Turning,orange,0.8,research_rules,Head turned RIGHT (34.1° detected instantly),"[441.75128173828125, 189.14276123046875, 841.8230590820312, 679.550537109375]",instant_head_turn
51.69606666666667,person_088,Head Turning,orange,0.8,research_rules,Head turned RIGHT (34.1° detected instantly),"[92.53347778320312, 202.26129150390625, 426.0731506347656, 706.6744995117188]",instant_head_turn
51.999900000000004,person_255,Head Turning,orange,0.8,research_rules,Head turned RIGHT (31.4° detected instantly),"[321.41241455078125, 198.1211700439453, 426.94549560546875, 389.36773681640625]",instant_head_turn
52.28803333333334,person_088,Head Turning,orange,0.8,research_rules,Head turned RIGHT (30.1° detected instantly),"[115.50018310546875, 222.7596435546875, 429.408203125, 712.0621337890625]",instant_head_turn
52.5921,person_257,Head Turning,orange,0.8,research_rules,Head turned RIGHT (30.0° detected instantly),"[358.0568542480469, 140.25201416015625, 754.56103515625, 628.5243530273438]",instant_head_turn
52.704,person_255,Head Turning,orange,0.8,research_rules,Head turned RIGHT (31.0° detected instantly),"[314.7912292480469, 211.05038452148438, 431.7915344238281, 366.3177185058594]",instant_head_turn
52.896433333333334,person_088,Head Turning,orange,0.8,research_rules,Head turned RIGHT (30.9° detected instantly),"[104.21987915039062, 201.35926818847656, 426.6692199707031, 710.3297119140625]",instant_head_turn
53.50386666666667,person_088,Head Turning,orange,0.8,research_rules,Head turned RIGHT (32.7° detected instantly),"[98.39059448242188, 169.05828857421875, 415.8148498535156, 700.6064453125]",instant_head_turn
53.50386666666667,person_255,Head Turning,orange,0.8,research_rules,Head turned RIGHT (30.8° detected instantly),"[320.10504150390625, 184.10350036621094, 426.33648681640625, 329.687744140625]",instant_head_turn
54.000600000000006,person_278,Head Turning,orange,0.8,research_rules,Head turned RIGHT (32.2° detected instantly),"[597.4181518554688, 164.34414672851562, 720.7219848632812, 306.2972106933594]",instant_head_turn
54.000600000000006,person_279,Head Turning,orange,0.8,research_rules,Head turned RIGHT (32.2° detected instantly),"[570.8035278320312, 162.246337890625, 655.2617797851562, 258.71063232421875]",instant_head_turn
54.704433333333334,person_277,Head Turning,orange,0.8,research_rules,Head turned RIGHT (32.8° detected instantly),"[102.3397445678711, 182.47463989257812, 240.96737670898438, 332.9457092285156]",instant_head_turn
55.00823333333334,person_276,Head Turning,orange,0.8,research_rules,Head turned RIGHT (30.5° detected instantly),"[173.7939453125, 120.4656982421875, 747.0960693359375, 701.951416015625]",instant_head_turn
55.20003333333334,person_088,Head Turning,orange,0.8,research_rules,Head turned RIGHT (32.9° detected instantly),"[0.199188232421875, 232.180419921875, 262.7422180175781, 713.0767822265625]",instant_head_turn
55.408033333333336,person_183,Head Turning,orange,0.8,research_rules,Head turned RIGHT (31.2° detected instantly),"[830.697998046875, 258.7337646484375, 1146.130859375, 711.63623046875]",instant_head_turn
55.71186666666667,person_290,Head Turning,orange,0.8,research_rules,Head turned RIGHT (34.8° detected instantly),"[129.1290283203125, 286.8287353515625, 258.5083312988281, 441.6556396484375]",instant_head_turn
55.71186666666667,person_293,Head Turning,orange,0.8,research_rules,Head turned RIGHT (32.8° detected instantly),"[786.014404296875, 251.47576904296875, 870.8985595703125, 375.03350830078125]",instant_head_turn
56.51216666666667,person_275,Head Turning,orange,0.8,research_rules,Head turned RIGHT (31.7° detected instantly),"[606.2637939453125, 227.195556640625, 921.8563232421875, 713.2835693359375]",instant_head_turn
56.51216666666667,person_183,Head Turning,orange,0.8,research_rules,Head turned RIGHT (30.3° detected instantly),"[828.831298828125, 266.02777099609375, 1148.5654296875, 710.4816284179688]",instant_head_turn
56.51216666666667,person_293,Head Turning,orange,0.8,research_rules,Head turned RIGHT (31.9° detected instantly),"[779.8175048828125, 245.97125244140625, 871.2930908203125, 380.2919921875]",instant_head_turn
56.51216666666667,person_290,Head Turning,orange,0.8,research_rules,Head turned RIGHT (32.2° detected instantly),"[128.50900268554688, 289.23138427734375, 260.0049743652344, 441.47637939453125]",instant_head_turn
57.120066666666666,person_290,Head Turning,orange,0.8,research_rules,Head turned RIGHT (33.7° detected instantly),"[129.97872924804688, 288.764404296875, 260.80487060546875, 437.366455078125]",instant_head_turn
57.21636666666667,person_275,Head Turning,orange,0.8,research_rules,Head turned RIGHT (30.9° detected instantly),"[577.3294677734375, 225.84686279296875, 916.4808349609375, 712.5299682617188]",instant_head_turn
57.80813333333334,person_293,Head Turning,orange,0.8,research_rules,Head turned RIGHT (31.4° detected instantly),"[765.928955078125, 246.79580688476562, 868.2464599609375, 365.0358581542969]",instant_head_turn
57.91983333333334,person_286,Phone Usage,red,0.95,research_rules,Phone detected for 10 consecutive frames (1.0s),"[188.48492431640625, 195.47039794921875, 598.0142822265625, 699.9434814453125]",phone_consecutive_frames
57.91983333333334,person_290,Head Turning,orange,0.8,research_rules,Head turned RIGHT (34.9° detected instantly),"[132.88876342773438, 289.56365966796875, 260.78814697265625, 463.52886962890625]",instant_head_turn
58.0168,person_275,Phone Usage,red,0.95,research_rules,Phone detected for 10 consecutive frames (1.0s),"[574.4238891601562, 222.2137451171875, 910.3178100585938, 714.464111328125]",phone_consecutive_frames
58.0168,person_286,Phone Usage,red,0.95,research_rules,Phone detected for 11 consecutive frames (1.1s),"[185.3944091796875, 196.31793212890625, 621.4623413085938, 697.5160522460938]",phone_consecutive_frames
58.112233333333336,person_286,Phone Usage,red,0.95,research_rules,Phone detected for 12 consecutive frames (1.2s),"[185.826171875, 196.2509765625, 605.1549072265625, 699.2861328125]",phone_consecutive_frames
58.112233333333336,person_275,Phone Usage,red,0.95,research_rules,Phone detected for 11 consecutive frames (1.1s),"[575.5064697265625, 223.5206756591797, 1068.404052734375, 713.5316772460938]",phone_consecutive_frames
58.22423333333334,person_088,Head Turning,orange,0.8,research_rules,Head turned RIGHT (32.8° detected instantly),"[0.2356719970703125, 274.5300598144531, 222.68585205078125, 710.638671875]",instant_head_turn
58.22423333333334,person_222,Head Turning,orange,0.8,research_rules,Head turned RIGHT (33.6° detected instantly),"[1141.569091796875, 213.462158203125, 1279.494384765625, 707.6255493164062]",instant_head_turn
58.22423333333334,person_286,Phone Usage,red,0.95,research_rules,Phone detected for 13 consecutive frames (1.3s),"[183.3470458984375, 196.6259765625, 608.3259887695312, 697.4844360351562]",phone_consecutive_frames
58.22423333333334,person_275,Phone Usage,red,0.95,research_rules,Phone detected for 12 consecutive frames (1.2s),"[576.51220703125, 224.95082092285156, 1092.6318359375, 713.747314453125]",phone_consecutive_frames
58.319900000000004,person_275,Phone Usage,red,0.95,research_rules,Phone detected for 13 consecutive frames (1.3s),"[573.3677978515625, 226.22032165527344, 937.6473388671875, 711.7369384765625]",phone_consecutive_frames
58.319900000000004,person_286,Phone Usage,red,0.95,research_rules,Phone detected for 14 consecutive frames (1.4s),"[185.18524169921875, 196.4942626953125, 604.513916015625, 691.88720703125]",phone_consecutive_frames
58.319900000000004,person_293,Head Turning,orange,0.8,research_rules,Head turned RIGHT (33.0° detected instantly),"[757.0609130859375, 243.61041259765625, 867.0025634765625, 372.54486083984375]",instant_head_turn
58.416000000000004,person_275,Phone Usage,red,0.95,research_rules,Phone detected for 14 consecutive frames (1.4s),"[572.1651611328125, 230.74346923828125, 911.3028564453125, 714.7554931640625]",phone_consecutive_frames
58.416000000000004,person_286,Phone Usage,red,0.95,research_rules,Phone detected for 15 consecutive frames (1.5s),"[183.8080596923828, 196.8878173828125, 589.1978149414062, 692.8231201171875]",phone_consecutive_frames
58.51326666666667,person_275,Phone Usage,red,0.95,research_rules,Phone detected for 15 consecutive frames (1.5s),"[572.5518798828125, 233.0648193359375, 894.3084716796875, 713.4669189453125]",phone_consecutive_frames
58.51326666666667,person_286,Phone Usage,red,0.95,research_rules,Phone detected for 16 consecutive frames (1.6s),"[182.91893005371094, 197.20098876953125, 592.1270751953125, 693.0160522460938]",phone_consecutive_frames
58.62393333333333,person_275,Phone Usage,red,0.95,research_rules,Phone detected for 16 consecutive frames (1.6s),"[573.3179931640625, 234.4990234375, 869.5482177734375, 713.376220703125]",phone_consecutive_frames
58.62393333333333,person_286,Phone Usage,red,0.95,research_rules,Phone detected for 17 consecutive frames (1.7s),"[186.78485107421875, 197.38743591308594, 712.784423828125, 707.0775146484375]",phone_consecutive_frames
58.72013333333334,person_275,Phone Usage,red,0.95,research_rules,Phone detected for 17 consecutive frames (1.7s),"[573.576904296875, 234.14996337890625, 869.673828125, 713.0781860351562]",phone_consecutive_frames
58.72013333333334,person_286,Phone Usage,red,0.95,research_rules,Phone detected for 18 consecutive frames (1.8s),"[185.2388916015625, 197.07080078125, 600.8438720703125, 697.5452880859375]",phone_consecutive_frames
58.816433333333336,person_275,Phone Usage,red,0.95,research_rules,Phone detected for 18 consecutive frames (1.8s),"[577.1146850585938, 229.5795440673828, 868.2799682617188, 713.2072143554688]",phone_consecutive_frames
58.816433333333336,person_286,Phone Usage,red,0.95,research_rules,Phone detected for 19 consecutive frames (1.9s),"[184.8465576171875, 197.12384033203125, 607.8076782226562, 696.72265625]",phone_consecutive_frames
58.92796666666667,person_222,Head Turning,orange,0.8,research_rules,Head turned RIGHT (31.9° detected instantly),"[1141.453125, 214.42205810546875, 1279.56201171875, 707.1929321289062]",instant_head_turn
58.92796666666667,person_088,Head Turning,orange,0.8,research_rules,Head turned RIGHT (31.0° detected instantly),"[0.1157989501953125, 288.40283203125, 216.56826782226562, 711.8436279296875]",instant_head_turn
58.92796666666667,person_275,Phone Usage,red,0.95,research_rules,Phone detected for 19 consecutive frames (1.9s),"[591.4595947265625, 227.90538024902344, 869.7183837890625, 713.679931640625]",phone_consecutive_frames
58.92796666666667,person_286,Phone Usage,red,0.95,research_rules,Phone detected for 20 consecutive frames (2.0s),"[185.79144287109375, 196.8834228515625, 701.9325561523438, 704.8797607421875]",phone_consecutive_frames
58.92796666666667,person_290,Head Turning,orange,0.8,research_rules,Head turned RIGHT (31.5° detected instantly),"[130.68731689453125, 290.36724853515625, 261.0181884765625, 453.967041015625]",instant_head_turn
59.02406666666667,person_275,Phone Usage,red,0.95,research_rules,Phone detected for 20 consecutive frames (2.0s),"[614.6739501953125, 226.6885223388672, 870.2908935546875, 714.0440063476562]",phone_consecutive_frames
59.02406666666667,person_286,Phone Usage,red,0.95,research_rules,Phone detected for 21 consecutive frames (2.1s),"[186.07183837890625, 196.426025390625, 598.60791015625, 701.0841064453125]",phone_consecutive_frames
59.12043333333334,person_275,Phone Usage,red,0.95,research_rules,Phone detected for 21 consecutive frames (2.1s),"[617.5728759765625, 226.7509765625, 872.6771240234375, 714.2596435546875]",phone_consecutive_frames
59.12043333333334,person_286,Phone Usage,red,0.95,research_rules,Phone detected for 22 consecutive frames (2.2s),"[186.02130126953125, 197.702880859375, 610.4822998046875, 701.8427734375]",phone_consecutive_frames
59.216300000000004,person_275,Phone Usage,red,0.95,research_rules,Phone detected for 22 consecutive frames (2.2s),"[621.262451171875, 223.4633026123047, 871.796142578125, 713.5474243164062]",phone_consecutive_frames
59.216300000000004,person_183,Head Turning,orange,0.8,research_rules,Head turned RIGHT (30.9° detected instantly),"[851.3505859375, 263.7872314453125, 1100.51513671875, 712.9849853515625]",instant_head_turn
59.216300000000004,person_286,Phone Usage,red,0.95,research_rules,Phone detected for 23 consecutive frames (2.3s),"[186.2642822265625, 195.8851318359375, 710.6214599609375, 706.827392578125]",phone_consecutive_frames
59.3278,person_275,Phone Usage,red,0.95,research_rules,Phone detected for 23 consecutive frames (2.3s),"[619.819580078125, 220.505615234375, 874.294921875, 714.3240966796875]",phone_consecutive_frames
59.3278,person_296,Head Turning,orange,0.8,research_rules,Head turned RIGHT (31.2° detected instantly),"[609.857666015625, 264.50799560546875, 710.576416015625, 426.53961181640625]",instant_head_turn
59.3278,person_286,Phone Usage,red,0.95,research_rules,Phone detected for 24 consecutive frames (2.4s),"[187.24951171875, 197.35459899902344, 715.225830078125, 706.27685546875]",phone_consecutive_frames
59.42446666666667,person_275,Phone Usage,red,0.95,research_rules,Phone detected for 24 consecutive frames (2.4s),"[619.1058349609375, 216.8893585205078, 880.0198974609375, 714.0276489257812]",phone_consecutive_frames
59.42446666666667,person_286,Phone Usage,red,0.95,research_rules,Phone detected for 25 consecutive frames (2.5s),"[186.5101318359375, 196.4093017578125, 593.7747192382812, 701.9627075195312]",phone_consecutive_frames
59.51996666666667,person_275,Phone Usage,red,0.95,research_rules,Phone detected for 25 consecutive frames (2.5s),"[620.4951171875, 216.1463623046875, 885.313232421875, 713.5054931640625]",phone_consecutive_frames
59.51996666666667,person_286,Phone Usage,red,0.95,research_rules,Phone detected for 26 consecutive frames (2.6s),"[186.32525634765625, 197.12469482421875, 595.59814453125, 701.9666748046875]",phone_consecutive_frames
59.61666666666667,person_275,Phone Usage,red,0.95,research_rules,Phone detected for 26 consecutive frames (2.6s),"[615.67236328125, 212.940185546875, 891.9744873046875, 713.7412109375]",phone_consecutive_frames
59.61666666666667,person_286,Phone Usage,red,0.95,research_rules,Phone detected for 27 consecutive frames (2.7s),"[184.79547119140625, 196.31396484375, 608.98876953125, 697.3931884765625]",phone_consecutive_frames
59.61666666666667,person_290,Head Turning,orange,0.8,research_rules,Head turned RIGHT (32.8° detected instantly),"[127.10546875, 282.1089172363281, 263.0675048828125, 450.9380798339844]",instant_head_turn
59.7278,person_275,Phone Usage,red,0.95,research_rules,Phone detected for 27 consecutive frames (2.7s),"[613.3555908203125, 213.9933624267578, 898.0513916015625, 713.9971313476562]",phone_consecutive_frames
59.7278,person_183,Head Turning,orange,0.8,research_rules,Head turned RIGHT (34.6° detected instantly),"[861.725341796875, 262.899169921875, 1097.1971435546875, 710.20849609375]",instant_head_turn
59.7278,person_286,Phone Usage,red,0.95,research_rules,Phone detected for 28 consecutive frames (2.8s),"[186.353759765625, 197.12928771972656, 599.7582397460938, 700.796630859375]",phone_consecutive_frames
59.824133333333336,person_275,Phone Usage,red,0.95,research_rules,Phone detected for 28 consecutive frames (2.8s),"[593.1431274414062, 213.69261169433594, 906.9773559570312, 712.7137451171875]",phone_consecutive_frames
59.824133333333336,person_286,Phone Usage,red,0.95,research_rules,Phone detected for 29 consecutive frames (2.9s),"[187.60137939453125, 195.6890106201172, 595.0004272460938, 700.7785034179688]",phone_consecutive_frames
59.920633333333335,person_275,Phone Usage,red,0.95,research_rules,Phone detected for 29 consecutive frames (2.9s),"[594.9155883789062, 214.61248779296875, 916.8760375976562, 713.0693359375]",phone_consecutive_frames
59.920633333333335,person_222,Head Turning,orange,0.8,research_rules,Head turned RIGHT (33.4° detected instantly),"[1139.906494140625, 218.0859375, 1279.460205078125, 707.4129028320312]",instant_head_turn
59.920633333333335,person_296,Head Turning,orange,0.8,research_rules,Head turned RIGHT (30.9° detected instantly),"[610.5223388671875, 263.9121398925781, 723.3319091796875, 423.8434753417969]",instant_head_turn
59.920633333333335,person_286,Phone Usage,red,0.95,research_rules,Phone detected for 30 consecutive frames (3.0s),"[186.25299072265625, 196.6594696044922, 593.934326171875, 701.0514526367188]",phone_consecutive_frames
60.03183333333334,person_275,Phone Usage,red,0.95,research_rules,Phone detected for 30 consecutive frames (3.0s),"[595.5132446289062, 215.90228271484375, 916.7717895507812, 712.902587890625]",phone_consecutive_frames
60.03183333333334,person_286,Phone Usage,red,0.95,research_rules,Phone detected for 31 consecutive frames (3.1s),"[186.24485778808594, 196.35301208496094, 590.6748046875, 695.95703125]",phone_consecutive_frames
60.12793333333334,person_275,Phone Usage,red,0.95,research_rules,Phone detected for 31 consecutive frames (3.1s),"[598.1893310546875, 218.99378967285156, 912.1732177734375, 713.7158203125]",phone_consecutive_frames
60.12793333333334,person_286,Phone Usage,red,0.95,research_rules,Phone detected for 32 consecutive frames (3.2s),"[186.73419189453125, 196.53663635253906, 594.3768920898438, 699.9476318359375]",phone_consecutive_frames
60.2239,person_275,Phone Usage,red,0.95,research_rules,Phone detected for 32 consecutive frames (3.2s),"[604.8671875, 219.731689453125, 900.670166015625, 713.194580078125]",phone_consecutive_frames
60.2239,person_286,Phone Usage,red,0.95,research_rules,Phone detected for 33 consecutive frames (3.3s),"[188.097412109375, 196.44036865234375, 592.7023315429688, 700.0243530273438]",phone_consecutive_frames
60.2239,person_290,Head Turning,orange,0.8,research_rules,Head turned RIGHT (32.9° detected instantly),"[128.24075317382812, 280.2022705078125, 262.172119140625, 447.934814453125]",instant_head_turn
60.320600000000006,person_275,Phone Usage,red,0.95,research_rules,Phone detected for 33 consecutive frames (3.3s),"[609.735595703125, 222.09715270996094, 892.70556640625, 713.4080810546875]",phone_consecutive_frames
60.320600000000006,person_286,Phone Usage,red,0.95,research_rules,Phone detected for 34 consecutive frames (3.4s),"[188.16490173339844, 196.64637756347656, 591.8338623046875, 700.93701171875]",phone_consecutive_frames
60.43186666666667,person_222,Head Turning,orange,0.8,research_rules,Head turned RIGHT (32.5° detected instantly),"[1139.77001953125, 217.4300537109375, 1279.61474609375, 707.947509765625]",instant_head_turn
60.43186666666667,person_275,Phone Usage,red,0.95,research_rules,Phone detected for 34 consecutive frames (3.4s),"[609.600341796875, 221.62115478515625, 887.4161376953125, 712.9360961914062]",phone_consecutive_frames
60.43186666666667,person_286,Phone Usage,red,0.95,research_rules,Phone detected for 35 consecutive frames (3.5s),"[189.0875244140625, 196.36512756347656, 594.770263671875, 701.5096435546875]",phone_consecutive_frames
60.52826666666667,person_275,Phone Usage,red,0.95,research_rules,Phone detected for 35 consecutive frames (3.5s),"[623.004150390625, 223.90374755859375, 881.811279296875, 713.4964599609375]",phone_consecutive_frames
60.52826666666667,person_286,Phone Usage,red,0.95,research_rules,Phone detected for 36 consecutive frames (3.6s),"[189.6431884765625, 196.5151824951172, 711.5335693359375, 705.9631958007812]",phone_consecutive_frames
60.62416666666667,person_275,Phone Usage,red,0.95,research_rules,Phone detected for 36 consecutive frames (3.6s),"[619.0919189453125, 225.32594299316406, 880.8299560546875, 712.6060791015625]",phone_consecutive_frames
60.62416666666667,person_286,Phone Usage,red,0.95,research_rules,Phone detected for 37 consecutive frames (3.7s),"[186.79046630859375, 196.53050231933594, 594.7685546875, 695.4346923828125]",phone_consecutive_frames
60.720600000000005,person_275,Phone Usage,red,0.95,research_rules,Phone detected for 37 consecutive frames (3.7s),"[616.383056640625, 226.55787658691406, 872.0986328125, 712.3741455078125]",phone_consecutive_frames
60.720600000000005,person_286,Phone Usage,red,0.95,research_rules,Phone detected for 38 consecutive frames (3.8s),"[188.32415771484375, 196.5083770751953, 713.1714477539062, 706.5939331054688]",phone_consecutive_frames
60.720600000000005,person_296,Head Turning,orange,0.8,research_rules,Head turned RIGHT (34.0° detected instantly),"[611.28857421875, 270.2454833984375, 720.925537109375, 427.6815185546875]",instant_head_turn
60.831966666666666,person_275,Phone Usage,red,0.95,research_rules,Phone detected for 38 consecutive frames (3.8s),"[615.083251953125, 227.0386962890625, 869.10693359375, 712.779052734375]",phone_consecutive_frames
60.831966666666666,person_286,Phone Usage,red,0.95,research_rules,Phone detected for 39 consecutive frames (3.9s),"[186.63414001464844, 196.7933349609375, 593.249755859375, 696.80078125]",phone_consecutive_frames
60.831966666666666,person_286,Head Turning,orange,0.8,research_rules,Head turned RIGHT (30.5° detected instantly),"[186.63414001464844, 196.7933349609375, 593.249755859375, 696.80078125]",instant_head_turn
60.831966666666666,person_290,Head Turning,orange,0.8,research_rules,Head turned RIGHT (32.6° detected instantly),"[126.59349822998047, 280.73785400390625, 261.8115234375, 451.88079833984375]",instant_head_turn
60.928333333333335,person_275,Phone Usage,red,0.95,research_rules,Phone detected for 39 consecutive frames (3.9s),"[612.8314208984375, 227.85003662109375, 868.0968017578125, 713.3353271484375]",phone_consecutive_frames
60.928333333333335,person_286,Phone Usage,red,0.95,research_rules,Phone detected for 40 consecutive frames (4.0s),"[186.6697998046875, 197.07814025878906, 599.1407470703125, 697.9613037109375]",phone_consecutive_frames
61.024233333333335,person_275,Phone Usage,red,0.95,research_rules,Phone detected for 40 consecutive frames (4.0s),"[612.96484375, 228.49021911621094, 866.68701171875, 714.48193359375]",phone_consecutive_frames
61.024233333333335,person_286,Phone Usage,red,0.95,research_rules,Phone detected for 40 consecutive frames (4.0s),"[186.62709045410156, 196.8082275390625, 598.2236328125, 697.9889526367188]",phone_consecutive_frames
61.136,person_222,Head Turning,orange,0.8,research_rules,Head turned RIGHT (31.0° detected instantly),"[1138.86767578125, 218.2655029296875, 1279.6572265625, 708.103515625]",instant_head_turn
61.136,person_275,Phone Usage,red,0.95,research_rules,Phone detected for 40 consecutive frames (4.0s),"[610.1885986328125, 228.611572265625, 866.525390625, 714.1820068359375]",phone_consecutive_frames
61.136,person_286,Phone Usage,red,0.95,research_rules,Phone detected for 40 consecutive frames (4.0s),"[186.67494201660156, 196.424560546875, 593.3638916015625, 696.2223510742188]",phone_consecutive_frames
61.23186666666667,person_275,Phone Usage,red,0.95,research_rules,Phone detected for 40 consecutive frames (4.0s),"[608.4674072265625, 228.61036682128906, 867.0064697265625, 713.709716796875]",phone_consecutive_frames
61.23186666666667,person_286,Phone Usage,red,0.95,research_rules,Phone detected for 40 consecutive frames (4.0s),"[186.90699768066406, 196.7208251953125, 598.0313720703125, 698.7891235351562]",phone_consecutive_frames
61.23186666666667,person_298,Head Turning,orange,0.8,research_rules,Head turned RIGHT (31.0° detected instantly),"[548.96826171875, 249.9361572265625, 650.16357421875, 469.59136962890625]",instant_head_turn
61.3279,person_275,Phone Usage,red,0.95,research_rules,Phone detected for 40 consecutive frames (4.0s),"[604.123291015625, 228.52284240722656, 867.912841796875, 713.8890380859375]",phone_consecutive_frames
61.3279,person_286,Phone Usage,red,0.95,research_rules,Phone detected for 40 consecutive frames (4.0s),"[185.9814453125, 196.3634033203125, 590.8375244140625, 697.51513671875]",phone_consecutive_frames
61.424600000000005,person_275,Phone Usage,red,0.95,research_rules,Phone detected for 40 consecutive frames (4.0s),"[602.9097290039062, 228.94178771972656, 867.8301391601562, 714.610107421875]",phone_consecutive_frames
61.424600000000005,person_286,Phone Usage,red,0.95,research_rules,Phone detected for 40 consecutive frames (4.0s),"[189.239990234375, 197.5104217529297, 596.460693359375, 704.3926391601562]",phone_consecutive_frames
61.424600000000005,person_290,Head Turning,orange,0.8,research_rules,Head turned RIGHT (34.3° detected instantly),"[127.80368041992188, 281.059814453125, 261.8073425292969, 456.87847900390625]",instant_head_turn
61.536100000000005,person_275,Phone Usage,red,0.95,research_rules,Phone detected for 40 consecutive frames (4.0s),"[599.86083984375, 228.267578125, 869.61572265625, 713.4478759765625]",phone_consecutive_frames
61.536100000000005,person_286,Phone Usage,red,0.95,research_rules,Phone detected for 40 consecutive frames (4.0s),"[189.87591552734375, 196.78375244140625, 716.4783325195312, 708.3186645507812]",phone_consecutive_frames
61.631933333333336,person_275,Phone Usage,red,0.95,research_rules,Phone detected for 40 consecutive frames (4.0s),"[601.1575927734375, 228.6856689453125, 880.0751953125, 714.0140991210938]",phone_consecutive_frames
61.631933333333336,person_286,Phone Usage,red,0.95,research_rules,Phone detected for 40 consecutive frames (4.0s),"[189.76043701171875, 197.89256286621094, 618.021240234375, 706.0408935546875]",phone_consecutive_frames
61.7286,person_275,Phone Usage,red,0.95,research_rules,Phone detected for 40 consecutive frames (4.0s),"[600.8763427734375, 226.9029083251953, 882.9075927734375, 714.5877075195312]",phone_consecutive_frames
61.7286,person_222,Head Turning,orange,0.8,research_rules,Head turned RIGHT (33.0° detected instantly),"[1139.4296875, 219.917724609375, 1279.587158203125, 707.0125122070312]",instant_head_turn
61.7286,person_286,Phone Usage,red,0.95,research_rules,Phone detected for 40 consecutive frames (4.0s),"[188.45301818847656, 197.27232360839844, 643.9774169921875, 705.312744140625]",phone_consecutive_frames
61.82463333333334,person_275,Phone Usage,red,0.95,research_rules,Phone detected for 40 consecutive frames (4.0s),"[601.1400756835938, 227.11378479003906, 877.7954711914062, 714.544189453125]",phone_consecutive_frames
61.82463333333334,person_286,Phone Usage,red,0.95,research_rules,Phone detected for 40 consecutive frames (4.0s),"[189.28875732421875, 197.5959014892578, 694.5052490234375, 707.5734252929688]",phone_consecutive_frames
61.82463333333334,person_298,Head Turning,orange,0.8,research_rules,Head turned RIGHT (34.7° detected instantly),"[550.833251953125, 250.990478515625, 662.9251708984375, 472.8428955078125]",instant_head_turn
61.936033333333334,person_275,Phone Usage,red,0.95,research_rules,Phone detected for 40 consecutive frames (4.0s),"[602.5687255859375, 226.81756591796875, 874.1917724609375, 715.1263427734375]",phone_consecutive_frames
61.936033333333334,person_286,Phone Usage,red,0.95,research_rules,Phone detected for 40 consecutive frames (4.0s),"[186.9818572998047, 196.9359130859375, 593.9151000976562, 701.815185546875]",phone_consecutive_frames
62.032,person_275,Phone Usage,red,0.95,research_rules,Phone detected for 40 consecutive frames (4.0s),"[601.44775390625, 227.38612365722656, 872.045654296875, 714.7374267578125]",phone_consecutive_frames
62.032,person_286,Phone Usage,red,0.95,research_rules,Phone detected for 40 consecutive frames (4.0s),"[189.3240966796875, 197.77972412109375, 679.231689453125, 706.4074096679688]",phone_consecutive_frames
62.032,person_296,Head Turning,orange,0.8,research_rules,Head turned RIGHT (35.2° detected instantly),"[615.3369750976562, 266.8428955078125, 715.4320678710938, 427.60009765625]",instant_head_turn
62.128800000000005,person_275,Phone Usage,red,0.95,research_rules,Phone detected for 40 consecutive frames (4.0s),"[599.1132202148438, 226.85008239746094, 869.4939575195312, 714.042724609375]",phone_consecutive_frames
62.128800000000005,person_286,Phone Usage,red,0.95,research_rules,Phone detected for 40 consecutive frames (4.0s),"[190.2258758544922, 197.61529541015625, 593.7575073242188, 703.365478515625]",phone_consecutive_frames
62.239900000000006,person_275,Phone Usage,red,0.95,research_rules,Phone detected for 40 consecutive frames (4.0s),"[599.2353515625, 227.86383056640625, 868.885986328125, 714.3045043945312]",phone_consecutive_frames
62.239900000000006,person_286,Phone Usage,red,0.95,research_rules,Phone detected for 40 consecutive frames (4.0s),"[190.52880859375, 197.95262145996094, 604.823974609375, 704.7093505859375]",phone_consecutive_frames
62.33606666666667,person_275,Phone Usage,red,0.95,research_rules,Phone detected for 40 consecutive frames (4.0s),"[597.94873046875, 227.13780212402344, 869.02734375, 714.2449951171875]",phone_consecutive_frames
62.33606666666667,person_286,Phone Usage,red,0.95,research_rules,Phone detected for 40 consecutive frames (4.0s),"[190.72479248046875, 197.45599365234375, 625.5675659179688, 704.26220703125]",phone_consecutive_frames
62.33606666666667,person_298,Head Turning,orange,0.8,research_rules,Head turned RIGHT (34.5° detected instantly),"[552.5888671875, 250.78692626953125, 659.704345703125, 465.4322509765625]",instant_head_turn
62.43246666666667,person_275,Phone Usage,red,0.95,research_rules,Phone detected for 40 consecutive frames (4.0s),"[595.0841064453125, 227.7857208251953, 871.4984130859375, 713.7488403320312]",phone_consecutive_frames
62.43246666666667,person_286,Phone Usage,red,0.95,research_rules,Phone detected for 40 consecutive frames (4.0s),"[188.43408203125, 197.63665771484375, 590.3336181640625, 701.341796875]",phone_consecutive_frames
62.52823333333334,person_275,Phone Usage,red,0.95,research_rules,Phone detected for 40 consecutive frames (4.0s),"[594.7716064453125, 226.82810974121094, 879.878662109375, 713.8289794921875]",phone_consecutive_frames
62.52823333333334,person_286,Phone Usage,red,0.95,research_rules,Phone detected for 40 consecutive frames (4.0s),"[188.57012939453125, 196.77989196777344, 591.55126953125, 701.13525390625]",phone_consecutive_frames
62.63986666666667,person_275,Phone Usage,red,0.95,research_rules,Phone detected for 40 consecutive frames (4.0s),"[594.2540283203125, 226.19129943847656, 883.9378662109375, 713.794189453125]",phone_consecutive_frames
62.63986666666667,person_286,Phone Usage,red,0.95,research_rules,Phone detected for 40 consecutive frames (4.0s),"[190.72796630859375, 197.36473083496094, 716.7709350585938, 708.259765625]",phone_consecutive_frames
62.73643333333334,person_275,Phone Usage,red,0.95,research_rules,Phone detected for 40 consecutive frames (4.0s),"[631.6887817382812, 223.43321228027344, 881.6727905273438, 714.9700927734375]",phone_consecutive_frames
62.73643333333334,person_286,Phone Usage,red,0.95,research_rules,Phone detected for 40 consecutive frames (4.0s),"[191.15464782714844, 197.3902587890625, 602.2393798828125, 703.681396484375]",phone_consecutive_frames
62.832633333333334,person_286,Phone Usage,red,0.95,research_rules,Phone detected for 40 consecutive frames (4.0s),"[188.65570068359375, 197.58038330078125, 593.3772583007812, 701.3802490234375]",phone_consecutive_frames
62.832633333333334,person_275,Phone Usage,red,0.95,research_rules,Phone detected for 40 consecutive frames (4.0s),"[624.1031494140625, 220.87754821777344, 878.0494384765625, 714.123779296875]",phone_consecutive_frames
62.92813333333333,person_275,Phone Usage,red,0.95,research_rules,Phone detected for 40 consecutive frames (4.0s),"[634.986083984375, 218.42083740234375, 876.259765625, 714.1718139648438]",phone_consecutive_frames
62.92813333333333,person_286,Phone Usage,red,0.95,research_rules,Phone detected for 40 consecutive frames (4.0s),"[191.53538513183594, 197.52491760253906, 640.737060546875, 705.31298828125]",phone_consecutive_frames
62.92813333333333,person_290,Head Turning,orange,0.8,research_rules,Head turned RIGHT (34.3° detected instantly),"[126.10205078125, 281.16455078125, 262.96746826171875, 462.806396484375]",instant_head_turn
62.92813333333333,person_302,Head Turning,orange,0.8,research_rules,Head turned RIGHT (34.3° detected instantly),"[253.31399536132812, 307.1180419921875, 296.3055114746094, 382.9649658203125]",instant_head_turn
63.03986666666667,person_275,Phone Usage,red,0.95,research_rules,Phone detected for 40 consecutive frames (4.0s),"[629.5465087890625, 220.09210205078125, 877.1837158203125, 713.8939208984375]",phone_consecutive_frames
63.03986666666667,person_286,Phone Usage,red,0.95,research_rules,Phone detected for 40 consecutive frames (4.0s),"[191.4126434326172, 197.48374938964844, 615.7942504882812, 704.82861328125]",phone_consecutive_frames
63.03986666666667,person_296,Head Turning,orange,0.8,research_rules,Head turned RIGHT (31.8° detected instantly),"[615.54833984375, 265.6834411621094, 712.30224609375, 426.9908752441406]",instant_head_turn
63.13623333333334,person_275,Phone Usage,red,0.95,research_rules,Phone detected for 40 consecutive frames (4.0s),"[637.6681518554688, 217.8818359375, 876.0143432617188, 714.089599609375]",phone_consecutive_frames
63.13623333333334,person_275,Head Turning,orange,0.8,research_rules,Head turned RIGHT (34.9° detected instantly),"[637.6681518554688, 217.8818359375, 876.0143432617188, 714.089599609375]",instant_head_turn
63.13623333333334,person_286,Phone Usage,red,0.95,research_rules,Phone detected for 40 consecutive frames (4.0s),"[192.26487731933594, 197.49151611328125, 649.7904052734375, 705.12255859375]",phone_consecutive_frames
63.23206666666667,person_275,Phone Usage,red,0.95,research_rules,Phone detected for 40 consecutive frames (4.0s),"[628.9632568359375, 218.1202850341797, 878.1339111328125, 713.8954467773438]",phone_consecutive_frames
63.23206666666667,person_286,Phone Usage,red,0.95,research_rules,Phone detected for 40 consecutive frames (4.0s),"[190.685546875, 197.1890869140625, 708.157470703125, 708.2857666015625]",phone_consecutive_frames
63.34393333333334,person_286,Phone Usage,red,0.95,research_rules,Phone detected for 40 consecutive frames (4.0s),"[191.4022216796875, 196.9558868408203, 672.4412841796875, 708.3289184570312]",phone_consecutive_frames
63.34393333333334,person_275,Phone Usage,red,0.95,research_rules,Phone detected for 40 consecutive frames (4.0s),"[624.7818603515625, 216.23728942871094, 877.140869140625, 714.3826904296875]",phone_consecutive_frames
63.440333333333335,person_222,Head Turning,orange,0.8,research_rules,Head turned RIGHT (35.2° detected instantly),"[1137.3077392578125, 232.1192626953125, 1279.5980224609375, 707.761474609375]",instant_head_turn
63.440333333333335,person_286,Phone Usage,red,0.95,research_rules,Phone detected for 40 consecutive frames (4.0s),"[189.92022705078125, 196.98193359375, 718.9640502929688, 710.7493896484375]",phone_consecutive_frames
63.440333333333335,person_275,Phone Usage,red,0.95,research_rules,Phone detected for 40 consecutive frames (4.0s),"[644.9791870117188, 213.37164306640625, 878.8198852539062, 713.486083984375]",phone_consecutive_frames
63.440333333333335,person_290,Head Turning,orange,0.8,research_rules,Head turned RIGHT (34.2° detected instantly),"[132.43490600585938, 281.36865234375, 262.6235046386719, 463.1431884765625]",instant_head_turn
63.440333333333335,person_302,Head Turning,orange,0.8,research_rules,Head turned RIGHT (34.2° detected instantly),"[254.15359497070312, 307.1202392578125, 299.1999816894531, 383.1688232421875]",instant_head_turn
63.536233333333335,person_286,Phone Usage,red,0.95,research_rules,Phone detected for 40 consecutive frames (4.0s),"[189.806396484375, 196.9996337890625, 716.4033203125, 708.452880859375]",phone_consecutive_frames
63.536233333333335,person_275,Phone Usage,red,0.95,research_rules,Phone detected for 40 consecutive frames (4.0s),"[640.489013671875, 213.97503662109375, 880.3017578125, 713.92236328125]",phone_consecutive_frames
63.536233333333335,person_298,Head Turning,orange,0.8,research_rules,Head turned RIGHT (31.5° detected instantly),"[553.401611328125, 253.2919921875, 658.71533203125, 466.48779296875]",instant_head_turn
63.632000000000005,person_275,Phone Usage,red,0.95,research_rules,Phone detected for 40 consecutive frames (4.0s),"[627.93359375, 213.582763671875, 884.73974609375, 713.974853515625]",phone_consecutive_frames
63.632000000000005,person_286,Phone Usage,red,0.95,research_rules,Phone detected for 40 consecutive frames (4.0s),"[188.02606201171875, 197.34912109375, 598.805908203125, 702.6121215820312]",phone_consecutive_frames
63.7441,person_275,Phone Usage,red,0.95,research_rules,Phone detected for 40 consecutive frames (4.0s),"[638.8990478515625, 214.35658264160156, 886.6212158203125, 714.0140380859375]",phone_consecutive_frames
63.7441,person_286,Phone Usage,red,0.95,research_rules,Phone detected for 40 consecutive frames (4.0s),"[190.34771728515625, 197.610595703125, 597.6237182617188, 708.1505126953125]",phone_consecutive_frames
63.840300000000006,person_275,Phone Usage,red,0.95,research_rules,Phone detected for 40 consecutive frames (4.0s),"[619.6146240234375, 217.28285217285156, 879.3946533203125, 714.5279541015625]",phone_consecutive_frames
63.840300000000006,person_286,Phone Usage,red,0.95,research_rules,Phone detected for 40 consecutive frames (4.0s),"[190.58575439453125, 197.24012756347656, 607.7722778320312, 705.5985107421875]",phone_consecutive_frames
63.93606666666667,person_286,Phone Usage,red,0.95,research_rules,Phone detected for 40 consecutive frames (4.0s),"[190.4445343017578, 197.10130310058594, 594.6320190429688, 705.0540771484375]",phone_consecutive_frames
63.93606666666667,person_275,Phone Usage,red,0.95,research_rules,Phone detected for 40 consecutive frames (4.0s),"[612.917236328125, 220.66334533691406, 866.141845703125, 713.5836181640625]",phone_consecutive_frames
64.03283333333334,person_275,Phone Usage,red,0.95,research_rules,Phone detected for 40 consecutive frames (4.0s),"[601.3411865234375, 220.30967712402344, 860.4757080078125, 713.130126953125]",phone_consecutive_frames
64.03283333333334,person_286,Phone Usage,red,0.95,research_rules,Phone detected for 40 consecutive frames (4.0s),"[189.72508239746094, 196.8019256591797, 596.8497314453125, 705.2385864257812]",phone_consecutive_frames
64.03283333333334,person_290,Head Turning,orange,0.8,research_rules,Head turned RIGHT (34.2° detected instantly),"[145.63482666015625, 280.88690185546875, 264.52960205078125, 470.36920166015625]",instant_head_turn
64.03283333333334,person_302,Head Turning,orange,0.8,research_rules,Head turned RIGHT (34.2° detected instantly),"[254.90756225585938, 306.36273193359375, 302.3832702636719, 379.75299072265625]",instant_head_turn
64.14393333333334,person_286,Phone Usage,red,0.95,research_rules,Phone detected for 40 consecutive frames (4.0s),"[190.31927490234375, 197.22486877441406, 593.8887939453125, 705.2938232421875]",phone_consecutive_frames
64.14393333333334,person_275,Phone Usage,red,0.95,research_rules,Phone detected for 40 consecutive frames (4.0s),"[593.6557006835938, 217.72271728515625, 859.5551147460938, 713.7559204101562]",phone_consecutive_frames
64.23993333333334,person_222,Head Turning,orange,0.8,research_rules,Head turned RIGHT (33.6° detected instantly),"[1138.06201171875, 231.880126953125, 1279.6298828125, 708.193115234375]",instant_head_turn
64.23993333333334,person_275,Phone Usage,red,0.95,research_rules,Phone detected for 40 consecutive frames (4.0s),"[598.0104370117188, 217.80718994140625, 861.0938110351562, 712.2222900390625]",phone_consecutive_frames
64.23993333333334,person_286,Phone Usage,red,0.95,research_rules,Phone detected for 40 consecutive frames (4.0s),"[190.70945739746094, 196.194580078125, 696.4012451171875, 708.5450439453125]",phone_consecutive_frames
64.23993333333334,person_307,Head Turning,orange,0.8,research_rules,Head turned RIGHT (35.1° detected instantly),"[921.396484375, 253.2060546875, 1066.1263427734375, 437.74871826171875]",instant_head_turn
64.33653333333334,person_275,Phone Usage,red,0.95,research_rules,Phone detected for 40 consecutive frames (4.0s),"[604.525390625, 221.23095703125, 858.400634765625, 713.8265991210938]",phone_consecutive_frames
64.33653333333334,person_286,Phone Usage,red,0.95,research_rules,Phone detected for 40 consecutive frames (4.0s),"[190.81207275390625, 197.05931091308594, 595.7694702148438, 705.93115234375]",phone_consecutive_frames
64.4478,person_286,Phone Usage,red,0.95,research_rules,Phone detected for 40 consecutive frames (4.0s),"[190.07569885253906, 196.13787841796875, 594.382080078125, 706.1290283203125]",phone_consecutive_frames
64.4478,person_275,Phone Usage,red,0.95,research_rules,Phone detected for 40 consecutive frames (4.0s),"[605.9488525390625, 223.27732849121094, 867.3753662109375, 715.599365234375]",phone_consecutive_frames
64.54393333333334,person_275,Phone Usage,red,0.95,research_rules,Phone detected for 40 consecutive frames (4.0s),"[601.3055419921875, 225.54962158203125, 875.9671630859375, 714.15380859375]",phone_consecutive_frames
64.54393333333334,person_286,Phone Usage,red,0.95,research_rules,Phone detected for 40 consecutive frames (4.0s),"[191.42198181152344, 197.19207763671875, 648.8477783203125, 708.6057739257812]",phone_consecutive_frames
64.64006666666667,person_088,Head Turning,orange,0.8,research_rules,Head turned RIGHT (33.7° detected instantly),"[0.1916351318359375, 281.0760192871094, 214.49049377441406, 711.6644287109375]",instant_head_turn
64.64006666666667,person_275,Phone Usage,red,0.95,research_rules,Phone detected for 40 consecutive frames (4.0s),"[596.3121337890625, 224.96490478515625, 878.4400634765625, 715.2533569335938]",phone_consecutive_frames
64.64006666666667,person_286,Phone Usage,red,0.95,research_rules,Phone detected for 40 consecutive frames (4.0s),"[190.222412109375, 196.7955322265625, 602.9525146484375, 708.611328125]",phone_consecutive_frames
64.64006666666667,person_290,Head Turning,orange,0.8,research_rules,Head turned RIGHT (30.6° detected instantly),"[131.14376831054688, 281.21502685546875, 264.7931823730469, 474.62042236328125]",instant_head_turn
64.73610000000001,person_286,Phone Usage,red,0.95,research_rules,Phone detected for 40 consecutive frames (4.0s),"[190.61907958984375, 197.05072021484375, 717.7836303710938, 712.8640747070312]",phone_consecutive_frames
64.73610000000001,person_275,Phone Usage,red,0.95,research_rules,Phone detected for 40 consecutive frames (4.0s),"[595.5421142578125, 224.69256591796875, 879.6976318359375, 715.2652587890625]",phone_consecutive_frames
64.8485,person_275,Phone Usage,red,0.95,research_rules,Phone detected for 40 consecutive frames (4.0s),"[592.7064208984375, 224.19627380371094, 880.2882080078125, 715.27685546875]",phone_consecutive_frames
64.8485,person_286,Phone Usage,red,0.95,research_rules,Phone detected for 40 consecutive frames (4.0s),"[190.1435089111328, 195.984375, 604.2979125976562, 708.6505126953125]",phone_consecutive_frames
64.94383333333333,person_222,Head Turning,orange,0.8,research_rules,Head turned RIGHT (30.5° detected instantly),"[1138.401611328125, 233.21319580078125, 1279.624267578125, 707.476318359375]",instant_head_turn
64.94383333333333,person_275,Phone Usage,red,0.95,research_rules,Phone detected for 40 consecutive frames (4.0s),"[606.0527954101562, 225.3848876953125, 879.8765258789062, 715.5692138671875]",phone_consecutive_frames
64.94383333333333,person_286,Phone Usage,red,0.95,research_rules,Phone detected for 40 consecutive frames (4.0s),"[190.3486328125, 196.999267578125, 694.3241577148438, 709.907958984375]",phone_consecutive_frames
65.04073333333334,person_286,Phone Usage,red,0.95,research_rules,Phone detected for 40 consecutive frames (4.0s),"[190.002685546875, 196.1424560546875, 714.8927001953125, 711.6771240234375]",phone_consecutive_frames
65.04073333333334,person_275,Phone Usage,red,0.95,research_rules,Phone detected for 40 consecutive frames (4.0s),"[599.089111328125, 225.35292053222656, 881.086669921875, 714.9307861328125]",phone_consecutive_frames
65.04073333333334,person_298,Head Turning,orange,0.8,research_rules,Head turned RIGHT (35.2° detected instantly),"[553.281494140625, 252.36199951171875, 641.35302734375, 439.86590576171875]",instant_head_turn
65.13646666666666,person_286,Phone Usage,red,0.95,research_rules,Phone detected for 40 consecutive frames (4.0s),"[190.07379150390625, 196.90301513671875, 711.7284545898438, 711.1052856445312]",phone_consecutive_frames
65.13646666666666,person_275,Phone Usage,red,0.95,research_rules,Phone detected for 40 consecutive frames (4.0s),"[616.2646484375, 223.32379150390625, 882.8519287109375, 715.4395141601562]",phone_consecutive_frames
65.2478,person_286,Phone Usage,red,0.95,research_rules,Phone detected for 40 consecutive frames (4.0s),"[189.73028564453125, 194.89788818359375, 715.5509033203125, 712.2256469726562]",phone_consecutive_frames
65.2478,person_275,Phone Usage,red,0.95,research_rules,Phone detected for 40 consecutive frames (4.0s),"[584.4376220703125, 225.89649963378906, 878.626220703125, 713.8394775390625]",phone_consecutive_frames
65.34456666666667,person_275,Phone Usage,red,0.95,research_rules,Phone detected for 40 consecutive frames (4.0s),"[608.5021362304688, 225.51416015625, 879.4031372070312, 714.8807373046875]",phone_consecutive_frames
65.34456666666667,person_286,Phone Usage,red,0.95,research_rules,Phone detected for 40 consecutive frames (4.0s),"[189.92364501953125, 197.10211181640625, 710.6640014648438, 710.2755126953125]",phone_consecutive_frames
65.43996666666666,person_286,Phone Usage,red,0.95,research_rules,Phone detected for 40 consecutive frames (4.0s),"[189.39111328125, 195.873046875, 717.034912109375, 712.268798828125]",phone_consecutive_frames
65.43996666666666,person_275,Phone Usage,red,0.95,research_rules,Phone detected for 40 consecutive frames (4.0s),"[609.4317626953125, 222.337646484375, 881.7320556640625, 714.546142578125]",phone_consecutive_frames
65.552,person_286,Phone Usage,red,0.95,research_rules,Phone detected for 40 consecutive frames (4.0s),"[189.7352294921875, 196.9119873046875, 712.6260986328125, 710.5563354492188]",phone_consecutive_frames
65.552,person_275,Phone Usage,red,0.95,research_rules,Phone detected for 40 consecutive frames (4.0s),"[638.2774658203125, 225.20721435546875, 885.1787109375, 714.6138305664062]",phone_consecutive_frames
65.552,person_298,Head Turning,orange,0.8,research_rules,Head turned RIGHT (34.3° detected instantly),"[553.5134887695312, 250.98150634765625, 643.8596801757812, 444.84429931640625]",instant_head_turn
65.64793333333333,person_286,Phone Usage,red,0.95,research_rules,Phone detected for 40 consecutive frames (4.0s),"[190.60662841796875, 196.98883056640625, 717.4338989257812, 711.1265258789062]",phone_consecutive_frames
65.64793333333333,person_275,Phone Usage,red,0.95,research_rules,Phone detected for 40 consecutive frames (4.0s),"[645.7781982421875, 223.02783203125, 882.3050537109375, 714.627197265625]",phone_consecutive_frames
65.64793333333333,person_290,Head Turning,orange,0.8,research_rules,Head turned RIGHT (32.2° detected instantly),"[129.87997436523438, 280.78424072265625, 264.5624084472656, 467.28277587890625]",instant_head_turn
65.74396666666667,person_286,Phone Usage,red,0.95,research_rules,Phone detected for 40 consecutive frames (4.0s),"[190.08734130859375, 197.294677734375, 711.3152465820312, 711.2423095703125]",phone_consecutive_frames
65.74396666666667,person_275,Phone Usage,red,0.95,research_rules,Phone detected for 40 consecutive frames (4.0s),"[634.9364013671875, 223.9381103515625, 883.1593017578125, 714.719482421875]",phone_consecutive_frames
65.74396666666667,person_275,Head Turning,orange,0.8,research_rules,Head turned RIGHT (30.8° detected instantly),"[634.9364013671875, 223.9381103515625, 883.1593017578125, 714.719482421875]",instant_head_turn
65.8412,person_222,Head Turning,orange,0.8,research_rules,Head turned RIGHT (32.4° detected instantly),"[1136.20556640625, 230.99192810058594, 1279.60107421875, 706.5145263671875]",instant_head_turn
65.8412,person_275,Phone Usage,red,0.95,research_rules,Phone detected for 40 consecutive frames (4.0s),"[598.740966796875, 222.29547119140625, 886.138671875, 714.4313354492188]",phone_consecutive_frames
65.8412,person_286,Phone Usage,red,0.95,research_rules,Phone detected for 40 consecutive frames (4.0s),"[189.1995849609375, 196.98707580566406, 708.157470703125, 708.7957763671875]",phone_consecutive_frames
65.95183333333334,person_275,Phone Usage,red,0.95,research_rules,Phone detected for 40 consecutive frames (4.0s),"[585.4661865234375, 223.75421142578125, 892.1331787109375, 714.045166015625]",phone_consecutive_frames
65.95183333333334,person_286,Phone Usage,red,0.95,research_rules,Phone detected for 40 consecutive frames (4.0s),"[192.56451416015625, 195.98736572265625, 711.5081176757812, 709.1605834960938]",phone_consecutive_frames
66.04783333333333,person_275,Phone Usage,red,0.95,research_rules,Phone detected for 40 consecutive frames (4.0s),"[586.3563232421875, 222.93829345703125, 894.5635986328125, 713.2275390625]",phone_consecutive_frames
66.04783333333333,person_286,Phone Usage,red,0.95,research_rules,Phone detected for 40 consecutive frames (4.0s),"[190.39813232421875, 197.40545654296875, 593.0234375, 692.010009765625]",phone_consecutive_frames
66.04783333333333,person_319,Head Turning,orange,0.8,research_rules,Head turned RIGHT (33.5° detected instantly),"[553.7218017578125, 251.6409912109375, 632.7076416015625, 413.07537841796875]",instant_head_turn
66.1447,person_286,Phone Usage,red,0.95,research_rules,Phone detected for 40 consecutive frames (4.0s),"[187.5782470703125, 198.4952392578125, 593.6992797851562, 667.036376953125]",phone_consecutive_frames
66.1447,person_275,Phone Usage,red,0.95,research_rules,Phone detected for 40 consecutive frames (4.0s),"[588.2913818359375, 228.5094757080078, 892.2802734375, 712.5436401367188]",phone_consecutive_frames
66.2402,person_275,Phone Usage,red,0.95,research_rules,Phone detected for 40 consecutive frames (4.0s),"[578.0872802734375, 229.2369384765625, 889.3009033203125, 713.1837158203125]",phone_consecutive_frames
66.2402,person_286,Phone Usage,red,0.95,research_rules,Phone detected for 40 consecutive frames (4.0s),"[186.8208770751953, 198.3426971435547, 593.4274291992188, 654.3900756835938]",phone_consecutive_frames
66.2402,person_290,Head Turning,orange,0.8,research_rules,Head turned RIGHT (33.5° detected instantly),"[130.34475708007812, 281.1483154296875, 264.16314697265625, 476.7325439453125]",instant_head_turn
66.2402,person_296,Head Turning,orange,0.8,research_rules,Head turned RIGHT (35.2° detected instantly),"[617.1395874023438, 270.3905029296875, 710.0117797851562, 394.087646484375]",instant_head_turn
66.35206666666667,person_275,Phone Usage,red,0.95,research_rules,Phone detected for 40 consecutive frames (4.0s),"[583.228759765625, 227.91912841796875, 886.6192626953125, 713.8890380859375]",phone_consecutive_frames
66.35206666666667,person_286,Phone Usage,red,0.95,research_rules,Phone detected for 40 consecutive frames (4.0s),"[190.8221435546875, 198.0238037109375, 717.64111328125, 710.5640258789062]",phone_consecutive_frames
66.44826666666667,person_275,Phone Usage,red,0.95,research_rules,Phone detected for 40 consecutive frames (4.0s),"[580.705322265625, 229.68414306640625, 891.0213623046875, 713.3683471679688]",phone_consecutive_frames
66.44826666666667,person_293,Head Turning,orange,0.8,research_rules,Head turned RIGHT (30.0° detected instantly),"[795.01513671875, 244.23040771484375, 859.6983642578125, 367.85064697265625]",instant_head_turn
66.54393333333334,person_275,Phone Usage,red,0.95,research_rules,Phone detected for 40 consecutive frames (4.0s),"[578.715087890625, 230.6949462890625, 895.0126953125, 714.1486206054688]",phone_consecutive_frames
66.656,person_275,Phone Usage,red,0.95,research_rules,Phone detected for 40 consecutive frames (4.0s),"[577.0946044921875, 232.0157470703125, 900.6990966796875, 712.8465576171875]",phone_consecutive_frames
66.75193333333334,person_275,Phone Usage,red,0.95,research_rules,Phone detected for 40 consecutive frames (4.0s),"[574.5999755859375, 232.13616943359375, 908.9930419921875, 713.1078491210938]",phone_consecutive_frames
66.84866666666667,person_275,Phone Usage,red,0.95,research_rules,Phone detected for 40 consecutive frames (4.0s),"[578.227294921875, 231.92120361328125, 910.429931640625, 713.2403564453125]",phone_consecutive_frames
66.944,person_275,Phone Usage,red,0.95,research_rules,Phone detected for 40 consecutive frames (4.0s),"[581.3394775390625, 231.79322814941406, 908.5985107421875, 713.431640625]",phone_consecutive_frames
66.944,person_290,Head Turning,orange,0.8,research_rules,Head turned RIGHT (32.2° detected instantly),"[130.7010498046875, 283.4833984375, 264.6796569824219, 463.3585205078125]",instant_head_turn
67.05603333333333,person_275,Phone Usage,red,0.95,research_rules,Phone detected for 40 consecutive frames (4.0s),"[580.5279541015625, 231.9658203125, 903.5819091796875, 713.5244140625]",phone_consecutive_frames
67.05603333333333,person_296,Head Turning,orange,0.8,research_rules,Head turned RIGHT (33.5° detected instantly),"[614.1466064453125, 263.067138671875, 703.5562744140625, 399.50408935546875]",instant_head_turn
67.15193333333333,person_275,Phone Usage,red,0.95,research_rules,Phone detected for 40 consecutive frames (4.0s),"[579.88134765625, 232.110107421875, 898.5208740234375, 713.3215942382812]",phone_consecutive_frames
67.24793333333334,person_275,Phone Usage,red,0.95,research_rules,Phone detected for 40 consecutive frames (4.0s),"[577.39111328125, 232.7269287109375, 894.4697265625, 712.6715087890625]",phone_consecutive_frames
67.35993333333333,person_275,Phone Usage,red,0.95,research_rules,Phone detected for 40 consecutive frames (4.0s),"[582.0174560546875, 231.18408203125, 891.7158203125, 713.1132202148438]",phone_consecutive_frames
67.35993333333333,person_275,Head Turning,orange,0.8,research_rules,Head turned RIGHT (35.2° detected instantly),"[582.0174560546875, 231.18408203125, 891.7158203125, 713.1132202148438]",instant_head_turn
67.4558,person_275,Phone Usage,red,0.95,research_rules,Phone detected for 40 consecutive frames (4.0s),"[585.1915283203125, 230.24354553222656, 892.8902587890625, 713.160400390625]",phone_consecutive_frames
67.4558,person_286,Phone Usage,red,0.95,research_rules,Phone detected for 10 consecutive frames (1.0s),"[192.9036865234375, 197.58154296875, 716.382080078125, 712.169921875]",phone_consecutive_frames
67.55206666666668,person_275,Phone Usage,red,0.95,research_rules,Phone detected for 40 consecutive frames (4.0s),"[579.3096923828125, 230.4347686767578, 896.199951171875, 713.4772338867188]",phone_consecutive_frames
67.55206666666668,person_286,Phone Usage,red,0.95,research_rules,Phone detected for 11 consecutive frames (1.1s),"[193.8135986328125, 197.47088623046875, 715.7086181640625, 711.7579345703125]",phone_consecutive_frames
67.64803333333333,person_286,Phone Usage,red,0.95,research_rules,Phone detected for 12 consecutive frames (1.2s),"[193.433837890625, 197.72088623046875, 715.9210205078125, 712.9177856445312]",phone_consecutive_frames
67.64803333333333,person_275,Phone Usage,red,0.95,research_rules,Phone detected for 40 consecutive frames (4.0s),"[579.8095703125, 231.12457275390625, 899.716552734375, 712.9581298828125]",phone_consecutive_frames
67.64803333333333,person_183,Head Turning,orange,0.8,research_rules,Head turned RIGHT (31.2° detected instantly),"[825.633544921875, 261.27728271484375, 1158.4736328125, 712.1798706054688]",instant_head_turn
67.64803333333333,person_290,Head Turning,orange,0.8,research_rules,Head turned RIGHT (35.0° detected instantly),"[130.44821166992188, 286.5883483886719, 263.4826965332031, 473.6831970214844]",instant_head_turn
67.7598,person_275,Phone Usage,red,0.95,research_rules,Phone detected for 40 consecutive frames (4.0s),"[578.0816650390625, 231.28114318847656, 898.1827392578125, 712.598876953125]",phone_consecutive_frames
67.7598,person_286,Phone Usage,red,0.95,research_rules,Phone detected for 13 consecutive frames (1.3s),"[193.0076904296875, 197.7464599609375, 716.4671630859375, 711.6549072265625]",phone_consecutive_frames
67.8562,person_275,Phone Usage,red,0.95,research_rules,Phone detected for 40 consecutive frames (4.0s),"[575.438232421875, 232.1641845703125, 895.153564453125, 712.606201171875]",phone_consecutive_frames
67.8562,person_286,Phone Usage,red,0.95,research_rules,Phone detected for 14 consecutive frames (1.4s),"[193.402587890625, 197.89793395996094, 715.26708984375, 709.72412109375]",phone_consecutive_frames
67.952,person_275,Phone Usage,red,0.95,research_rules,Phone detected for 40 consecutive frames (4.0s),"[588.8261108398438, 231.1915283203125, 889.1787719726562, 713.0138549804688]",phone_consecutive_frames
67.952,person_286,Phone Usage,red,0.95,research_rules,Phone detected for 15 consecutive frames (1.5s),"[192.93023681640625, 197.53839111328125, 715.5999755859375, 711.5645751953125]",phone_consecutive_frames
68.04860000000001,person_275,Phone Usage,red,0.95,research_rules,Phone detected for 40 consecutive frames (4.0s),"[586.654541015625, 232.70556640625, 884.327880859375, 713.1958618164062]",phone_consecutive_frames
68.04860000000001,person_286,Phone Usage,red,0.95,research_rules,Phone detected for 16 consecutive frames (1.6s),"[192.591552734375, 197.7832489013672, 714.0277099609375, 706.7572631835938]",phone_consecutive_frames
68.1598,person_286,Phone Usage,red,0.95,research_rules,Phone detected for 17 consecutive frames (1.7s),"[192.9014892578125, 197.32098388671875, 716.9229736328125, 711.7875366210938]",phone_consecutive_frames
68.1598,person_275,Phone Usage,red,0.95,research_rules,Phone detected for 40 consecutive frames (4.0s),"[586.5028076171875, 232.6485595703125, 882.867919921875, 712.48828125]",phone_consecutive_frames
68.1598,person_183,Head Turning,orange,0.8,research_rules,Head turned RIGHT (31.7° detected instantly),"[825.233642578125, 262.88043212890625, 1153.0740966796875, 713.0529174804688]",instant_head_turn
68.1598,person_323,Head Turning,orange,0.8,research_rules,Head turned RIGHT (32.2° detected instantly),"[915.0834350585938, 254.01220703125, 1015.0881958007812, 443.4835205078125]",instant_head_turn
68.2564,person_275,Phone Usage,red,0.95,research_rules,Phone detected for 40 consecutive frames (4.0s),"[579.2249755859375, 233.80908203125, 880.9361572265625, 713.1400756835938]",phone_consecutive_frames
68.2564,person_286,Phone Usage,red,0.95,research_rules,Phone detected for 18 consecutive frames (1.8s),"[192.798583984375, 197.86170959472656, 716.12255859375, 704.5667724609375]",phone_consecutive_frames
68.2564,person_301,Head Turning,orange,0.8,research_rules,Head turned RIGHT (33.6° detected instantly),"[1004.5397338867188, 318.5628662109375, 1155.635498046875, 598.9147338867188]",instant_head_turn
68.3524,person_275,Phone Usage,red,0.95,research_rules,Phone detected for 40 consecutive frames (4.0s),"[575.8826904296875, 232.7254638671875, 878.2589111328125, 713.7252197265625]",phone_consecutive_frames
68.3524,person_296,Head Turning,orange,0.8,research_rules,Head turned RIGHT (33.5° detected instantly),"[613.316162109375, 269.7772216796875, 710.1494140625, 404.3897705078125]",instant_head_turn
68.3524,person_286,Phone Usage,red,0.95,research_rules,Phone detected for 19 consecutive frames (1.9s),"[192.98150634765625, 197.410400390625, 715.439453125, 707.9110717773438]",phone_consecutive_frames
68.46376666666667,person_275,Phone Usage,red,0.95,research_rules,Phone detected for 40 consecutive frames (4.0s),"[575.1220703125, 233.46240234375, 879.073974609375, 713.273193359375]",phone_consecutive_frames
68.46376666666667,person_286,Phone Usage,red,0.95,research_rules,Phone detected for 20 consecutive frames (2.0s),"[193.09075927734375, 197.59080505371094, 717.3843383789062, 709.469970703125]",phone_consecutive_frames
68.46376666666667,person_290,Head Turning,orange,0.8,research_rules,Head turned RIGHT (32.1° detected instantly),"[128.802001953125, 283.61273193359375, 264.9137268066406, 453.46209716796875]",instant_head_turn
68.55980000000001,person_275,Phone Usage,red,0.95,research_rules,Phone detected for 40 consecutive frames (4.0s),"[574.9197998046875, 234.30029296875, 886.3787841796875, 712.2930908203125]",phone_consecutive_frames
68.55980000000001,person_286,Phone Usage,red,0.95,research_rules,Phone detected for 21 consecutive frames (2.1s),"[191.9542694091797, 196.95697021484375, 595.7514038085938, 678.19775390625]",phone_consecutive_frames
68.65603333333334,person_275,Phone Usage,red,0.95,research_rules,Phone detected for 40 consecutive frames (4.0s),"[577.396728515625, 233.7894287109375, 891.8753662109375, 712.669921875]",phone_consecutive_frames
68.65603333333334,person_286,Phone Usage,red,0.95,research_rules,Phone detected for 22 consecutive frames (2.2s),"[191.99554443359375, 197.20361328125, 720.1092529296875, 710.3363037109375]",phone_consecutive_frames
68.75240000000001,person_275,Phone Usage,red,0.95,research_rules,Phone detected for 40 consecutive frames (4.0s),"[584.7279663085938, 235.44775390625, 892.4710083007812, 712.9610595703125]",phone_consecutive_frames
68.75240000000001,person_286,Phone Usage,red,0.95,research_rules,Phone detected for 23 consecutive frames (2.3s),"[192.818359375, 197.54042053222656, 718.2886962890625, 708.1729736328125]",phone_consecutive_frames
68.86386666666667,person_275,Phone Usage,red,0.95,research_rules,Phone detected for 40 consecutive frames (4.0s),"[585.0321655273438, 234.62664794921875, 893.9738159179688, 711.8085327148438]",phone_consecutive_frames
68.86386666666667,person_286,Phone Usage,red,0.95,research_rules,Phone detected for 24 consecutive frames (2.4s),"[191.48785400390625, 196.83245849609375, 595.9364013671875, 679.3253173828125]",phone_consecutive_frames
68.96023333333333,person_275,Phone Usage,red,0.95,research_rules,Phone detected for 40 consecutive frames (4.0s),"[584.010986328125, 233.86431884765625, 898.667724609375, 711.6378784179688]",phone_consecutive_frames
68.96023333333333,person_286,Phone Usage,red,0.95,research_rules,Phone detected for 25 consecutive frames (2.5s),"[193.28192138671875, 197.39581298828125, 719.1919555664062, 708.487548828125]",phone_consecutive_frames
68.96023333333333,person_183,Head Turning,orange,0.8,research_rules,Head turned RIGHT (31.6° detected instantly),"[825.7333984375, 262.6329345703125, 1149.169677734375, 713.374755859375]",instant_head_turn
69.05633333333334,person_275,Phone Usage,red,0.95,research_rules,Phone detected for 40 consecutive frames (4.0s),"[583.6156005859375, 233.2127685546875, 906.213134765625, 712.3352661132812]",phone_consecutive_frames
69.05633333333334,person_286,Phone Usage,red,0.95,research_rules,Phone detected for 26 consecutive frames (2.6s),"[192.03900146484375, 196.66455078125, 596.129638671875, 678.5343017578125]",phone_consecutive_frames
69.05633333333334,person_290,Head Turning,orange,0.8,research_rules,Head turned RIGHT (34.2° detected instantly),"[137.544189453125, 281.94903564453125, 266.0991516113281, 453.47320556640625]",instant_head_turn
69.15273333333333,person_275,Phone Usage,red,0.95,research_rules,Phone detected for 40 consecutive frames (4.0s),"[583.2733154296875, 233.4803466796875, 908.462158203125, 712.66650390625]",phone_consecutive_frames
69.15273333333333,person_286,Phone Usage,red,0.95,research_rules,Phone detected for 27 consecutive frames (2.7s),"[191.67530822753906, 196.80340576171875, 596.46240234375, 676.1073608398438]",phone_consecutive_frames
69.26403333333333,person_275,Phone Usage,red,0.95,research_rules,Phone detected for 40 consecutive frames (4.0s),"[583.0111083984375, 233.1029052734375, 909.7197265625, 712.5792236328125]",phone_consecutive_frames
69.26403333333333,person_286,Phone Usage,red,0.95,research_rules,Phone detected for 28 consecutive frames (2.8s),"[191.840576171875, 197.86415100097656, 721.870849609375, 706.7978515625]",phone_consecutive_frames
69.35986666666666,person_275,Phone Usage,red,0.95,research_rules,Phone detected for 40 consecutive frames (4.0s),"[582.8536376953125, 232.39459228515625, 905.5780029296875, 712.1900634765625]",phone_consecutive_frames
69.35986666666666,person_286,Phone Usage,red,0.95,research_rules,Phone detected for 29 consecutive frames (2.9s),"[190.49688720703125, 197.1371307373047, 595.1112060546875, 679.3528442382812]",phone_consecutive_frames
69.4565,person_275,Phone Usage,red,0.95,research_rules,Phone detected for 40 consecutive frames (4.0s),"[584.1622314453125, 231.04638671875, 899.18212890625, 712.3602905273438]",phone_consecutive_frames
69.4565,person_286,Phone Usage,red,0.95,research_rules,Phone detected for 30 consecutive frames (3.0s),"[190.315673828125, 197.09454345703125, 595.477294921875, 678.311279296875]",phone_consecutive_frames
69.4565,person_301,Head Turning,orange,0.8,research_rules,Head turned RIGHT (34.8° detected instantly),"[1020.58984375, 319.58544921875, 1159.828369140625, 597.5635986328125]",instant_head_turn
69.56776666666667,person_275,Phone Usage,red,0.95,research_rules,Phone detected for 40 consecutive frames (4.0s),"[581.5192260742188, 230.50990295410156, 892.7809448242188, 711.8953857421875]",phone_consecutive_frames
69.56776666666667,person_286,Phone Usage,red,0.95,research_rules,Phone detected for 31 consecutive frames (3.1s),"[189.7611846923828, 197.76832580566406, 596.2813110351562, 676.930419921875]",phone_consecutive_frames
69.56776666666667,person_290,Head Turning,orange,0.8,research_rules,Head turned RIGHT (33.5° detected instantly),"[133.97024536132812, 281.6329345703125, 266.8414611816406, 455.62725830078125]",instant_head_turn
69.66406666666667,person_275,Phone Usage,red,0.95,research_rules,Phone detected for 40 consecutive frames (4.0s),"[582.7713623046875, 230.40992736816406, 889.6361083984375, 711.1595458984375]",phone_consecutive_frames
69.66406666666667,person_088,Head Turning,orange,0.8,research_rules,Head turned RIGHT (33.9° detected instantly),"[0.268646240234375, 290.9476623535156, 220.69598388671875, 712.1531982421875]",instant_head_turn
69.66406666666667,person_286,Phone Usage,red,0.95,research_rules,Phone detected for 32 consecutive frames (3.2s),"[190.85845947265625, 196.82537841796875, 597.5557861328125, 679.7864990234375]",phone_consecutive_frames
69.7603,person_275,Phone Usage,red,0.95,research_rules,Phone detected for 40 consecutive frames (4.0s),"[588.2852783203125, 230.2874755859375, 887.3748779296875, 712.2553100585938]",phone_consecutive_frames
69.7603,person_286,Phone Usage,red,0.95,research_rules,Phone detected for 33 consecutive frames (3.3s),"[192.27685546875, 198.29638671875, 717.362060546875, 706.1095581054688]",phone_consecutive_frames
69.85663333333333,person_275,Phone Usage,red,0.95,research_rules,Phone detected for 40 consecutive frames (4.0s),"[591.689208984375, 229.54620361328125, 884.155029296875, 713.5521240234375]",phone_consecutive_frames
69.85663333333333,person_286,Phone Usage,red,0.95,research_rules,Phone detected for 34 consecutive frames (3.4s),"[191.91748046875, 198.2015838623047, 713.1234130859375, 707.8698120117188]",phone_consecutive_frames
69.96786666666667,person_275,Phone Usage,red,0.95,research_rules,Phone detected for 40 consecutive frames (4.0s),"[599.6759033203125, 231.46917724609375, 885.5316162109375, 713.4879760742188]",phone_consecutive_frames
69.96786666666667,person_286,Phone Usage,red,0.95,research_rules,Phone detected for 35 consecutive frames (3.5s),"[191.21954345703125, 197.6834716796875, 596.9771728515625, 678.1475830078125]",phone_consecutive_frames
69.96786666666667,person_296,Head Turning,orange,0.8,research_rules,Head turned RIGHT (32.3° detected instantly),"[613.7293701171875, 269.828125, 707.260986328125, 412.25128173828125]",instant_head_turn
70.06426666666667,person_275,Phone Usage,red,0.95,research_rules,Phone detected for 40 consecutive frames (4.0s),"[597.7711181640625, 230.55133056640625, 883.5291748046875, 713.4031982421875]",phone_consecutive_frames
70.06426666666667,person_286,Phone Usage,red,0.95,research_rules,Phone detected for 36 consecutive frames (3.6s),"[192.27947998046875, 198.39019775390625, 716.9232177734375, 708.3493041992188]",phone_consecutive_frames
70.15990000000001,person_275,Phone Usage,red,0.95,research_rules,Phone detected for 40 consecutive frames (4.0s),"[600.005615234375, 230.9721221923828, 883.9637451171875, 713.8858032226562]",phone_consecutive_frames
70.15990000000001,person_286,Phone Usage,red,0.95,research_rules,Phone detected for 37 consecutive frames (3.7s),"[191.28961181640625, 197.41876220703125, 595.9937133789062, 678.2003173828125]",phone_consecutive_frames
70.15990000000001,person_290,Head Turning,orange,0.8,research_rules,Head turned RIGHT (32.5° detected instantly),"[129.603759765625, 282.149169921875, 264.1571960449219, 462.73895263671875]",instant_head_turn
70.2566,person_275,Phone Usage,red,0.95,research_rules,Phone detected for 40 consecutive frames (4.0s),"[600.8377685546875, 231.119873046875, 877.416748046875, 711.2814331054688]",phone_consecutive_frames
70.2566,person_286,Phone Usage,red,0.95,research_rules,Phone detected for 38 consecutive frames (3.8s),"[192.1942138671875, 197.6274871826172, 717.2001342773438, 706.3961791992188]",phone_consecutive_frames
70.2566,person_183,Head Turning,orange,0.8,research_rules,Head turned RIGHT (33.4° detected instantly),"[826.0609130859375, 260.76513671875, 1156.5819091796875, 712.45654296875]",instant_head_turn
70.36776666666667,person_286,Phone Usage,red,0.95,research_rules,Phone detected for 39 consecutive frames (3.9s),"[192.888427734375, 197.56956481933594, 718.9435424804688, 704.5579833984375]",phone_consecutive_frames
70.46403333333333,person_286,Phone Usage,red,0.95,research_rules,Phone detected for 40 consecutive frames (4.0s),"[191.6933135986328, 196.8922119140625, 595.6690063476562, 680.1392211914062]",phone_consecutive_frames
70.56003333333334,person_286,Phone Usage,red,0.95,research_rules,Phone detected for 40 consecutive frames (4.0s),"[189.953125, 197.71559143066406, 600.6481323242188, 683.03515625]",phone_consecutive_frames
70.67196666666668,person_290,Head Turning,orange,0.8,research_rules,Head turned RIGHT (34.0° detected instantly),"[130.2327880859375, 283.02734375, 263.23541259765625, 472.6507568359375]",instant_head_turn
70.7681,person_183,Head Turning,orange,0.8,research_rules,Head turned RIGHT (33.2° detected instantly),"[831.8602294921875, 260.02392578125, 1157.9091796875, 712.8463134765625]",instant_head_turn
71.07183333333333,person_088,Head Turning,orange,0.8,research_rules,Head turned RIGHT (30.8° detected instantly),"[0.2379302978515625, 284.67919921875, 238.14341735839844, 712.1846923828125]",instant_head_turn
71.16816666666668,person_319,Head Turning,orange,0.8,research_rules,Head turned RIGHT (31.8° detected instantly),"[551.7243041992188, 252.6822509765625, 640.7799682617188, 464.299560546875]",instant_head_turn
71.26440000000001,person_296,Head Turning,orange,0.8,research_rules,Head turned RIGHT (33.0° detected instantly),"[613.75927734375, 264.91070556640625, 727.754638671875, 421.26776123046875]",instant_head_turn
71.26440000000001,person_290,Head Turning,orange,0.8,research_rules,Head turned RIGHT (32.2° detected instantly),"[131.54067993164062, 283.17071533203125, 263.27850341796875, 469.94244384765625]",instant_head_turn
71.66460000000001,person_327,Head Turning,orange,0.8,research_rules,Head turned RIGHT (34.0° detected instantly),"[831.3759765625, 259.287353515625, 1067.8572998046875, 519.9425048828125]",instant_head_turn
71.77616666666667,person_296,Head Turning,orange,0.8,research_rules,Head turned RIGHT (34.7° detected instantly),"[614.3416748046875, 265.0955810546875, 725.505615234375, 421.8056640625]",instant_head_turn
71.77616666666667,person_290,Head Turning,orange,0.8,research_rules,Head turned RIGHT (34.6° detected instantly),"[137.1436767578125, 283.69598388671875, 263.662841796875, 470.81121826171875]",instant_head_turn
71.87206666666667,person_319,Head Turning,orange,0.8,research_rules,Head turned RIGHT (32.1° detected instantly),"[550.3380737304688, 252.53970336914062, 642.6316528320312, 463.0599060058594]",instant_head_turn
72.06383333333333,person_088,Head Turning,orange,0.8,research_rules,Head turned RIGHT (31.5° detected instantly),"[0.2457427978515625, 267.3500671386719, 225.98081970214844, 711.65380859375]",instant_head_turn
72.06383333333333,person_183,Head Turning,orange,0.8,research_rules,Head turned RIGHT (31.7° detected instantly),"[831.8861083984375, 257.7008056640625, 1150.2177734375, 713.6084594726562]",instant_head_turn
72.36836666666667,person_275,Head Turning,orange,0.8,research_rules,Head turned RIGHT (33.5° detected instantly),"[621.109375, 242.5113525390625, 878.458740234375, 712.625732421875]",instant_head_turn
72.36836666666667,person_296,Head Turning,orange,0.8,research_rules,Head turned RIGHT (35.1° detected instantly),"[613.6170654296875, 259.56976318359375, 717.9620361328125, 422.15643310546875]",instant_head_turn
72.36836666666667,person_290,Head Turning,orange,0.8,research_rules,Head turned RIGHT (33.6° detected instantly),"[141.34686279296875, 282.34893798828125, 264.16424560546875, 464.9403076171875]",instant_head_turn
72.57606666666668,person_286,Phone Usage,red,0.95,research_rules,Phone detected for 10 consecutive frames (1.0s),"[189.227294921875, 197.93389892578125, 597.5511474609375, 677.626220703125]",phone_consecutive_frames
72.57606666666668,person_088,Head Turning,orange,0.8,research_rules,Head turned RIGHT (32.7° detected instantly),"[0.2324981689453125, 261.34844970703125, 244.52139282226562, 711.4376220703125]",instant_head_turn
72.67236666666666,person_286,Phone Usage,red,0.95,research_rules,Phone detected for 11 consecutive frames (1.1s),"[189.220703125, 198.076416015625, 596.6692504882812, 678.3018798828125]",phone_consecutive_frames
72.76826666666668,person_286,Phone Usage,red,0.95,research_rules,Phone detected for 12 consecutive frames (1.2s),"[190.74790954589844, 197.18310546875, 598.47998046875, 681.7103271484375]",phone_consecutive_frames
72.87993333333334,person_286,Phone Usage,red,0.95,research_rules,Phone detected for 13 consecutive frames (1.3s),"[190.1234130859375, 197.439697265625, 597.4541625976562, 684.0811157226562]",phone_consecutive_frames
73.0723,person_319,Head Turning,orange,0.8,research_rules,Head turned RIGHT (32.6° detected instantly),"[552.3007202148438, 254.958251953125, 646.2832641601562, 465.273681640625]",instant_head_turn
73.16866666666667,person_296,Head Turning,orange,0.8,research_rules,Head turned RIGHT (33.5° detected instantly),"[613.3355712890625, 268.678466796875, 713.2935791015625, 420.039794921875]",instant_head_turn
73.6798,person_296,Head Turning,orange,0.8,research_rules,Head turned RIGHT (35.0° detected instantly),"[613.7200927734375, 270.4119873046875, 714.8541259765625, 419.6705322265625]",instant_head_turn
73.7766,person_290,Head Turning,orange,0.8,research_rules,Head turned RIGHT (31.3° detected instantly),"[140.03939819335938, 281.44549560546875, 264.5812072753906, 470.07733154296875]",instant_head_turn
74.07990000000001,person_088,Head Turning,orange,0.8,research_rules,Head turned RIGHT (30.8° detected instantly),"[0.2959442138671875, 280.5223388671875, 226.30271911621094, 710.88671875]",instant_head_turn
74.07990000000001,person_222,Head Turning,orange,0.8,research_rules,Head turned RIGHT (30.1° detected instantly),"[1137.2325439453125, 238.35308837890625, 1279.5867919921875, 706.5845947265625]",instant_head_turn
74.47983333333333,person_296,Head Turning,orange,0.8,research_rules,Head turned RIGHT (33.1° detected instantly),"[612.2674560546875, 264.89434814453125, 714.4019775390625, 416.92218017578125]",instant_head_turn
74.57650000000001,person_327,Head Turning,orange,0.8,research_rules,Head turned RIGHT (35.0° detected instantly),"[830.170654296875, 268.52789306640625, 1070.49560546875, 519.64404296875]",instant_head_turn
74.57650000000001,person_323,Head Turning,orange,0.8,research_rules,Head turned RIGHT (35.0° detected instantly),"[925.0797119140625, 255.69140625, 1041.780029296875, 439.4052734375]",instant_head_turn
74.78416666666666,person_088,Head Turning,orange,0.8,research_rules,Head turned RIGHT (33.6° detected instantly),"[0.267730712890625, 279.159423828125, 226.02313232421875, 711.782958984375]",instant_head_turn
74.88006666666666,person_290,Head Turning,orange,0.8,research_rules,Head turned RIGHT (34.9° detected instantly),"[135.90609741210938, 277.40924072265625, 264.0113220214844, 465.93426513671875]",instant_head_turn
74.97593333333333,person_338,Head Turning,orange,0.8,research_rules,Head turned RIGHT (32.3° detected instantly),"[716.9002685546875, 5.51904296875, 1279.0836181640625, 709.5130615234375]",instant_head_turn
75.08800000000001,person_336,Head Turning,orange,0.8,research_rules,Head turned RIGHT (34.1° detected instantly),"[1019.3650512695312, 277.1278076171875, 1096.413330078125, 411.4249267578125]",instant_head_turn
75.3763,person_296,Head Turning,orange,0.8,research_rules,Head turned RIGHT (34.9° detected instantly),"[614.7254638671875, 240.3389892578125, 715.4681396484375, 396.3160400390625]",instant_head_turn
75.3763,person_286,Head Turning,orange,0.8,research_rules,Head turned RIGHT (30.9° detected instantly),"[190.30535888671875, 165.95428466796875, 609.7728271484375, 657.5831298828125]",instant_head_turn
75.58423333333334,person_290,Head Turning,orange,0.8,research_rules,Head turned RIGHT (31.8° detected instantly),"[140.24661254882812, 290.03399658203125, 265.58111572265625, 482.62176513671875]",instant_head_turn
75.98406666666666,person_088,Head Turning,orange,0.8,research_rules,Head turned RIGHT (35.2° detected instantly),"[0.2799072265625, 279.82904052734375, 231.64035034179688, 712.3806762695312]",instant_head_turn
75.98406666666666,person_327,Head Turning,orange,0.8,research_rules,Head turned RIGHT (34.6° detected instantly),"[831.0263671875, 267.709716796875, 1071.0418701171875, 521.737548828125]",instant_head_turn
75.98406666666666,person_347,Head Turning,orange,0.8,research_rules,Head turned RIGHT (34.6° detected instantly),"[936.5762329101562, 250.00811767578125, 1023.6653442382812, 444.3348388671875]",instant_head_turn
76.08046666666667,person_183,Head Turning,orange,0.8,research_rules,Head turned RIGHT (34.5° detected instantly),"[1026.280029296875, 256.768310546875, 1278.9091796875, 710.1220703125]",instant_head_turn
76.08046666666667,person_301,Head Turning,orange,0.8,research_rules,Head turned RIGHT (34.5° detected instantly),"[1014.3460693359375, 300.22784423828125, 1140.4981689453125, 583.7262573242188]",instant_head_turn
76.38436666666666,person_296,Head Turning,orange,0.8,research_rules,Head turned RIGHT (33.3° detected instantly),"[615.7732543945312, 258.46435546875, 713.7490844726562, 412.37744140625]",instant_head_turn
76.68826666666666,person_088,Head Turning,orange,0.8,research_rules,Head turned RIGHT (30.3° detected instantly),"[7.465362548828125, 286.27032470703125, 225.48553466796875, 711.5216674804688]",instant_head_turn
76.78463333333333,person_275,Head Turning,orange,0.8,research_rules,Head turned RIGHT (32.2° detected instantly),"[619.568603515625, 225.67352294921875, 869.3369140625, 712.5985107421875]",instant_head_turn
76.78463333333333,person_290,Head Turning,orange,0.8,research_rules,Head turned RIGHT (33.1° detected instantly),"[138.20245361328125, 282.0953369140625, 265.51995849609375, 471.712646484375]",instant_head_turn
76.99233333333333,person_296,Head Turning,orange,0.8,research_rules,Head turned RIGHT (35.1° detected instantly),"[612.9363403320312, 265.43475341796875, 707.6741333007812, 421.6866455078125]",instant_head_turn
77.18486666666666,person_286,Phone Usage,red,0.95,research_rules,Phone detected for 10 consecutive frames (1.0s),"[190.53045654296875, 203.00071716308594, 593.5974731445312, 690.1727294921875]",phone_consecutive_frames
77.2959,person_286,Phone Usage,red,0.95,research_rules,Phone detected for 11 consecutive frames (1.1s),"[190.67002868652344, 206.3583984375, 595.666015625, 684.2479248046875]",phone_consecutive_frames
77.3919,person_286,Phone Usage,red,0.95,research_rules,Phone detected for 12 consecutive frames (1.2s),"[191.7395477294922, 209.47035217285156, 594.9364624023438, 683.1729736328125]",phone_consecutive_frames
77.3919,person_349,Head Turning,orange,0.8,research_rules,Head turned RIGHT (33.4° detected instantly),"[791.96923828125, 247.16143798828125, 869.9688720703125, 376.68572998046875]",instant_head_turn
77.48843333333333,person_286,Phone Usage,red,0.95,research_rules,Phone detected for 13 consecutive frames (1.3s),"[193.4117431640625, 204.80413818359375, 586.8182983398438, 686.6583862304688]",phone_consecutive_frames
77.58416666666668,person_286,Phone Usage,red,0.95,research_rules,Phone detected for 14 consecutive frames (1.4s),"[194.675048828125, 201.4184112548828, 576.84033203125, 686.1109008789062]",phone_consecutive_frames
77.58416666666668,person_290,Head Turning,orange,0.8,research_rules,Head turned RIGHT (30.2° detected instantly),"[162.021240234375, 285.82965087890625, 263.7222595214844, 476.10504150390625]",instant_head_turn
77.58416666666668,person_359,Head Turning,orange,0.8,research_rules,Head turned RIGHT (30.2° detected instantly),"[239.74533081054688, 309.4947204589844, 284.4916076660156, 382.1539001464844]",instant_head_turn
77.6961,person_275,Head Turning,orange,0.8,research_rules,Head turned RIGHT (33.8° detected instantly),"[618.348876953125, 226.60520935058594, 863.8731689453125, 707.5736083984375]",instant_head_turn
77.6961,person_286,Phone Usage,red,0.95,research_rules,Phone detected for 15 consecutive frames (1.5s),"[196.2880859375, 191.67967224121094, 568.806396484375, 687.26806640625]",phone_consecutive_frames
77.6961,person_319,Head Turning,orange,0.8,research_rules,Head turned RIGHT (32.9° detected instantly),"[525.1102294921875, 260.4593505859375, 631.8055419921875, 465.0426025390625]",instant_head_turn
77.79193333333333,person_286,Phone Usage,red,0.95,research_rules,Phone detected for 16 consecutive frames (1.6s),"[195.99082946777344, 190.6333465576172, 578.06884765625, 690.7980346679688]",phone_consecutive_frames
77.88866666666667,person_286,Phone Usage,red,0.95,research_rules,Phone detected for 17 consecutive frames (1.7s),"[198.5442352294922, 179.736083984375, 583.0045776367188, 690.1739501953125]",phone_consecutive_frames
77.99976666666667,person_347,Head Turning,orange,0.8,research_rules,Head turned RIGHT (32.1° detected instantly),"[932.6158447265625, 254.8428955078125, 1019.1505126953125, 442.5130615234375]",instant_head_turn
77.99976666666667,person_286,Phone Usage,red,0.95,research_rules,Phone detected for 18 consecutive frames (1.8s),"[201.75160217285156, 180.6231689453125, 579.9847412109375, 689.7715454101562]",phone_consecutive_frames
78.09626666666666,person_286,Phone Usage,red,0.95,research_rules,Phone detected for 19 consecutive frames (1.9s),"[202.82090759277344, 172.95562744140625, 713.51318359375, 708.4799194335938]",phone_consecutive_frames
78.09626666666666,person_286,Head Turning,orange,0.8,research_rules,Head turned RIGHT (35.2° detected instantly),"[202.82090759277344, 172.95562744140625, 713.51318359375, 708.4799194335938]",instant_head_turn
78.19193333333334,person_286,Phone Usage,red,0.95,research_rules,Phone detected for 20 consecutive frames (2.0s),"[204.14752197265625, 176.2430419921875, 580.5556640625, 688.7445068359375]",phone_consecutive_frames
78.288,person_319,Head Turning,orange,0.8,research_rules,Head turned RIGHT (30.7° detected instantly),"[501.3019104003906, 262.8529052734375, 636.2518310546875, 462.8968505859375]",instant_head_turn
78.288,person_286,Phone Usage,red,0.95,research_rules,Phone detected for 21 consecutive frames (2.1s),"[203.3895263671875, 172.9356689453125, 712.333984375, 709.1934814453125]",phone_consecutive_frames
78.39973333333333,person_286,Phone Usage,red,0.95,research_rules,Phone detected for 22 consecutive frames (2.2s),"[204.77818298339844, 175.3160400390625, 577.3328857421875, 690.0693359375]",phone_consecutive_frames
78.49616666666667,person_296,Head Turning,orange,0.8,research_rules,Head turned RIGHT (31.9° detected instantly),"[613.7578125, 265.2761535644531, 702.65673828125, 417.5199279785156]",instant_head_turn
78.49616666666667,person_331,Head Turning,orange,0.8,research_rules,Head turned RIGHT (31.9° detected instantly),"[594.8790893554688, 279.19708251953125, 663.3064575195312, 357.7177734375]",instant_head_turn
78.49616666666667,person_286,Phone Usage,red,0.95,research_rules,Phone detected for 23 consecutive frames (2.3s),"[206.6009521484375, 173.80572509765625, 571.259765625, 689.9149780273438]",phone_consecutive_frames
78.68793333333333,person_286,Phone Usage,red,0.95,research_rules,Phone detected for 24 consecutive frames (2.4s),"[204.873291015625, 172.91510009765625, 565.7184448242188, 689.2172241210938]",phone_consecutive_frames
78.9924,person_370,Head Turning,orange,0.8,research_rules,Head turned RIGHT (32.5° detected instantly),"[619.6561279296875, 229.2783660888672, 853.358642578125, 589.9912719726562]",instant_head_turn
78.9924,person_319,Head Turning,orange,0.8,research_rules,Head turned RIGHT (32.2° detected instantly),"[490.21649169921875, 262.19866943359375, 634.9801635742188, 471.28717041015625]",instant_head_turn
79.19980000000001,person_372,Head Turning,orange,0.8,research_rules,Head turned RIGHT (30.7° detected instantly),"[944.1966552734375, 256.8090515136719, 1057.8477783203125, 439.4900207519531]",instant_head_turn
79.29583333333333,person_359,Head Turning,orange,0.8,research_rules,Head turned RIGHT (34.0° detected instantly),"[246.61590576171875, 313.106689453125, 288.950439453125, 358.26171875]",instant_head_turn
79.29583333333333,person_363,Head Turning,orange,0.8,research_rules,Head turned RIGHT (34.0° detected instantly),"[178.8641815185547, 284.5984191894531, 250.4490203857422, 433.0398864746094]",instant_head_turn
79.3919,person_349,Head Turning,orange,0.8,research_rules,Head turned RIGHT (30.0° detected instantly),"[787.3438720703125, 245.9046630859375, 870.7772216796875, 380.23712158203125]",instant_head_turn
79.50396666666667,person_319,Head Turning,orange,0.8,research_rules,Head turned RIGHT (30.4° detected instantly),"[496.208740234375, 260.63470458984375, 635.8125, 464.41876220703125]",instant_head_turn
79.7921,person_370,Phone Usage,red,0.95,research_rules,Phone detected for 10 consecutive frames (1.0s),"[617.9752197265625, 229.70184326171875, 869.1617431640625, 710.90380859375]",phone_consecutive_frames
79.7921,person_286,Phone Usage,red,0.95,research_rules,Phone detected for 10 consecutive frames (1.0s),"[192.92462158203125, 186.751708984375, 569.3645629882812, 690.652587890625]",phone_consecutive_frames
79.90376666666667,person_370,Phone Usage,red,0.95,research_rules,Phone detected for 11 consecutive frames (1.1s),"[617.983642578125, 228.3720703125, 867.544921875, 710.2638549804688]",phone_consecutive_frames
79.90376666666667,person_349,Head Turning,orange,0.8,research_rules,Head turned RIGHT (33.1° detected instantly),"[787.5183715820312, 244.93310546875, 870.1557006835938, 379.9915771484375]",instant_head_turn
79.90376666666667,person_286,Phone Usage,red,0.95,research_rules,Phone detected for 11 consecutive frames (1.1s),"[194.04119873046875, 186.71376037597656, 574.2658081054688, 688.950439453125]",phone_consecutive_frames
79.99983333333334,person_286,Phone Usage,red,0.95,research_rules,Phone detected for 12 consecutive frames (1.2s),"[196.01019287109375, 188.52423095703125, 573.1943359375, 689.383544921875]",phone_consecutive_frames
79.99983333333334,person_370,Phone Usage,red,0.95,research_rules,Phone detected for 12 consecutive frames (1.2s),"[617.2719116210938, 229.91937255859375, 856.6223754882812, 634.9525756835938]",phone_consecutive_frames
80.09593333333333,person_370,Phone Usage,red,0.95,research_rules,Phone detected for 13 consecutive frames (1.3s),"[562.00244140625, 228.65789794921875, 863.25732421875, 714.1871948242188]",phone_consecutive_frames
80.09593333333333,person_370,Head Turning,orange,0.8,research_rules,Head turned RIGHT (31.9° detected instantly),"[562.00244140625, 228.65789794921875, 863.25732421875, 714.1871948242188]",instant_head_turn
80.09593333333333,person_286,Head Turning,orange,0.8,research_rules,Head turned RIGHT (34.5° detected instantly),"[194.372314453125, 186.08656311035156, 577.5704956054688, 690.388671875]",instant_head_turn
80.2077,person_370,Phone Usage,red,0.95,research_rules,Phone detected for 14 consecutive frames (1.4s),"[617.4342651367188, 228.83087158203125, 869.5357055664062, 712.130126953125]",phone_consecutive_frames
80.2077,person_319,Head Turning,orange,0.8,research_rules,Head turned RIGHT (32.0° detected instantly),"[516.7427978515625, 261.2535400390625, 636.4305419921875, 463.3917236328125]",instant_head_turn
80.30380000000001,person_370,Phone Usage,red,0.95,research_rules,Phone detected for 15 consecutive frames (1.5s),"[616.0352783203125, 228.75511169433594, 868.6405029296875, 711.2977294921875]",phone_consecutive_frames
80.39993333333334,person_370,Phone Usage,red,0.95,research_rules,Phone detected for 16 consecutive frames (1.6s),"[616.7850341796875, 229.55584716796875, 870.25390625, 710.6713256835938]",phone_consecutive_frames
80.39993333333334,person_296,Head Turning,orange,0.8,research_rules,Head turned RIGHT (30.5° detected instantly),"[612.94921875, 265.6894836425781, 700.56591796875, 420.1558532714844]",instant_head_turn
80.39993333333334,person_331,Head Turning,orange,0.8,research_rules,Head turned RIGHT (30.5° detected instantly),"[590.9136352539062, 276.62139892578125, 657.6699829101562, 359.25665283203125]",instant_head_turn
80.49609999999998,person_370,Phone Usage,red,0.95,research_rules,Phone detected for 17 consecutive frames (1.7s),"[617.0044555664062, 228.9993438720703, 870.4113159179688, 711.4137573242188]",phone_consecutive_frames
80.49609999999998,person_363,Head Turning,orange,0.8,research_rules,Head turned RIGHT (33.2° detected instantly),"[170.38369750976562, 285.32080078125, 254.57095336914062, 452.198486328125]",instant_head_turn
80.49609999999998,person_359,Head Turning,orange,0.8,research_rules,Head turned RIGHT (33.2° detected instantly),"[247.32659912109375, 313.7003173828125, 290.05157470703125, 362.266845703125]",instant_head_turn
80.60786666666667,person_370,Phone Usage,red,0.95,research_rules,Phone detected for 18 consecutive frames (1.8s),"[617.5847778320312, 228.75498962402344, 871.0354614257812, 711.71142578125]",phone_consecutive_frames
80.7039,person_370,Phone Usage,red,0.95,research_rules,Phone detected for 19 consecutive frames (1.9s),"[616.2782592773438, 228.9443359375, 868.9553833007812, 711.2581787109375]",phone_consecutive_frames
80.80003333333333,person_370,Phone Usage,red,0.95,research_rules,Phone detected for 20 consecutive frames (2.0s),"[617.641845703125, 228.9400634765625, 869.96728515625, 712.12158203125]",phone_consecutive_frames
80.80003333333333,person_319,Head Turning,orange,0.8,research_rules,Head turned RIGHT (31.3° detected instantly),"[516.956298828125, 260.58380126953125, 636.183349609375, 465.2264404296875]",instant_head_turn
80.89593333333333,person_370,Phone Usage,red,0.95,research_rules,Phone detected for 21 consecutive frames (2.1s),"[616.5235595703125, 229.31114196777344, 870.7010498046875, 711.865478515625]",phone_consecutive_frames
81.00776666666667,person_370,Phone Usage,red,0.95,research_rules,Phone detected for 22 consecutive frames (2.2s),"[617.4966430664062, 228.691162109375, 869.6621704101562, 711.1838989257812]",phone_consecutive_frames
81.00776666666667,person_363,Head Turning,orange,0.8,research_rules,Head turned RIGHT (35.2° detected instantly),"[170.66070556640625, 284.89263916015625, 254.6693115234375, 450.379638671875]",instant_head_turn
81.00776666666667,person_359,Head Turning,orange,0.8,research_rules,Head turned RIGHT (35.2° detected instantly),"[247.48069763183594, 312.86248779296875, 290.0849609375, 360.37786865234375]",instant_head_turn
81.1046,person_375,Head Turning,orange,0.8,research_rules,Head turned RIGHT (34.1° detected instantly),"[1136.45703125, 243.1143798828125, 1279.598876953125, 709.0584716796875]",instant_head_turn
81.1046,person_370,Phone Usage,red,0.95,research_rules,Phone detected for 23 consecutive frames (2.3s),"[618.012939453125, 229.13818359375, 870.196044921875, 712.2598876953125]",phone_consecutive_frames
81.1046,person_370,Head Turning,orange,0.8,research_rules,Head turned RIGHT (33.3° detected instantly),"[618.012939453125, 229.13818359375, 870.196044921875, 712.2598876953125]",instant_head_turn
81.20036666666667,person_370,Phone Usage,red,0.95,research_rules,Phone detected for 24 consecutive frames (2.4s),"[617.765380859375, 228.87005615234375, 869.30322265625, 711.4036865234375]",phone_consecutive_frames
81.20036666666667,person_286,Phone Usage,red,0.95,research_rules,Phone detected for 10 consecutive frames (1.0s),"[191.00286865234375, 193.727294921875, 584.2341918945312, 687.6405029296875]",phone_consecutive_frames
81.20036666666667,person_296,Head Turning,orange,0.8,research_rules,Head turned RIGHT (31.5° detected instantly),"[613.7315673828125, 271.3619079589844, 702.1986083984375, 416.6287536621094]",instant_head_turn
81.31176666666667,person_370,Phone Usage,red,0.95,research_rules,Phone detected for 25 consecutive frames (2.5s),"[618.0755615234375, 228.662109375, 869.4556884765625, 711.35546875]",phone_consecutive_frames
81.31176666666667,person_286,Phone Usage,red,0.95,research_rules,Phone detected for 11 consecutive frames (1.1s),"[193.11614990234375, 195.25439453125, 590.1161499023438, 685.80078125]",phone_consecutive_frames
81.31176666666667,person_319,Head Turning,orange,0.8,research_rules,Head turned RIGHT (34.9° detected instantly),"[524.3015747070312, 257.18182373046875, 636.4371948242188, 463.587646484375]",instant_head_turn
81.40780000000001,person_370,Phone Usage,red,0.95,research_rules,Phone detected for 26 consecutive frames (2.6s),"[618.529541015625, 229.1705780029297, 869.630126953125, 711.1023559570312]",phone_consecutive_frames
81.40780000000001,person_349,Phone Usage,red,0.95,research_rules,Phone detected for 10 consecutive frames (1.0s),"[785.0985717773438, 246.65167236328125, 871.0454711914062, 380.9547119140625]",phone_consecutive_frames
81.50426666666667,person_370,Phone Usage,red,0.95,research_rules,Phone detected for 27 consecutive frames (2.7s),"[619.1422729492188, 228.43067932128906, 869.5825805664062, 711.499755859375]",phone_consecutive_frames
81.50426666666667,person_349,Phone Usage,red,0.95,research_rules,Phone detected for 11 consecutive frames (1.1s),"[784.89208984375, 245.5091552734375, 871.162841796875, 379.6170654296875]",phone_consecutive_frames
81.59993333333334,person_370,Phone Usage,red,0.95,research_rules,Phone detected for 28 consecutive frames (2.8s),"[618.787841796875, 229.3946533203125, 868.412353515625, 711.4262084960938]",phone_consecutive_frames
81.59993333333334,person_349,Phone Usage,red,0.95,research_rules,Phone detected for 12 consecutive frames (1.2s),"[784.9922485351562, 247.21014404296875, 871.2380981445312, 381.72222900390625]",phone_consecutive_frames
81.71183333333333,person_370,Phone Usage,red,0.95,research_rules,Phone detected for 29 consecutive frames (2.9s),"[619.163330078125, 228.4622802734375, 870.414794921875, 711.740234375]",phone_consecutive_frames
81.71183333333333,person_349,Phone Usage,red,0.95,research_rules,Phone detected for 13 consecutive frames (1.3s),"[785.85302734375, 245.21749877929688, 870.889892578125, 379.9818420410156]",phone_consecutive_frames
81.71183333333333,person_296,Head Turning,orange,0.8,research_rules,Head turned RIGHT (33.2° detected instantly),"[613.3857421875, 266.72906494140625, 700.7542724609375, 414.50689697265625]",instant_head_turn
81.80823333333333,person_370,Phone Usage,red,0.95,research_rules,Phone detected for 30 consecutive frames (3.0s),"[619.1446533203125, 229.45538330078125, 868.7623291015625, 711.8937377929688]",phone_consecutive_frames
81.80823333333333,person_349,Phone Usage,red,0.95,research_rules,Phone detected for 14 consecutive frames (1.4s),"[784.3941650390625, 246.81292724609375, 871.1910400390625, 381.6705322265625]",phone_consecutive_frames
81.9041,person_370,Phone Usage,red,0.95,research_rules,Phone detected for 31 consecutive frames (3.1s),"[619.1983642578125, 228.54676818847656, 869.6949462890625, 711.70166015625]",phone_consecutive_frames
81.9041,person_319,Head Turning,orange,0.8,research_rules,Head turned RIGHT (34.2° detected instantly),"[524.942626953125, 255.03192138671875, 635.9991455078125, 462.64959716796875]",instant_head_turn
81.9041,person_349,Phone Usage,red,0.95,research_rules,Phone detected for 15 consecutive frames (1.5s),"[783.6873168945312, 245.67840576171875, 870.3887329101562, 381.16265869140625]",phone_consecutive_frames
82.00053333333334,person_380,Head Turning,orange,0.8,research_rules,Head turned RIGHT (34.8° detected instantly),"[287.1478271484375, 272.2808837890625, 356.766845703125, 345.603515625]",instant_head_turn
82.11183333333334,person_370,Head Turning,orange,0.8,research_rules,Head turned RIGHT (32.0° detected instantly),"[619.34326171875, 230.40330505371094, 866.2713623046875, 711.4051513671875]",instant_head_turn
82.30453333333334,person_387,Head Turning,orange,0.8,research_rules,Head turned RIGHT (33.9° detected instantly),"[254.9185791015625, 269.31829833984375, 348.01458740234375, 364.57708740234375]",instant_head_turn
82.30453333333334,person_296,Head Turning,orange,0.8,research_rules,Head turned RIGHT (30.4° detected instantly),"[613.8189697265625, 265.96417236328125, 702.6712646484375, 417.83905029296875]",instant_head_turn
82.41596666666668,person_372,Head Turning,orange,0.8,research_rules,Head turned RIGHT (34.7° detected instantly),"[952.9898681640625, 262.41357421875, 1043.7545166015625, 438.480712890625]",instant_head_turn
82.51186666666668,person_319,Head Turning,orange,0.8,research_rules,Head turned RIGHT (34.2° detected instantly),"[521.8975830078125, 253.88909912109375, 636.0955810546875, 463.71551513671875]",instant_head_turn
82.81596666666667,person_387,Head Turning,orange,0.8,research_rules,Head turned RIGHT (30.6° detected instantly),"[254.2977294921875, 270.37689208984375, 345.85235595703125, 367.30450439453125]",instant_head_turn
83.0079,person_363,Head Turning,orange,0.8,research_rules,Head turned RIGHT (35.1° detected instantly),"[175.65399169921875, 286.11865234375, 257.8851623535156, 466.7491455078125]",instant_head_turn
83.10456666666667,person_370,Phone Usage,red,0.95,research_rules,Phone detected for 10 consecutive frames (1.0s),"[618.9966430664062, 227.68519592285156, 869.3259887695312, 710.9083251953125]",phone_consecutive_frames
83.10456666666667,person_319,Head Turning,orange,0.8,research_rules,Head turned RIGHT (32.6° detected instantly),"[521.518310546875, 253.6561279296875, 636.023681640625, 462.95953369140625]",instant_head_turn
83.10456666666667,person_349,Phone Usage,red,0.95,research_rules,Phone detected for 10 consecutive frames (1.0s),"[784.70654296875, 245.47186279296875, 870.289794921875, 379.53314208984375]",phone_consecutive_frames
83.21583333333334,person_370,Phone Usage,red,0.95,research_rules,Phone detected for 11 consecutive frames (1.1s),"[618.4140625, 229.24163818359375, 868.35546875, 711.3095703125]",phone_consecutive_frames
83.21583333333334,person_349,Phone Usage,red,0.95,research_rules,Phone detected for 11 consecutive frames (1.1s),"[782.1099243164062, 247.43243408203125, 870.4065551757812, 382.52685546875]",phone_consecutive_frames
83.31219999999999,person_370,Phone Usage,red,0.95,research_rules,Phone detected for 12 consecutive frames (1.2s),"[618.7474365234375, 227.88134765625, 868.1102294921875, 710.81005859375]",phone_consecutive_frames
83.31219999999999,person_296,Head Turning,orange,0.8,research_rules,Head turned RIGHT (30.5° detected instantly),"[613.5728759765625, 265.01910400390625, 698.7454833984375, 415.7733154296875]",instant_head_turn
83.31219999999999,person_349,Phone Usage,red,0.95,research_rules,Phone detected for 12 consecutive frames (1.2s),"[778.4381103515625, 244.98703002929688, 870.2703857421875, 380.0577697753906]",phone_consecutive_frames
83.40873333333333,person_370,Phone Usage,red,0.95,research_rules,Phone detected for 13 consecutive frames (1.3s),"[618.818603515625, 229.43695068359375, 867.1795654296875, 711.66943359375]",phone_consecutive_frames
83.40873333333333,person_349,Phone Usage,red,0.95,research_rules,Phone detected for 13 consecutive frames (1.3s),"[779.920166015625, 246.91473388671875, 869.5107421875, 383.35723876953125]",phone_consecutive_frames
83.40873333333333,person_349,Head Turning,orange,0.8,research_rules,Head turned RIGHT (34.4° detected instantly),"[779.920166015625, 246.91473388671875, 869.5107421875, 383.35723876953125]",instant_head_turn
83.40873333333333,person_387,Head Turning,orange,0.8,research_rules,Head turned RIGHT (31.3° detected instantly),"[254.09707641601562, 271.5343933105469, 352.2840881347656, 365.7809753417969]",instant_head_turn
83.5197,person_370,Phone Usage,red,0.95,research_rules,Phone detected for 14 consecutive frames (1.4s),"[617.6788940429688, 227.2353515625, 865.7001342773438, 710.3070068359375]",phone_consecutive_frames
83.5197,person_363,Head Turning,orange,0.8,research_rules,Head turned RIGHT (33.7° detected instantly),"[134.04888916015625, 283.8167724609375, 256.6094665527344, 454.0052490234375]",instant_head_turn
83.5197,person_349,Phone Usage,red,0.95,research_rules,Phone detected for 14 consecutive frames (1.4s),"[783.3146362304688, 245.37890625, 870.6886596679688, 380.87451171875]",phone_consecutive_frames
83.61613333333334,person_370,Phone Usage,red,0.95,research_rules,Phone detected for 15 consecutive frames (1.5s),"[619.9367065429688, 234.84979248046875, 866.8583374023438, 710.8043212890625]",phone_consecutive_frames
83.61613333333334,person_319,Head Turning,orange,0.8,research_rules,Head turned RIGHT (34.1° detected instantly),"[522.8792724609375, 255.60943603515625, 636.605224609375, 465.4920654296875]",instant_head_turn
83.61613333333334,person_349,Phone Usage,red,0.95,research_rules,Phone detected for 15 consecutive frames (1.5s),"[776.8418579101562, 245.23724365234375, 869.1265258789062, 383.5384521484375]",phone_consecutive_frames
83.61613333333334,person_393,Head Turning,orange,0.8,research_rules,Head turned RIGHT (33.7° detected instantly),"[76.60432434082031, 243.09771728515625, 222.5519256591797, 640.1444702148438]",instant_head_turn
83.80796666666667,person_286,Phone Usage,red,0.95,research_rules,Phone detected for 10 consecutive frames (1.0s),"[193.3221435546875, 199.41033935546875, 592.665283203125, 687.7523193359375]",phone_consecutive_frames
83.80796666666667,person_349,Phone Usage,red,0.95,research_rules,Phone detected for 16 consecutive frames (1.6s),"[785.2274169921875, 246.54913330078125, 870.2503662109375, 381.04730224609375]",phone_consecutive_frames
83.9197,person_286,Phone Usage,red,0.95,research_rules,Phone detected for 11 consecutive frames (1.1s),"[192.88250732421875, 195.75701904296875, 592.11083984375, 688.1364135742188]",phone_consecutive_frames
83.9197,person_349,Phone Usage,red,0.95,research_rules,Phone detected for 17 consecutive frames (1.7s),"[787.3609619140625, 246.0511474609375, 869.6256103515625, 382.06787109375]",phone_consecutive_frames
83.9197,person_387,Head Turning,orange,0.8,research_rules,Head turned RIGHT (32.1° detected instantly),"[252.9951934814453, 271.61444091796875, 340.45074462890625, 364.90032958984375]",instant_head_turn
84.01626666666667,person_286,Phone Usage,red,0.95,research_rules,Phone detected for 12 consecutive frames (1.2s),"[192.75634765625, 190.30902099609375, 591.2281494140625, 688.9634399414062]",phone_consecutive_frames
84.01626666666667,person_349,Head Turning,orange,0.8,research_rules,Head turned RIGHT (30.8° detected instantly),"[786.4224853515625, 246.2884521484375, 870.9876708984375, 381.62078857421875]",instant_head_turn
84.11243333333334,person_286,Phone Usage,red,0.95,research_rules,Phone detected for 13 consecutive frames (1.3s),"[192.984375, 186.86399841308594, 589.5872802734375, 689.6763916015625]",phone_consecutive_frames
84.22386666666667,person_286,Phone Usage,red,0.95,research_rules,Phone detected for 14 consecutive frames (1.4s),"[193.4105224609375, 184.92396545410156, 588.1953125, 690.56103515625]",phone_consecutive_frames
84.22386666666667,person_363,Head Turning,orange,0.8,research_rules,Head turned RIGHT (35.1° detected instantly),"[144.43917846679688, 284.337646484375, 253.16702270507812, 433.9677734375]",instant_head_turn
84.3197,person_319,Head Turning,orange,0.8,research_rules,Head turned RIGHT (34.9° detected instantly),"[519.4874877929688, 254.69464111328125, 636.4678344726562, 465.83953857421875]",instant_head_turn
84.3197,person_286,Phone Usage,red,0.95,research_rules,Phone detected for 15 consecutive frames (1.5s),"[194.11163330078125, 183.93341064453125, 585.3382568359375, 691.201416015625]",phone_consecutive_frames
84.3197,person_393,Head Turning,orange,0.8,research_rules,Head turned RIGHT (33.0° detected instantly),"[89.340087890625, 238.3603515625, 226.30355834960938, 562.03662109375]",instant_head_turn
84.62393333333334,person_387,Head Turning,orange,0.8,research_rules,Head turned RIGHT (32.7° detected instantly),"[247.22837829589844, 270.109375, 335.4990234375, 366.09442138671875]",instant_head_turn
84.72030000000001,person_349,Head Turning,orange,0.8,research_rules,Head turned RIGHT (34.0° detected instantly),"[799.6476440429688, 245.65737915039062, 870.9130249023438, 370.2832336425781]",instant_head_turn
84.72030000000001,person_327,Head Turning,orange,0.8,research_rules,Head turned RIGHT (32.4° detected instantly),"[839.8358154296875, 273.1724853515625, 1077.5594482421875, 523.0640258789062]",instant_head_turn
84.81646666666667,person_296,Head Turning,orange,0.8,research_rules,Head turned RIGHT (34.4° detected instantly),"[613.4093017578125, 269.2507019042969, 689.3154296875, 415.8059387207031]",instant_head_turn
84.91203333333334,person_363,Head Turning,orange,0.8,research_rules,Head turned RIGHT (33.2° detected instantly),"[177.88226318359375, 282.76708984375, 255.6209716796875, 413.0037841796875]",instant_head_turn
85.02383333333334,person_398,Head Turning,orange,0.8,research_rules,Head turned RIGHT (33.6° detected instantly),"[944.300048828125, 258.23681640625, 1050.219482421875, 441.010498046875]",instant_head_turn
85.12046666666667,person_319,Head Turning,orange,0.8,research_rules,Head turned RIGHT (34.1° detected instantly),"[511.1817932128906, 254.15994262695312, 628.4185791015625, 465.2435607910156]",instant_head_turn
85.2162,person_387,Head Turning,orange,0.8,research_rules,Head turned RIGHT (33.0° detected instantly),"[255.31588745117188, 274.74755859375, 341.6667785644531, 359.2744140625]",instant_head_turn
85.42413333333334,person_286,Phone Usage,red,0.95,research_rules,Phone detected for 10 consecutive frames (1.0s),"[191.06251525878906, 179.032958984375, 571.8511962890625, 687.5167236328125]",phone_consecutive_frames
85.52016666666667,person_370,Head Turning,orange,0.8,research_rules,Head turned RIGHT (32.5° detected instantly),"[589.1453857421875, 239.65948486328125, 873.1824951171875, 711.581298828125]",instant_head_turn
85.7277,person_319,Head Turning,orange,0.8,research_rules,Head turned RIGHT (32.2° detected instantly),"[511.99530029296875, 254.007080078125, 615.8815307617188, 466.0594482421875]",instant_head_turn
85.82430000000001,person_352,Head Turning,orange,0.8,research_rules,Head turned RIGHT (31.1° detected instantly),"[0.039459228515625, 235.59765625, 218.10064697265625, 713.9261474609375]",instant_head_turn
85.82430000000001,person_363,Head Turning,orange,0.8,research_rules,Head turned RIGHT (31.1° detected instantly),"[150.65208435058594, 281.5802001953125, 255.62315368652344, 442.6488037109375]",instant_head_turn
85.9203,person_349,Head Turning,orange,0.8,research_rules,Head turned RIGHT (33.7° detected instantly),"[738.8765869140625, 245.6956787109375, 866.9879150390625, 367.75018310546875]",instant_head_turn
86.0159,person_387,Head Turning,orange,0.8,research_rules,Head turned RIGHT (31.6° detected instantly),"[254.0755157470703, 275.25848388671875, 338.54339599609375, 360.64227294921875]",instant_head_turn
86.3203,person_319,Head Turning,orange,0.8,research_rules,Head turned RIGHT (30.6° detected instantly),"[516.7257080078125, 253.4945068359375, 622.3587646484375, 467.6357421875]",instant_head_turn
86.3203,person_389,Head Turning,orange,0.8,research_rules,Head turned RIGHT (33.5° detected instantly),"[991.279052734375, 272.67816162109375, 1066.822265625, 430.37615966796875]",instant_head_turn
86.43196666666667,person_363,Head Turning,orange,0.8,research_rules,Head turned RIGHT (33.0° detected instantly),"[148.3773193359375, 280.1014099121094, 250.34988403320312, 449.8827209472656]",instant_head_turn
86.52806666666667,person_365,Head Turning,orange,0.8,research_rules,Head turned RIGHT (32.2° detected instantly),"[825.3546142578125, 252.87139892578125, 1100.6011962890625, 715.366455078125]",instant_head_turn
86.62426666666667,person_349,Head Turning,orange,0.8,research_rules,Head turned RIGHT (35.2° detected instantly),"[759.53271484375, 245.3057861328125, 867.80859375, 391.2618408203125]",instant_head_turn
86.72096666666667,person_286,Phone Usage,red,0.95,research_rules,Phone detected for 10 consecutive frames (1.0s),"[187.66156005859375, 205.6510009765625, 583.1375122070312, 688.606201171875]",phone_consecutive_frames
86.83173333333333,person_319,Head Turning,orange,0.8,research_rules,Head turned RIGHT (33.6° detected instantly),"[527.592529296875, 253.98956298828125, 637.8746337890625, 465.56439208984375]",instant_head_turn
86.83173333333333,person_286,Phone Usage,red,0.95,research_rules,Phone detected for 11 consecutive frames (1.1s),"[189.7847900390625, 205.67076110839844, 582.2347412109375, 690.371337890625]",phone_consecutive_frames
86.83173333333333,person_327,Head Turning,orange,0.8,research_rules,Head turned RIGHT (33.0° detected instantly),"[831.2099609375, 253.1844482421875, 1055.6448974609375, 515.796630859375]",instant_head_turn
87.1205,person_387,Head Turning,orange,0.8,research_rules,Head turned RIGHT (33.1° detected instantly),"[253.98532104492188, 274.3626708984375, 338.3484191894531, 360.06494140625]",instant_head_turn
87.1205,person_363,Head Turning,orange,0.8,research_rules,Head turned RIGHT (30.6° detected instantly),"[152.81063842773438, 283.3280334472656, 255.61404418945312, 430.8782653808594]",instant_head_turn
87.32856666666667,person_349,Head Turning,orange,0.8,research_rules,Head turned RIGHT (35.1° detected instantly),"[776.303466796875, 244.79348754882812, 864.895263671875, 379.7907409667969]",instant_head_turn
87.4244,person_414,Hand Extension,orange,0.85,research_rules,Sustained sideward hand extension: right_wrist_extreme_sideward_reach (sustained for 0.7s),"[882.3875732421875, 1.873046875, 1279.1439208984375, 708.0425415039062]",hand_extended_sustained
87.63196666666667,person_327,Head Turning,orange,0.8,research_rules,Head turned RIGHT (34.3° detected instantly),"[834.82568359375, 254.3714599609375, 1067.5443115234375, 520.8434448242188]",instant_head_turn
87.93593333333334,person_372,Head Turning,orange,0.8,research_rules,Head turned RIGHT (35.2° detected instantly),"[977.049560546875, 278.3425598144531, 1070.605224609375, 421.8500671386719]",instant_head_turn
88.03226666666667,person_352,Head Turning,orange,0.8,research_rules,Head turned RIGHT (31.9° detected instantly),"[5.3936004638671875, 254.1279296875, 219.48321533203125, 711.484130859375]",instant_head_turn
88.03226666666667,person_319,Head Turning,orange,0.8,research_rules,Head turned RIGHT (33.4° detected instantly),"[534.659423828125, 254.07620239257812, 636.5867919921875, 464.2510070800781]",instant_head_turn
88.03226666666667,person_363,Head Turning,orange,0.8,research_rules,Head turned RIGHT (32.2° detected instantly),"[131.46145629882812, 283.1317138671875, 247.94036865234375, 440.61767578125]",instant_head_turn
88.1283,person_286,Phone Usage,red,0.95,research_rules,Phone detected for 10 consecutive frames (1.0s),"[187.6083984375, 210.49053955078125, 581.9525146484375, 705.98779296875]",phone_consecutive_frames
88.1283,person_296,Head Turning,orange,0.8,research_rules,Head turned RIGHT (32.6° detected instantly),"[614.0303955078125, 267.49249267578125, 702.7598876953125, 443.84393310546875]",instant_head_turn
88.22406666666667,person_349,Head Turning,orange,0.8,research_rules,Head turned RIGHT (30.7° detected instantly),"[789.8800659179688, 244.307861328125, 863.7609252929688, 376.8804931640625]",instant_head_turn
88.22406666666667,person_327,Head Turning,orange,0.8,research_rules,Head turned RIGHT (33.0° detected instantly),"[835.4725341796875, 266.338623046875, 1067.0738525390625, 522.0634155273438]",instant_head_turn
88.52786666666667,person_372,Head Turning,orange,0.8,research_rules,Head turned RIGHT (31.6° detected instantly),"[975.4503784179688, 277.09844970703125, 1074.951904296875, 425.13128662109375]",instant_head_turn
88.63986666666668,person_363,Head Turning,orange,0.8,research_rules,Head turned RIGHT (30.1° detected instantly),"[136.29385375976562, 284.18603515625, 252.64138793945312, 436.81494140625]",instant_head_turn
88.7358,person_296,Head Turning,orange,0.8,research_rules,Head turned RIGHT (34.2° detected instantly),"[614.0928955078125, 267.58404541015625, 702.992919921875, 426.35552978515625]",instant_head_turn
88.8319,person_319,Head Turning,orange,0.8,research_rules,Head turned RIGHT (33.0° detected instantly),"[531.296875, 251.89202880859375, 647.158203125, 463.29510498046875]",instant_head_turn
89.03983333333333,person_327,Head Turning,orange,0.8,research_rules,Head turned RIGHT (30.3° detected instantly),"[831.7200927734375, 259.89361572265625, 1047.9000244140625, 519.1121826171875]",instant_head_turn
89.03983333333333,person_372,Head Turning,orange,0.8,research_rules,Head turned RIGHT (35.1° detected instantly),"[958.0250244140625, 277.951171875, 1074.1407470703125, 432.0238037109375]",instant_head_turn
89.13603333333334,person_387,Head Turning,orange,0.8,research_rules,Head turned RIGHT (33.4° detected instantly),"[258.5483093261719, 276.79046630859375, 352.1149597167969, 358.08001708984375]",instant_head_turn
89.23193333333334,person_363,Head Turning,orange,0.8,research_rules,Head turned RIGHT (34.0° detected instantly),"[144.42733764648438, 283.19439697265625, 254.59127807617188, 433.0322265625]",instant_head_turn
89.43973333333334,person_349,Head Turning,orange,0.8,research_rules,Head turned RIGHT (30.2° detected instantly),"[786.248046875, 246.2344970703125, 857.6796875, 382.25830078125]",instant_head_turn
89.53593333333333,person_319,Head Turning,orange,0.8,research_rules,Head turned RIGHT (34.2° detected instantly),"[530.8687133789062, 247.72808837890625, 640.4856567382812, 457.21563720703125]",instant_head_turn
89.53593333333333,person_296,Head Turning,orange,0.8,research_rules,Head turned RIGHT (34.2° detected instantly),"[614.72021484375, 268.0877685546875, 694.120849609375, 419.5006103515625]",instant_head_turn
89.63193333333334,person_286,Phone Usage,red,0.95,research_rules,Phone detected for 10 consecutive frames (1.0s),"[184.53399658203125, 210.788818359375, 585.6527709960938, 714.5843505859375]",phone_consecutive_frames
89.63193333333334,person_327,Head Turning,orange,0.8,research_rules,Head turned RIGHT (30.3° detected instantly),"[836.182373046875, 258.71246337890625, 1066.681884765625, 524.56396484375]",instant_head_turn
89.74393333333333,person_286,Phone Usage,red,0.95,research_rules,Phone detected for 11 consecutive frames (1.1s),"[188.75372314453125, 210.19383239746094, 584.2818603515625, 715.02490234375]",phone_consecutive_frames
89.74393333333333,person_363,Head Turning,orange,0.8,research_rules,Head turned RIGHT (32.7° detected instantly),"[144.22634887695312, 282.38818359375, 254.5738525390625, 439.7457275390625]",instant_head_turn
89.84003333333334,person_286,Phone Usage,red,0.95,research_rules,Phone detected for 12 consecutive frames (1.2s),"[185.233154296875, 211.1758270263672, 583.6151123046875, 714.8609008789062]",phone_consecutive_frames
89.93606666666668,person_286,Phone Usage,red,0.95,research_rules,Phone detected for 13 consecutive frames (1.3s),"[186.05377197265625, 210.5679931640625, 584.4119262695312, 714.39013671875]",phone_consecutive_frames
89.93606666666668,person_370,Phone Usage,red,0.95,research_rules,Phone detected for 10 consecutive frames (1.0s),"[618.2520751953125, 231.30291748046875, 875.9273681640625, 711.1670532226562]",phone_consecutive_frames
90.0325,person_286,Phone Usage,red,0.95,research_rules,Phone detected for 14 consecutive frames (1.4s),"[183.6265869140625, 210.82598876953125, 584.4326782226562, 715.5756225585938]",phone_consecutive_frames
90.0325,person_370,Phone Usage,red,0.95,research_rules,Phone detected for 11 consecutive frames (1.1s),"[613.5482177734375, 231.40777587890625, 873.4046630859375, 710.7523193359375]",phone_consecutive_frames
90.14393333333334,person_286,Phone Usage,red,0.95,research_rules,Phone detected for 15 consecutive frames (1.5s),"[186.976806640625, 210.27288818359375, 583.0728149414062, 714.9002075195312]",phone_consecutive_frames
90.14393333333334,person_370,Phone Usage,red,0.95,research_rules,Phone detected for 12 consecutive frames (1.2s),"[613.1384887695312, 230.5380859375, 872.2540893554688, 710.913818359375]",phone_consecutive_frames
90.14393333333334,person_319,Head Turning,orange,0.8,research_rules,Head turned RIGHT (34.1° detected instantly),"[527.6607055664062, 247.22576904296875, 629.9210815429688, 455.38055419921875]",instant_head_turn
90.14393333333334,person_327,Head Turning,orange,0.8,research_rules,Head turned RIGHT (33.5° detected instantly),"[833.7340087890625, 269.75140380859375, 1065.4840087890625, 523.9774169921875]",instant_head_turn
90.14393333333334,person_296,Head Turning,orange,0.8,research_rules,Head turned RIGHT (34.1° detected instantly),"[614.747802734375, 270.0221252441406, 691.505126953125, 413.1872253417969]",instant_head_turn
90.24040000000001,person_286,Phone Usage,red,0.95,research_rules,Phone detected for 16 consecutive frames (1.6s),"[186.456298828125, 210.33917236328125, 584.0654296875, 714.8563842773438]",phone_consecutive_frames
90.24040000000001,person_370,Phone Usage,red,0.95,research_rules,Phone detected for 13 consecutive frames (1.3s),"[613.3548583984375, 230.89820861816406, 872.942626953125, 711.088623046875]",phone_consecutive_frames
90.33633333333334,person_286,Phone Usage,red,0.95,research_rules,Phone detected for 17 consecutive frames (1.7s),"[185.5300750732422, 209.97874450683594, 583.9484252929688, 714.648681640625]",phone_consecutive_frames
90.33633333333334,person_370,Phone Usage,red,0.95,research_rules,Phone detected for 14 consecutive frames (1.4s),"[611.9725341796875, 230.14739990234375, 872.5570068359375, 711.2996215820312]",phone_consecutive_frames
90.33633333333334,person_349,Head Turning,orange,0.8,research_rules,Head turned RIGHT (32.2° detected instantly),"[768.6785888671875, 245.81207275390625, 866.736328125, 376.75091552734375]",instant_head_turn
90.33633333333334,person_363,Head Turning,orange,0.8,research_rules,Head turned RIGHT (30.0° detected instantly),"[140.4283447265625, 282.11236572265625, 254.16070556640625, 441.27410888671875]",instant_head_turn
90.43260000000001,person_286,Phone Usage,red,0.95,research_rules,Phone detected for 18 consecutive frames (1.8s),"[186.53001403808594, 209.7415313720703, 586.294677734375, 714.7136840820312]",phone_consecutive_frames
90.43260000000001,person_370,Phone Usage,red,0.95,research_rules,Phone detected for 15 consecutive frames (1.5s),"[611.7281494140625, 230.8568115234375, 871.2657470703125, 709.862548828125]",phone_consecutive_frames
90.5438,person_286,Phone Usage,red,0.95,research_rules,Phone detected for 19 consecutive frames (1.9s),"[187.05322265625, 209.17063903808594, 586.3994750976562, 715.7626953125]",phone_consecutive_frames
90.5438,person_370,Phone Usage,red,0.95,research_rules,Phone detected for 16 consecutive frames (1.6s),"[612.64453125, 230.33148193359375, 872.4853515625, 709.2811279296875]",phone_consecutive_frames
90.5438,person_370,Head Turning,orange,0.8,research_rules,Head turned RIGHT (34.5° detected instantly),"[612.64453125, 230.33148193359375, 872.4853515625, 709.2811279296875]",instant_head_turn
90.5438,person_414,Head Turning,orange,0.8,research_rules,Head turned RIGHT (31.5° detected instantly),"[943.5048828125, 4.70751953125, 1278.802490234375, 710.849609375]",instant_head_turn
90.5438,person_437,Head Turning,orange,0.8,research_rules,Head turned RIGHT (31.5° detected instantly),"[993.8195190429688, 280.5428771972656, 1081.618408203125, 431.3740539550781]",instant_head_turn
90.63976666666667,person_286,Phone Usage,red,0.95,research_rules,Phone detected for 20 consecutive frames (2.0s),"[186.4469757080078, 209.61163330078125, 587.9338989257812, 713.3837890625]",phone_consecutive_frames
90.63976666666667,person_370,Phone Usage,red,0.95,research_rules,Phone detected for 17 consecutive frames (1.7s),"[612.8580322265625, 230.61956787109375, 873.2208251953125, 709.6730346679688]",phone_consecutive_frames
90.63976666666667,person_438,Head Turning,orange,0.8,research_rules,Head turned RIGHT (34.0° detected instantly),"[927.4821166992188, 259.44354248046875, 1003.9674682617188, 439.39447021484375]",instant_head_turn
90.73643333333334,person_286,Phone Usage,red,0.95,research_rules,Phone detected for 21 consecutive frames (2.1s),"[186.33013916015625, 210.247802734375, 587.4862670898438, 713.5095825195312]",phone_consecutive_frames
90.73643333333334,person_370,Phone Usage,red,0.95,research_rules,Phone detected for 18 consecutive frames (1.8s),"[613.48876953125, 230.8773193359375, 871.9857177734375, 710.2904052734375]",phone_consecutive_frames
90.73643333333334,person_327,Head Turning,orange,0.8,research_rules,Head turned RIGHT (30.9° detected instantly),"[834.1353759765625, 270.27362060546875, 1065.7291259765625, 523.5463256835938]",instant_head_turn
90.84790000000001,person_286,Phone Usage,red,0.95,research_rules,Phone detected for 22 consecutive frames (2.2s),"[186.59568786621094, 209.32275390625, 587.94140625, 713.4155883789062]",phone_consecutive_frames
90.84790000000001,person_370,Phone Usage,red,0.95,research_rules,Phone detected for 19 consecutive frames (1.9s),"[613.684326171875, 229.302490234375, 873.316162109375, 709.602783203125]",phone_consecutive_frames
90.84790000000001,person_363,Head Turning,orange,0.8,research_rules,Head turned RIGHT (33.0° detected instantly),"[145.40188598632812, 282.1689453125, 254.33151245117188, 441.053955078125]",instant_head_turn
90.94396666666667,person_286,Phone Usage,red,0.95,research_rules,Phone detected for 23 consecutive frames (2.3s),"[186.4085235595703, 211.0543670654297, 588.2457885742188, 713.6433715820312]",phone_consecutive_frames
90.94396666666667,person_370,Phone Usage,red,0.95,research_rules,Phone detected for 20 consecutive frames (2.0s),"[613.5289306640625, 229.42431640625, 873.8223876953125, 709.399658203125]",phone_consecutive_frames
91.03976666666667,person_286,Phone Usage,red,0.95,research_rules,Phone detected for 24 consecutive frames (2.4s),"[186.77899169921875, 211.1021728515625, 586.4799194335938, 715.7035522460938]",phone_consecutive_frames
91.03976666666667,person_370,Phone Usage,red,0.95,research_rules,Phone detected for 21 consecutive frames (2.1s),"[614.695556640625, 229.963134765625, 874.0172119140625, 709.40283203125]",phone_consecutive_frames
91.13603333333334,person_286,Phone Usage,red,0.95,research_rules,Phone detected for 25 consecutive frames (2.5s),"[182.48590087890625, 210.75926208496094, 587.6759033203125, 715.06005859375]",phone_consecutive_frames
91.13603333333334,person_370,Phone Usage,red,0.95,research_rules,Phone detected for 22 consecutive frames (2.2s),"[613.4678955078125, 228.39329528808594, 873.77734375, 709.6181640625]",phone_consecutive_frames
91.13603333333334,person_319,Head Turning,orange,0.8,research_rules,Head turned RIGHT (35.0° detected instantly),"[527.8207397460938, 247.0396728515625, 633.4806518554688, 461.213623046875]",instant_head_turn
91.13603333333334,person_296,Head Turning,orange,0.8,research_rules,Head turned RIGHT (35.0° detected instantly),"[614.5059814453125, 269.6167907714844, 686.4034423828125, 409.4828186035156]",instant_head_turn
91.24770000000001,person_286,Phone Usage,red,0.95,research_rules,Phone detected for 26 consecutive frames (2.6s),"[186.43226623535156, 211.13043212890625, 588.9603271484375, 713.086181640625]",phone_consecutive_frames
91.24770000000001,person_370,Phone Usage,red,0.95,research_rules,Phone detected for 23 consecutive frames (2.3s),"[613.6641845703125, 230.0592498779297, 873.3360595703125, 708.6593627929688]",phone_consecutive_frames
91.34403333333334,person_286,Phone Usage,red,0.95,research_rules,Phone detected for 27 consecutive frames (2.7s),"[185.48394775390625, 209.6579132080078, 586.5757446289062, 714.3967895507812]",phone_consecutive_frames
91.34403333333334,person_370,Phone Usage,red,0.95,research_rules,Phone detected for 24 consecutive frames (2.4s),"[613.0838623046875, 229.9013671875, 871.2474365234375, 709.859375]",phone_consecutive_frames
91.44020000000002,person_286,Phone Usage,red,0.95,research_rules,Phone detected for 28 consecutive frames (2.8s),"[186.39601135253906, 210.65760803222656, 589.098388671875, 713.030517578125]",phone_consecutive_frames
91.44020000000002,person_370,Phone Usage,red,0.95,research_rules,Phone detected for 25 consecutive frames (2.5s),"[612.8580322265625, 229.99053955078125, 872.4769287109375, 709.66162109375]",phone_consecutive_frames
91.44020000000002,person_363,Head Turning,orange,0.8,research_rules,Head turned RIGHT (33.6° detected instantly),"[145.58822631835938, 282.07989501953125, 254.32989501953125, 440.12176513671875]",instant_head_turn
91.44020000000002,person_327,Head Turning,orange,0.8,research_rules,Head turned RIGHT (30.1° detected instantly),"[834.387451171875, 269.43878173828125, 1063.6060791015625, 521.2005615234375]",instant_head_turn
91.5368,person_286,Phone Usage,red,0.95,research_rules,Phone detected for 29 consecutive frames (2.9s),"[186.2034149169922, 210.54248046875, 589.2394409179688, 715.1908569335938]",phone_consecutive_frames
91.5368,person_370,Phone Usage,red,0.95,research_rules,Phone detected for 26 consecutive frames (2.6s),"[612.7064208984375, 230.87347412109375, 871.8338623046875, 708.5516967773438]",phone_consecutive_frames
91.64773333333333,person_286,Phone Usage,red,0.95,research_rules,Phone detected for 30 consecutive frames (3.0s),"[185.72039794921875, 210.615966796875, 589.8678588867188, 712.428466796875]",phone_consecutive_frames
91.64773333333333,person_370,Phone Usage,red,0.95,research_rules,Phone detected for 27 consecutive frames (2.7s),"[611.1591796875, 230.58831787109375, 870.40869140625, 709.421875]",phone_consecutive_frames
91.74446666666667,person_286,Phone Usage,red,0.95,research_rules,Phone detected for 31 consecutive frames (3.1s),"[186.96702575683594, 212.10308837890625, 588.6904296875, 713.5498657226562]",phone_consecutive_frames
91.74446666666667,person_370,Phone Usage,red,0.95,research_rules,Phone detected for 28 consecutive frames (2.8s),"[611.1630859375, 232.03173828125, 871.209716796875, 709.7628173828125]",phone_consecutive_frames
91.74446666666667,person_319,Head Turning,orange,0.8,research_rules,Head turned RIGHT (35.0° detected instantly),"[529.8231811523438, 251.21142578125, 634.2008666992188, 466.45721435546875]",instant_head_turn
91.74446666666667,person_296,Head Turning,orange,0.8,research_rules,Head turned RIGHT (35.0° detected instantly),"[613.8585205078125, 275.273193359375, 676.6949462890625, 394.3765869140625]",instant_head_turn
91.8401,person_286,Phone Usage,red,0.95,research_rules,Phone detected for 32 consecutive frames (3.2s),"[186.13824462890625, 210.9881591796875, 587.622802734375, 712.654052734375]",phone_consecutive_frames
91.8401,person_370,Phone Usage,red,0.95,research_rules,Phone detected for 29 consecutive frames (2.9s),"[610.6571044921875, 230.59716796875, 870.5125732421875, 709.4735107421875]",phone_consecutive_frames
91.8401,person_349,Head Turning,orange,0.8,research_rules,Head turned RIGHT (33.8° detected instantly),"[765.4712524414062, 245.7152099609375, 867.4183959960938, 377.7740478515625]",instant_head_turn
91.952,person_286,Phone Usage,red,0.95,research_rules,Phone detected for 33 consecutive frames (3.3s),"[186.85325622558594, 210.85186767578125, 586.208984375, 714.7865600585938]",phone_consecutive_frames
91.952,person_370,Phone Usage,red,0.95,research_rules,Phone detected for 30 consecutive frames (3.0s),"[610.0112915039062, 232.65240478515625, 869.9911499023438, 709.9432373046875]",phone_consecutive_frames
91.952,person_370,Head Turning,orange,0.8,research_rules,Head turned RIGHT (31.0° detected instantly),"[610.0112915039062, 232.65240478515625, 869.9911499023438, 709.9432373046875]",instant_head_turn
91.952,person_327,Head Turning,orange,0.8,research_rules,Head turned RIGHT (35.1° detected instantly),"[829.6070556640625, 269.22332763671875, 1066.24951171875, 521.1395874023438]",instant_head_turn
92.048,person_286,Phone Usage,red,0.95,research_rules,Phone detected for 34 consecutive frames (3.4s),"[184.6392059326172, 211.41290283203125, 588.8092651367188, 713.1968994140625]",phone_consecutive_frames
92.048,person_370,Phone Usage,red,0.95,research_rules,Phone detected for 31 consecutive frames (3.1s),"[607.7958374023438, 231.37486267089844, 869.7771606445312, 709.8187255859375]",phone_consecutive_frames
92.048,person_352,Head Turning,orange,0.8,research_rules,Head turned RIGHT (30.6° detected instantly),"[9.581710815429688, 281.241943359375, 220.7972869873047, 712.3740234375]",instant_head_turn
92.048,person_363,Head Turning,orange,0.8,research_rules,Head turned RIGHT (33.2° detected instantly),"[144.2359619140625, 281.9345703125, 254.78265380859375, 439.6080322265625]",instant_head_turn
92.048,person_438,Head Turning,orange,0.8,research_rules,Head turned RIGHT (34.3° detected instantly),"[929.7576904296875, 258.38677978515625, 1002.6336669921875, 438.30914306640625]",instant_head_turn
92.14406666666667,person_286,Phone Usage,red,0.95,research_rules,Phone detected for 35 consecutive frames (3.5s),"[186.4058074951172, 211.57386779785156, 588.4656372070312, 712.92236328125]",phone_consecutive_frames
92.14406666666667,person_370,Phone Usage,red,0.95,research_rules,Phone detected for 32 consecutive frames (3.2s),"[608.6864624023438, 230.76007080078125, 869.2617797851562, 708.9229736328125]",phone_consecutive_frames
92.24093333333333,person_286,Phone Usage,red,0.95,research_rules,Phone detected for 36 consecutive frames (3.6s),"[187.32867431640625, 211.6512451171875, 588.2177734375, 713.0222778320312]",phone_consecutive_frames
92.24093333333333,person_370,Phone Usage,red,0.95,research_rules,Phone detected for 33 consecutive frames (3.3s),"[609.6253662109375, 230.0596923828125, 867.0069580078125, 710.3635864257812]",phone_consecutive_frames
92.35166666666667,person_286,Phone Usage,red,0.95,research_rules,Phone detected for 37 consecutive frames (3.7s),"[187.40025329589844, 210.94097900390625, 589.3216552734375, 713.1669921875]",phone_consecutive_frames
92.35166666666667,person_370,Phone Usage,red,0.95,research_rules,Phone detected for 34 consecutive frames (3.4s),"[610.8642578125, 228.6590576171875, 868.863525390625, 710.2764892578125]",phone_consecutive_frames
92.35166666666667,person_319,Head Turning,orange,0.8,research_rules,Head turned RIGHT (33.0° detected instantly),"[530.4075927734375, 252.08013916015625, 634.3370361328125, 467.01885986328125]",instant_head_turn
92.44853333333334,person_286,Phone Usage,red,0.95,research_rules,Phone detected for 38 consecutive frames (3.8s),"[187.4630126953125, 211.8041534423828, 588.2237548828125, 713.0347290039062]",phone_consecutive_frames
92.44853333333334,person_370,Phone Usage,red,0.95,research_rules,Phone detected for 35 consecutive frames (3.5s),"[613.2462158203125, 230.8828125, 868.8299560546875, 708.411376953125]",phone_consecutive_frames
92.54453333333333,person_286,Phone Usage,red,0.95,research_rules,Phone detected for 39 consecutive frames (3.9s),"[186.54425048828125, 211.44390869140625, 587.7245483398438, 713.19384765625]",phone_consecutive_frames
92.54453333333333,person_370,Phone Usage,red,0.95,research_rules,Phone detected for 36 consecutive frames (3.6s),"[616.7968139648438, 229.7579345703125, 871.3955688476562, 710.9850463867188]",phone_consecutive_frames
92.54453333333333,person_327,Head Turning,orange,0.8,research_rules,Head turned RIGHT (30.7° detected instantly),"[832.418212890625, 269.53436279296875, 1068.85400390625, 521.1304321289062]",instant_head_turn
92.65593333333334,person_286,Phone Usage,red,0.95,research_rules,Phone detected for 40 consecutive frames (4.0s),"[186.4944305419922, 210.5615234375, 588.1227416992188, 712.7742919921875]",phone_consecutive_frames
92.65593333333334,person_370,Phone Usage,red,0.95,research_rules,Phone detected for 37 consecutive frames (3.7s),"[620.190185546875, 227.5252685546875, 874.47900390625, 709.8814086914062]",phone_consecutive_frames
92.65593333333334,person_296,Head Turning,orange,0.8,research_rules,Head turned RIGHT (33.2° detected instantly),"[593.4530029296875, 273.2601318359375, 705.3460693359375, 414.83319091796875]",instant_head_turn
92.65593333333334,person_363,Head Turning,orange,0.8,research_rules,Head turned RIGHT (32.9° detected instantly),"[141.82080078125, 281.008544921875, 254.22781372070312, 440.90576171875]",instant_head_turn
92.65593333333334,person_438,Head Turning,orange,0.8,research_rules,Head turned RIGHT (33.5° detected instantly),"[930.4539794921875, 258.1239013671875, 1002.3468017578125, 439.2001953125]",instant_head_turn
92.75206666666666,person_286,Phone Usage,red,0.95,research_rules,Phone detected for 40 consecutive frames (4.0s),"[186.51402282714844, 211.63380432128906, 588.20361328125, 713.385498046875]",phone_consecutive_frames
92.75206666666666,person_370,Phone Usage,red,0.95,research_rules,Phone detected for 38 consecutive frames (3.8s),"[624.1188354492188, 228.84320068359375, 875.2013549804688, 711.8549194335938]",phone_consecutive_frames
92.8482,person_286,Phone Usage,red,0.95,research_rules,Phone detected for 40 consecutive frames (4.0s),"[186.95770263671875, 210.92938232421875, 587.0302734375, 712.713623046875]",phone_consecutive_frames
92.8482,person_370,Phone Usage,red,0.95,research_rules,Phone detected for 39 consecutive frames (3.9s),"[623.260986328125, 227.32427978515625, 877.66357421875, 710.5875244140625]",phone_consecutive_frames
92.94383333333334,person_286,Phone Usage,red,0.95,research_rules,Phone detected for 40 consecutive frames (4.0s),"[185.62733459472656, 211.6861572265625, 587.15673828125, 712.7587890625]",phone_consecutive_frames
92.94383333333334,person_370,Phone Usage,red,0.95,research_rules,Phone detected for 40 consecutive frames (4.0s),"[625.3745727539062, 231.42247009277344, 879.1331176757812, 711.6788330078125]",phone_consecutive_frames
92.94383333333334,person_319,Head Turning,orange,0.8,research_rules,Head turned RIGHT (33.5° detected instantly),"[530.6934814453125, 252.2940673828125, 642.275634765625, 468.0206298828125]",instant_head_turn
93.056,person_286,Phone Usage,red,0.95,research_rules,Phone detected for 40 consecutive frames (4.0s),"[186.6162109375, 211.00331115722656, 586.0887451171875, 713.289794921875]",phone_consecutive_frames
93.056,person_370,Phone Usage,red,0.95,research_rules,Phone detected for 40 consecutive frames (4.0s),"[625.3572998046875, 229.08319091796875, 878.0853271484375, 712.5614013671875]",phone_consecutive_frames
93.056,person_352,Head Turning,orange,0.8,research_rules,Head turned RIGHT (30.6° detected instantly),"[7.4333648681640625, 284.7368469238281, 221.17466735839844, 712.41845703125]",instant_head_turn
93.152,person_286,Phone Usage,red,0.95,research_rules,Phone detected for 40 consecutive frames (4.0s),"[186.31298828125, 211.04229736328125, 587.601318359375, 712.7787475585938]",phone_consecutive_frames
93.152,person_370,Phone Usage,red,0.95,research_rules,Phone detected for 40 consecutive frames (4.0s),"[625.36376953125, 232.1815185546875, 880.07958984375, 710.916748046875]",phone_consecutive_frames
93.24783333333333,person_286,Phone Usage,red,0.95,research_rules,Phone detected for 40 consecutive frames (4.0s),"[186.25860595703125, 211.40289306640625, 586.5142822265625, 712.9456787109375]",phone_consecutive_frames
93.24783333333333,person_370,Phone Usage,red,0.95,research_rules,Phone detected for 40 consecutive frames (4.0s),"[624.0036010742188, 231.14324951171875, 878.9242553710938, 711.0599975585938]",phone_consecutive_frames
93.24783333333333,person_363,Head Turning,orange,0.8,research_rules,Head turned RIGHT (32.6° detected instantly),"[142.06146240234375, 281.668701171875, 253.98187255859375, 438.5418701171875]",instant_head_turn
93.34400000000001,person_286,Phone Usage,red,0.95,research_rules,Phone detected for 40 consecutive frames (4.0s),"[186.2537841796875, 208.4311981201172, 584.73681640625, 714.3494262695312]",phone_consecutive_frames
93.34400000000001,person_370,Phone Usage,red,0.95,research_rules,Phone detected for 40 consecutive frames (4.0s),"[619.98291015625, 230.23638916015625, 880.4013671875, 710.6749267578125]",phone_consecutive_frames
93.34400000000001,person_414,Head Turning,orange,0.8,research_rules,Head turned RIGHT (34.9° detected instantly),"[966.404541015625, 3.89544677734375, 1279.0966796875, 710.2540893554688]",instant_head_turn
93.34400000000001,person_438,Head Turning,orange,0.8,research_rules,Head turned RIGHT (31.6° detected instantly),"[929.6875, 256.5433654785156, 1002.6162109375, 439.1911926269531]",instant_head_turn
93.45586666666667,person_286,Phone Usage,red,0.95,research_rules,Phone detected for 40 consecutive frames (4.0s),"[184.63348388671875, 202.8544921875, 587.07470703125, 713.046875]",phone_consecutive_frames
93.45586666666667,person_370,Phone Usage,red,0.95,research_rules,Phone detected for 40 consecutive frames (4.0s),"[615.6004638671875, 226.64915466308594, 879.9876708984375, 711.411376953125]",phone_consecutive_frames
93.45586666666667,person_319,Head Turning,orange,0.8,research_rules,Head turned RIGHT (33.1° detected instantly),"[530.8822021484375, 245.08065795898438, 641.8304443359375, 462.3794250488281]",instant_head_turn
93.45586666666667,person_327,Head Turning,orange,0.8,research_rules,Head turned RIGHT (31.6° detected instantly),"[836.4908447265625, 264.5567626953125, 1073.5345458984375, 519.926025390625]",instant_head_turn
93.552,person_286,Phone Usage,red,0.95,research_rules,Phone detected for 40 consecutive frames (4.0s),"[182.8819580078125, 199.8341064453125, 586.8018798828125, 712.72314453125]",phone_consecutive_frames
93.552,person_370,Phone Usage,red,0.95,research_rules,Phone detected for 40 consecutive frames (4.0s),"[614.18212890625, 223.41493225097656, 878.0517578125, 711.8040771484375]",phone_consecutive_frames
93.552,person_296,Head Turning,orange,0.8,research_rules,Head turned RIGHT (34.8° detected instantly),"[606.1754150390625, 261.27337646484375, 712.9573974609375, 410.42523193359375]",instant_head_turn
93.6479,person_286,Phone Usage,red,0.95,research_rules,Phone detected for 40 consecutive frames (4.0s),"[183.3863525390625, 198.78106689453125, 585.655029296875, 714.3531494140625]",phone_consecutive_frames
93.6479,person_370,Phone Usage,red,0.95,research_rules,Phone detected for 40 consecutive frames (4.0s),"[615.2324829101562, 225.81005859375, 876.4457397460938, 710.60205078125]",phone_consecutive_frames
93.6479,person_440,Head Turning,orange,0.8,research_rules,Head turned RIGHT (30.7° detected instantly),"[268.03082275390625, 263.53875732421875, 347.34844970703125, 335.14691162109375]",instant_head_turn
93.7598,person_286,Phone Usage,red,0.95,research_rules,Phone detected for 40 consecutive frames (4.0s),"[184.41827392578125, 191.8778076171875, 588.294677734375, 714.343017578125]",phone_consecutive_frames
93.7598,person_370,Phone Usage,red,0.95,research_rules,Phone detected for 40 consecutive frames (4.0s),"[614.81787109375, 218.89459228515625, 876.6611328125, 711.6128540039062]",phone_consecutive_frames
93.7598,person_363,Head Turning,orange,0.8,research_rules,Head turned RIGHT (31.5° detected instantly),"[141.17620849609375, 260.1051025390625, 252.40670776367188, 416.7691650390625]",instant_head_turn
93.85596666666667,person_370,Phone Usage,red,0.95,research_rules,Phone detected for 40 consecutive frames (4.0s),"[615.1437377929688, 215.7137451171875, 877.4225463867188, 711.317626953125]",phone_consecutive_frames
93.952,person_370,Phone Usage,red,0.95,research_rules,Phone detected for 40 consecutive frames (4.0s),"[615.9827880859375, 215.09539794921875, 877.5814208984375, 711.9446411132812]",phone_consecutive_frames
94.04813333333334,person_370,Phone Usage,red,0.95,research_rules,Phone detected for 40 consecutive frames (4.0s),"[617.228759765625, 210.45855712890625, 879.33935546875, 711.2401123046875]",phone_consecutive_frames
94.04813333333334,person_319,Head Turning,orange,0.8,research_rules,Head turned RIGHT (32.8° detected instantly),"[532.4067993164062, 232.31683349609375, 640.8196411132812, 449.0135498046875]",instant_head_turn
94.15976666666667,person_370,Phone Usage,red,0.95,research_rules,Phone detected for 40 consecutive frames (4.0s),"[614.59033203125, 210.386474609375, 879.633544921875, 712.2166748046875]",phone_consecutive_frames
94.15976666666667,person_296,Head Turning,orange,0.8,research_rules,Head turned RIGHT (34.8° detected instantly),"[607.953857421875, 254.58697509765625, 715.28173828125, 400.92840576171875]",instant_head_turn
94.15976666666667,person_327,Head Turning,orange,0.8,research_rules,Head turned RIGHT (32.7° detected instantly),"[834.7957763671875, 254.3944091796875, 1003.7191162109375, 488.3232421875]",instant_head_turn
94.15976666666667,person_450,Head Turning,orange,0.8,research_rules,Head turned RIGHT (30.6° detected instantly),"[224.32391357421875, 294.2419738769531, 267.1282653808594, 344.4559631347656]",instant_head_turn
94.2561,person_370,Phone Usage,red,0.95,research_rules,Phone detected for 40 consecutive frames (4.0s),"[614.771728515625, 211.2794647216797, 879.649169921875, 712.0543823242188]",phone_consecutive_frames
94.2561,person_448,Head Turning,orange,0.8,research_rules,Head turned RIGHT (34.7° detected instantly),"[996.0369873046875, 265.23907470703125, 1074.1263427734375, 423.35162353515625]",instant_head_turn
94.35193333333333,person_370,Phone Usage,red,0.95,research_rules,Phone detected for 40 consecutive frames (4.0s),"[613.3719482421875, 211.05914306640625, 880.2027587890625, 710.7552490234375]",phone_consecutive_frames
94.35193333333333,person_363,Head Turning,orange,0.8,research_rules,Head turned RIGHT (31.6° detected instantly),"[140.81158447265625, 257.74603271484375, 252.25384521484375, 415.77044677734375]",instant_head_turn
94.44856666666666,person_370,Phone Usage,red,0.95,research_rules,Phone detected for 40 consecutive frames (4.0s),"[608.4300537109375, 211.51373291015625, 880.6773681640625, 711.1539306640625]",phone_consecutive_frames
94.55973333333334,person_370,Phone Usage,red,0.95,research_rules,Phone detected for 40 consecutive frames (4.0s),"[599.9498291015625, 211.60418701171875, 885.279541015625, 711.0057373046875]",phone_consecutive_frames
94.55973333333334,person_438,Head Turning,orange,0.8,research_rules,Head turned RIGHT (31.8° detected instantly),"[921.5613403320312, 238.34222412109375, 1001.8938598632812, 423.87872314453125]",instant_head_turn
94.65610000000001,person_370,Phone Usage,red,0.95,research_rules,Phone detected for 40 consecutive frames (4.0s),"[600.025390625, 209.62939453125, 903.2728271484375, 711.7992553710938]",phone_consecutive_frames
94.75240000000001,person_370,Phone Usage,red,0.95,research_rules,Phone detected for 40 consecutive frames (4.0s),"[600.446533203125, 202.00462341308594, 914.2099609375, 710.880859375]",phone_consecutive_frames
94.75240000000001,person_319,Head Turning,orange,0.8,research_rules,Head turned RIGHT (33.2° detected instantly),"[533.8306884765625, 224.38958740234375, 636.17333984375, 442.27978515625]",instant_head_turn
94.75240000000001,person_296,Head Turning,orange,0.8,research_rules,Head turned RIGHT (33.2° detected instantly),"[608.18212890625, 245.7666015625, 680.373291015625, 381.1396484375]",instant_head_turn
94.86370000000001,person_370,Phone Usage,red,0.95,research_rules,Phone detected for 40 consecutive frames (4.0s),"[612.7049560546875, 215.13636779785156, 915.4365234375, 711.526611328125]",phone_consecutive_frames
94.86370000000001,person_363,Head Turning,orange,0.8,research_rules,Head turned RIGHT (30.8° detected instantly),"[142.06658935546875, 262.70611572265625, 252.46621704101562, 422.05450439453125]",instant_head_turn
94.9597,person_370,Phone Usage,red,0.95,research_rules,Phone detected for 40 consecutive frames (4.0s),"[607.264404296875, 215.9039306640625, 916.1881103515625, 712.3682861328125]",phone_consecutive_frames
95.05633333333334,person_370,Phone Usage,red,0.95,research_rules,Phone detected for 40 consecutive frames (4.0s),"[581.811279296875, 213.4735107421875, 915.8125, 711.378662109375]",phone_consecutive_frames
95.15276666666666,person_370,Phone Usage,red,0.95,research_rules,Phone detected for 40 consecutive frames (4.0s),"[585.6243896484375, 213.768798828125, 919.2586669921875, 712.1065673828125]",phone_consecutive_frames
95.15276666666666,person_327,Head Turning,orange,0.8,research_rules,Head turned RIGHT (34.4° detected instantly),"[834.684814453125, 258.745849609375, 1053.9698486328125, 507.2130126953125]",instant_head_turn
