timestamp,person_id,event_type,severity,confidence,source,details,bbox,rule_triggered
3.246440550673696,person_002,Frequent Head Turning,orange,0.8,research_rules,Head turned 3 times in window (current angle: 0.0°),"[429.35052490234375, 277.977294921875, 532.6607055664062, 457.200927734375]",head_turn_frequency
5.5557642413591095,person_002,Frequent Head Turning,orange,0.8,research_rules,Head turned 5 times in window (current angle: 9.7°),"[423.886474609375, 277.33514404296875, 515.80322265625, 455.90692138671875]",head_turn_frequency
7.5638717984768595,person_002,Frequent Head Turning,orange,0.8,research_rules,Head turned 8 times in window (current angle: 0.0°),"[427.44903564453125, 277.975341796875, 499.95806884765625, 456.1322021484375]",head_turn_frequency
8.76873633274751,person_001,Suspicious Hand Activity,orange,0.7,research_rules,Hand gesture detected: right_wrist_near_head for 1.1s,"[470.5749816894531, 342.91278076171875, 699.075439453125, 572.1474609375]",hand_extended_duration
8.869141710603397,person_001,Suspicious Hand Activity,orange,0.7,research_rules,Hand gesture detected: right_wrist_near_head for 1.2s,"[470.3336486816406, 343.500244140625, 699.8104248046875, 572.1767578125]",hand_extended_duration
8.969547088459285,person_001,Suspicious Hand Activity,orange,0.7,research_rules,Hand gesture detected: right_wrist_near_head for 1.3s,"[471.1656494140625, 342.31689453125, 699.814697265625, 572.384765625]",hand_extended_duration
9.069952466315172,person_001,Suspicious Hand Activity,orange,0.7,research_rules,Hand gesture detected: right_wrist_near_head for 1.4s,"[470.455810546875, 340.9490966796875, 700.3087158203125, 572.7899169921875]",hand_extended_duration
9.17035784417106,person_001,Suspicious Hand Activity,orange,0.7,research_rules,Hand gesture detected: right_wrist_near_head for 1.5s,"[471.1226806640625, 341.18682861328125, 699.6561279296875, 572.6952514648438]",hand_extended_duration
9.270763222026947,person_001,Suspicious Hand Activity,orange,0.7,research_rules,Hand gesture detected: right_wrist_near_head for 1.6s,"[470.015380859375, 341.150390625, 700.179443359375, 572.6026000976562]",hand_extended_duration
9.371168599882834,person_001,Suspicious Hand Activity,orange,0.7,research_rules,Hand gesture detected: right_wrist_near_head for 1.7s,"[469.84112548828125, 339.91058349609375, 699.6991577148438, 572.447509765625]",hand_extended_duration
9.471573977738723,person_001,Suspicious Hand Activity,orange,0.7,research_rules,Hand gesture detected: right_wrist_near_head for 1.8s,"[471.70648193359375, 341.42626953125, 699.0755004882812, 573.4454345703125]",hand_extended_duration
9.57197935559461,person_002,Frequent Head Turning,orange,0.8,research_rules,Head turned 5 times in window (current angle: 0.0°),"[418.20263671875, 278.415283203125, 507.281982421875, 456.32598876953125]",head_turn_frequency
9.57197935559461,person_001,Suspicious Hand Activity,orange,0.7,research_rules,Hand gesture detected: right_wrist_near_head for 1.9s,"[472.112060546875, 340.45965576171875, 699.2884521484375, 572.9578857421875]",hand_extended_duration
9.672384733450498,person_001,Suspicious Hand Activity,orange,0.7,research_rules,Hand gesture detected: right_wrist_near_head for 2.0s,"[469.2576904296875, 339.66290283203125, 699.8836669921875, 572.7202758789062]",hand_extended_duration
9.772790111306385,person_001,Suspicious Hand Activity,orange,0.7,research_rules,Hand gesture detected: right_wrist_near_head for 2.1s,"[469.9318542480469, 338.567626953125, 699.542236328125, 572.286376953125]",hand_extended_duration
9.873195489162272,person_001,Suspicious Hand Activity,orange,0.7,research_rules,Hand gesture detected: right_wrist_near_head for 2.2s,"[471.6960754394531, 336.36956787109375, 699.64892578125, 571.8905029296875]",hand_extended_duration
9.97360086701816,person_001,Suspicious Hand Activity,orange,0.7,research_rules,Hand gesture detected: right_wrist_near_head for 2.3s,"[471.62445068359375, 340.51104736328125, 699.3707885742188, 571.7691040039062]",hand_extended_duration
10.074006244874047,person_001,Suspicious Hand Activity,orange,0.7,research_rules,Hand gesture detected: right_wrist_near_head for 2.4s,"[472.8861999511719, 339.25091552734375, 698.52734375, 572.09716796875]",hand_extended_duration
10.174411622729934,person_001,Suspicious Hand Activity,orange,0.7,research_rules,Hand gesture detected: right_wrist_near_head for 2.5s,"[473.6813049316406, 334.08740234375, 698.6817626953125, 571.9354858398438]",hand_extended_duration
13.98981598125366,person_006,Frequent Head Turning,orange,0.8,research_rules,Head turned 3 times in window (current angle: 18.0°),"[0.0, 239.56951904296875, 196.0537567138672, 522.5787963867188]",head_turn_frequency
15.997923538371412,person_006,Frequent Head Turning,orange,0.8,research_rules,Head turned 5 times in window (current angle: 0.0°),"[0.0, 237.4190673828125, 192.98965454101562, 522.497802734375]",head_turn_frequency
16.399545049794963,person_002,Frequent Head Turning,orange,0.8,research_rules,Head turned 3 times in window (current angle: 35.0°),"[348.389892578125, 281.08837890625, 470.9093017578125, 435.519287109375]",head_turn_frequency
18.00603109548916,person_006,Frequent Head Turning,orange,0.8,research_rules,Head turned 5 times in window (current angle: 0.0°),"[0.0, 238.813232421875, 225.53250122070312, 601.7244873046875]",head_turn_frequency
18.809274118336262,person_002,Frequent Head Turning,orange,0.8,research_rules,Head turned 3 times in window (current angle: 0.0°),"[178.8222198486328, 289.0262451171875, 373.48675537109375, 514.7735595703125]",head_turn_frequency
20.01413865260691,person_006,Frequent Head Turning,orange,0.8,research_rules,Head turned 4 times in window (current angle: 0.0°),"[21.579315185546875, 265.093017578125, 258.65582275390625, 509.228759765625]",head_turn_frequency
20.315354786174574,person_004,Frequent Head Turning,orange,0.8,research_rules,Head turned 3 times in window (current angle: 0.0°),"[480.66912841796875, 281.25341796875, 582.1823120117188, 456.8245849609375]",head_turn_frequency
20.817381675454012,person_002,Frequent Head Turning,orange,0.8,research_rules,Head turned 3 times in window (current angle: 0.0°),"[116.93905639648438, 283.6256103515625, 383.2352600097656, 585.6536865234375]",head_turn_frequency
21.21900318687756,person_003,Abnormal Looking Down,orange,0.75,research_rules,Looking down abnormally for 1.2s (angle: 24.4°),"[126.62841796875, 182.60423278808594, 548.896240234375, 682.5567626953125]",head_pitch_sustained
22.323462343292324,person_004,Frequent Head Turning,orange,0.8,research_rules,Head turned 3 times in window (current angle: 0.0°),"[525.9088134765625, 282.70489501953125, 626.1571044921875, 411.57049560546875]",head_turn_frequency
23.528326877562975,person_003,Frequent Head Turning,orange,0.8,research_rules,Head turned 3 times in window (current angle: 0.0°),"[139.7682342529297, 183.57386779785156, 549.0875854492188, 682.073486328125]",head_turn_frequency
25.938055946104274,person_006,Abnormal Looking Down,orange,0.75,research_rules,Looking down abnormally for 1.2s (angle: 26.8°),"[0.0, 300.105712890625, 236.18896484375, 513.0260009765625]",head_pitch_sustained
26.038461323960163,person_006,Abnormal Looking Down,orange,0.75,research_rules,Looking down abnormally for 1.3s (angle: 31.5°),"[0.0, 295.176025390625, 235.05368041992188, 511.537353515625]",head_pitch_sustained
26.13886670181605,person_006,Abnormal Looking Down,orange,0.75,research_rules,Looking down abnormally for 1.4s (angle: 27.5°),"[0.0, 297.298583984375, 233.18490600585938, 510.9627685546875]",head_pitch_sustained
26.239272079671938,person_006,Abnormal Looking Down,orange,0.75,research_rules,Looking down abnormally for 1.5s (angle: 29.4°),"[0.0, 296.27191162109375, 234.076904296875, 511.61529541015625]",head_pitch_sustained
26.239272079671938,person_001,Abnormal Looking Down,orange,0.75,research_rules,Looking down abnormally for 1.2s (angle: 27.1°),"[538.9957275390625, 321.6597900390625, 747.2193603515625, 577.8140258789062]",head_pitch_sustained
26.339677457527824,person_006,Abnormal Looking Down,orange,0.75,research_rules,Looking down abnormally for 1.6s (angle: 26.4°),"[0.0, 295.119384765625, 233.026611328125, 510.8126220703125]",head_pitch_sustained
26.339677457527824,person_001,Abnormal Looking Down,orange,0.75,research_rules,Looking down abnormally for 1.3s (angle: 26.9°),"[541.196533203125, 319.243896484375, 747.02099609375, 577.6048583984375]",head_pitch_sustained
26.440082835383713,person_001,Abnormal Looking Down,orange,0.75,research_rules,Looking down abnormally for 1.4s (angle: 28.7°),"[540.5877075195312, 317.2376708984375, 747.0337524414062, 577.2654418945312]",head_pitch_sustained
26.440082835383713,person_006,Abnormal Looking Down,orange,0.75,research_rules,Looking down abnormally for 1.7s (angle: 23.3°),"[0.0, 294.505859375, 231.51028442382812, 513.907958984375]",head_pitch_sustained
26.540488213239602,person_001,Abnormal Looking Down,orange,0.75,research_rules,Looking down abnormally for 1.5s (angle: 29.4°),"[543.3193359375, 318.43157958984375, 746.787109375, 577.1134033203125]",head_pitch_sustained
26.540488213239602,person_006,Abnormal Looking Down,orange,0.75,research_rules,Looking down abnormally for 1.8s (angle: 24.5°),"[0.0, 294.315185546875, 233.58090209960938, 511.6065673828125]",head_pitch_sustained
26.640893591095487,person_001,Abnormal Looking Down,orange,0.75,research_rules,Looking down abnormally for 1.6s (angle: 29.3°),"[541.660400390625, 317.03564453125, 747.11572265625, 576.67626953125]",head_pitch_sustained
26.640893591095487,person_006,Abnormal Looking Down,orange,0.75,research_rules,Looking down abnormally for 1.9s (angle: 24.1°),"[0.0327301025390625, 293.8302001953125, 234.68348693847656, 595.085205078125]",head_pitch_sustained
26.741298968951376,person_001,Abnormal Looking Down,orange,0.75,research_rules,Looking down abnormally for 1.7s (angle: 27.1°),"[540.8223266601562, 319.6678466796875, 747.1575317382812, 577.477783203125]",head_pitch_sustained
26.841704346807262,person_001,Abnormal Looking Down,orange,0.75,research_rules,Looking down abnormally for 1.8s (angle: 26.6°),"[540.3294067382812, 308.8131103515625, 748.4276733398438, 577.6973266601562]",head_pitch_sustained
26.94210972466315,person_001,Abnormal Looking Down,orange,0.75,research_rules,Looking down abnormally for 1.9s (angle: 29.5°),"[546.4986572265625, 314.08013916015625, 749.0194091796875, 577.1546630859375]",head_pitch_sustained
27.042515102519037,person_001,Abnormal Looking Down,orange,0.75,research_rules,Looking down abnormally for 2.0s (angle: 32.8°),"[546.6619262695312, 322.9954833984375, 749.5869750976562, 576.6961059570312]",head_pitch_sustained
27.142920480374926,person_001,Abnormal Looking Down,orange,0.75,research_rules,Looking down abnormally for 2.1s (angle: 33.7°),"[560.7423706054688, 324.74078369140625, 749.8005981445312, 576.38916015625]",head_pitch_sustained
27.24332585823081,person_001,Abnormal Looking Down,orange,0.75,research_rules,Looking down abnormally for 2.2s (angle: 33.6°),"[611.168701171875, 324.773193359375, 749.278076171875, 575.305908203125]",head_pitch_sustained
27.3437312360867,person_001,Abnormal Looking Down,orange,0.75,research_rules,Looking down abnormally for 2.3s (angle: 29.2°),"[597.710205078125, 326.77044677734375, 748.777099609375, 576.3510131835938]",head_pitch_sustained
27.44413661394259,person_001,Abnormal Looking Down,orange,0.75,research_rules,Looking down abnormally for 2.4s (angle: 28.7°),"[597.1768798828125, 327.52960205078125, 748.0543212890625, 575.8980712890625]",head_pitch_sustained
27.544541991798475,person_001,Abnormal Looking Down,orange,0.75,research_rules,Looking down abnormally for 2.5s (angle: 30.3°),"[542.7330932617188, 332.55584716796875, 747.2282104492188, 578.0045776367188]",head_pitch_sustained
27.644947369654364,person_001,Abnormal Looking Down,orange,0.75,research_rules,Looking down abnormally for 2.6s (angle: 31.0°),"[575.25537109375, 328.2237548828125, 747.4892578125, 577.3186645507812]",head_pitch_sustained
27.74535274751025,person_001,Abnormal Looking Down,orange,0.75,research_rules,Looking down abnormally for 2.7s (angle: 29.8°),"[565.6317138671875, 326.97930908203125, 747.7545166015625, 577.8115844726562]",head_pitch_sustained
27.84575812536614,person_001,Abnormal Looking Down,orange,0.75,research_rules,Looking down abnormally for 2.8s (angle: 31.0°),"[573.8819580078125, 327.90850830078125, 747.8092041015625, 576.8688354492188]",head_pitch_sustained
30.95832483889865,person_006,Abnormal Looking Down,orange,0.75,research_rules,Looking down abnormally for 1.2s (angle: 44.7°),"[0.0, 258.46331787109375, 247.46229553222656, 508.65655517578125]",head_pitch_sustained
31.058730216754537,person_006,Abnormal Looking Down,orange,0.75,research_rules,Looking down abnormally for 1.3s (angle: 40.0°),"[0.0, 260.1668701171875, 247.11993408203125, 507.0313720703125]",head_pitch_sustained
31.159135594610426,person_006,Abnormal Looking Down,orange,0.75,research_rules,Looking down abnormally for 1.4s (angle: 37.5°),"[0.0, 261.1895751953125, 248.345458984375, 509.1396484375]",head_pitch_sustained
31.259540972466315,person_006,Abnormal Looking Down,orange,0.75,research_rules,Looking down abnormally for 1.5s (angle: 35.7°),"[0.0, 262.17572021484375, 248.1976318359375, 510.8397216796875]",head_pitch_sustained
31.3599463503222,person_006,Abnormal Looking Down,orange,0.75,research_rules,Looking down abnormally for 1.6s (angle: 32.5°),"[0.0, 262.83197021484375, 248.23666381835938, 506.13592529296875]",head_pitch_sustained
31.46035172817809,person_006,Abnormal Looking Down,orange,0.75,research_rules,Looking down abnormally for 1.7s (angle: 24.7°),"[2.1286773681640625, 263.57720947265625, 246.35586547851562, 505.67791748046875]",head_pitch_sustained
32.9664323960164,person_001,Abnormal Looking Down,orange,0.75,research_rules,Looking down abnormally for 1.1s (angle: 27.0°),"[611.0389404296875, 307.90679931640625, 748.7064208984375, 575.7119140625]",head_pitch_sustained
33.06683777387229,person_001,Abnormal Looking Down,orange,0.75,research_rules,Looking down abnormally for 1.2s (angle: 25.8°),"[610.0198364257812, 307.40496826171875, 748.1294555664062, 576.2255859375]",head_pitch_sustained
33.16724315172818,person_001,Abnormal Looking Down,orange,0.75,research_rules,Looking down abnormally for 1.3s (angle: 29.6°),"[605.847412109375, 307.334716796875, 749.325439453125, 576.2218017578125]",head_pitch_sustained
33.267648529584065,person_001,Abnormal Looking Down,orange,0.75,research_rules,Looking down abnormally for 1.4s (angle: 24.9°),"[610.243408203125, 307.80291748046875, 750.322265625, 576.0502319335938]",head_pitch_sustained
33.36805390743995,person_001,Abnormal Looking Down,orange,0.75,research_rules,Looking down abnormally for 1.5s (angle: 29.3°),"[565.232666015625, 307.9266357421875, 751.1142578125, 577.42431640625]",head_pitch_sustained
33.468459285295836,person_001,Abnormal Looking Down,orange,0.75,research_rules,Looking down abnormally for 1.6s (angle: 25.9°),"[590.4193725585938, 307.644775390625, 751.3329467773438, 576.235107421875]",head_pitch_sustained
33.56886466315173,person_001,Abnormal Looking Down,orange,0.75,research_rules,Looking down abnormally for 1.7s (angle: 26.4°),"[584.9805908203125, 307.2464599609375, 751.057373046875, 576.11328125]",head_pitch_sustained
33.669270041007614,person_001,Abnormal Looking Down,orange,0.75,research_rules,Looking down abnormally for 1.8s (angle: 30.5°),"[566.4865112304688, 307.57373046875, 750.6550903320312, 577.3603515625]",head_pitch_sustained
33.7696754188635,person_001,Abnormal Looking Down,orange,0.75,research_rules,Looking down abnormally for 1.9s (angle: 34.0°),"[609.869873046875, 307.12017822265625, 752.615234375, 576.3753051757812]",head_pitch_sustained
33.870080796719385,person_001,Abnormal Looking Down,orange,0.75,research_rules,Looking down abnormally for 2.0s (angle: 36.7°),"[611.2823486328125, 307.225830078125, 749.7125244140625, 576.0374755859375]",head_pitch_sustained
33.97048617457528,person_001,Abnormal Looking Down,orange,0.75,research_rules,Looking down abnormally for 2.1s (angle: 35.8°),"[611.2015380859375, 307.93682861328125, 749.8724365234375, 575.9185180664062]",head_pitch_sustained
34.07089155243116,person_001,Abnormal Looking Down,orange,0.75,research_rules,Looking down abnormally for 2.2s (angle: 33.4°),"[610.4693603515625, 308.2364501953125, 747.8936767578125, 576.18896484375]",head_pitch_sustained
34.17129693028705,person_001,Abnormal Looking Down,orange,0.75,research_rules,Looking down abnormally for 2.3s (angle: 29.0°),"[607.3896484375, 307.877685546875, 747.3466796875, 575.57861328125]",head_pitch_sustained
34.27170230814294,person_001,Abnormal Looking Down,orange,0.75,research_rules,Looking down abnormally for 2.4s (angle: 22.7°),"[606.77197265625, 308.2735595703125, 747.34716796875, 575.412353515625]",head_pitch_sustained
50.637778898652606,person_018,Frequent Head Turning,orange,0.8,research_rules,Head turned 3 times in window (current angle: 0.0°),"[401.2572937011719, 278.4512634277344, 640.105224609375, 715.8004150390625]",head_turn_frequency
51.94304881077914,person_001,Frequent Head Turning,orange,0.8,research_rules,Head turned 4 times in window (current angle: 35.0°),"[323.1948547363281, 188.3681640625, 425.7118225097656, 377.4619140625]",head_turn_frequency
52.64588645577035,person_018,Frequent Head Turning,orange,0.8,research_rules,Head turned 5 times in window (current angle: 35.0°),"[111.08984375, 220.22422790527344, 435.53314208984375, 713.1951904296875]",head_turn_frequency
53.44912947861746,person_019,Frequent Head Turning,orange,0.8,research_rules,Head turned 3 times in window (current angle: 16.9°),"[353.6033630371094, 99.51588439941406, 747.6822509765625, 596.8184814453125]",head_turn_frequency
54.653994012888106,person_001,Frequent Head Turning,orange,0.8,research_rules,Head turned 7 times in window (current angle: 27.2°),"[161.60394287109375, 92.85136413574219, 579.0796508789062, 604.8082885742188]",head_turn_frequency
55.35683165787932,person_006,Frequent Head Turning,orange,0.8,research_rules,Head turned 4 times in window (current angle: 35.0°),"[137.02163696289062, 266.4295349121094, 256.4197082519531, 435.6936340332031]",head_turn_frequency
55.457237035735204,person_003,Frequent Head Turning,orange,0.8,research_rules,Head turned 3 times in window (current angle: 35.0°),"[0.235992431640625, 292.9018859863281, 218.80062866210938, 712.000732421875]",head_turn_frequency
55.85885854715875,person_017,Frequent Head Turning,orange,0.8,research_rules,Head turned 3 times in window (current angle: 32.2°),"[608.5919189453125, 223.7334442138672, 922.9168701171875, 712.9761352539062]",head_turn_frequency
56.66210157000585,person_001,Frequent Head Turning,orange,0.8,research_rules,Head turned 7 times in window (current angle: 31.4°),"[184.07745361328125, 194.2329559326172, 600.01611328125, 701.1264038085938]",head_turn_frequency
57.364939214997065,person_006,Frequent Head Turning,orange,0.8,research_rules,Head turned 7 times in window (current angle: 35.0°),"[130.49569702148438, 290.26092529296875, 260.73828125, 443.62066650390625]",head_turn_frequency
57.46534459285296,person_003,Frequent Head Turning,orange,0.8,research_rules,Head turned 6 times in window (current angle: 0.0°),"[0.1929779052734375, 294.83251953125, 221.16929626464844, 712.00830078125]",head_turn_frequency
57.66615534856473,person_001,Phone Usage Detected,red,0.95,research_rules,Phone detected for 8 consecutive frames (0.8s),"[183.9522705078125, 195.9786376953125, 595.7703247070312, 696.1614990234375]",phone_consecutive_frames
57.766560726420614,person_001,Phone Usage Detected,red,0.95,research_rules,Phone detected for 9 consecutive frames (0.9s),"[186.578857421875, 196.1959228515625, 599.5333251953125, 697.4125366210938]",phone_consecutive_frames
57.766560726420614,person_017,Phone Usage Detected,red,0.95,research_rules,Phone detected for 8 consecutive frames (0.8s),"[572.2388916015625, 225.57981872558594, 904.5833740234375, 714.7730712890625]",phone_consecutive_frames
57.86696610427651,person_017,Phone Usage Detected,red,0.95,research_rules,Phone detected for 9 consecutive frames (0.9s),"[573.572998046875, 225.46336364746094, 898.1160888671875, 714.0115966796875]",phone_consecutive_frames
57.86696610427651,person_017,Frequent Head Turning,orange,0.8,research_rules,Head turned 3 times in window (current angle: 0.0°),"[573.572998046875, 225.46336364746094, 898.1160888671875, 714.0115966796875]",head_turn_frequency
57.86696610427651,person_001,Phone Usage Detected,red,0.95,research_rules,Phone detected for 10 consecutive frames (1.0s),"[187.176025390625, 196.7327117919922, 610.4234619140625, 700.1487426757812]",phone_consecutive_frames
57.96737148213239,person_001,Phone Usage Detected,red,0.95,research_rules,Phone detected for 11 consecutive frames (1.1s),"[186.24786376953125, 195.51055908203125, 611.8056030273438, 696.3560180664062]",phone_consecutive_frames
57.96737148213239,person_017,Phone Usage Detected,red,0.95,research_rules,Phone detected for 10 consecutive frames (1.0s),"[574.74951171875, 221.504150390625, 907.007568359375, 714.6265869140625]",phone_consecutive_frames
58.06777685998828,person_001,Phone Usage Detected,red,0.95,research_rules,Phone detected for 12 consecutive frames (1.2s),"[185.28050231933594, 196.9390869140625, 601.6519775390625, 696.357421875]",phone_consecutive_frames
58.06777685998828,person_017,Phone Usage Detected,red,0.95,research_rules,Phone detected for 11 consecutive frames (1.1s),"[574.500732421875, 223.95237731933594, 1078.386474609375, 714.2357177734375]",phone_consecutive_frames
58.16818223784417,person_001,Phone Usage Detected,red,0.95,research_rules,Phone detected for 13 consecutive frames (1.3s),"[185.15130615234375, 196.13897705078125, 607.2843627929688, 697.29052734375]",phone_consecutive_frames
58.16818223784417,person_017,Phone Usage Detected,red,0.95,research_rules,Phone detected for 12 consecutive frames (1.2s),"[575.531982421875, 223.5424041748047, 1087.22607421875, 713.8984985351562]",phone_consecutive_frames
58.268587615700056,person_001,Phone Usage Detected,red,0.95,research_rules,Phone detected for 14 consecutive frames (1.4s),"[184.6834716796875, 197.08941650390625, 636.038818359375, 695.6509399414062]",phone_consecutive_frames
58.268587615700056,person_017,Phone Usage Detected,red,0.95,research_rules,Phone detected for 13 consecutive frames (1.3s),"[575.61083984375, 225.92408752441406, 955.99169921875, 712.5594482421875]",phone_consecutive_frames
58.36899299355594,person_001,Phone Usage Detected,red,0.95,research_rules,Phone detected for 15 consecutive frames (1.5s),"[184.6663818359375, 196.31964111328125, 591.333984375, 692.99951171875]",phone_consecutive_frames
58.36899299355594,person_017,Phone Usage Detected,red,0.95,research_rules,Phone detected for 14 consecutive frames (1.4s),"[572.5639038085938, 228.88307189941406, 912.8687133789062, 713.2979736328125]",phone_consecutive_frames
58.46939837141183,person_017,Phone Usage Detected,red,0.95,research_rules,Phone detected for 15 consecutive frames (1.5s),"[572.174072265625, 232.9669189453125, 902.967041015625, 713.9686279296875]",phone_consecutive_frames
58.46939837141183,person_001,Phone Usage Detected,red,0.95,research_rules,Phone detected for 16 consecutive frames (1.6s),"[185.6681365966797, 198.5963134765625, 602.1448364257812, 698.8068237304688]",phone_consecutive_frames
58.56980374926772,person_017,Phone Usage Detected,red,0.95,research_rules,Phone detected for 16 consecutive frames (1.6s),"[572.9049682617188, 234.00860595703125, 875.7973022460938, 713.8453369140625]",phone_consecutive_frames
58.670209127123606,person_017,Phone Usage Detected,red,0.95,research_rules,Phone detected for 17 consecutive frames (1.7s),"[573.6822509765625, 235.240234375, 868.62109375, 713.42529296875]",phone_consecutive_frames
58.77061450497949,person_001,Phone Usage Detected,red,0.95,research_rules,Phone detected for 17 consecutive frames (1.7s),"[185.13970947265625, 196.83148193359375, 599.6389770507812, 696.7823486328125]",phone_consecutive_frames
58.77061450497949,person_017,Phone Usage Detected,red,0.95,research_rules,Phone detected for 18 consecutive frames (1.8s),"[574.0755615234375, 230.1705322265625, 869.8685302734375, 712.9595336914062]",phone_consecutive_frames
58.87101988283538,person_017,Phone Usage Detected,red,0.95,research_rules,Phone detected for 19 consecutive frames (1.9s),"[587.5872802734375, 228.745849609375, 868.9212646484375, 713.6253051757812]",phone_consecutive_frames
58.97142526069127,person_001,Phone Usage Detected,red,0.95,research_rules,Phone detected for 18 consecutive frames (1.8s),"[186.42462158203125, 196.2662353515625, 596.5923461914062, 700.1077880859375]",phone_consecutive_frames
58.97142526069127,person_017,Phone Usage Detected,red,0.95,research_rules,Phone detected for 20 consecutive frames (2.0s),"[600.3638916015625, 226.4479522705078, 869.6051025390625, 714.0933227539062]",phone_consecutive_frames
59.071830638547155,person_001,Phone Usage Detected,red,0.95,research_rules,Phone detected for 19 consecutive frames (1.9s),"[185.5968780517578, 197.2452850341797, 599.3429565429688, 699.9669799804688]",phone_consecutive_frames
59.071830638547155,person_017,Phone Usage Detected,red,0.95,research_rules,Phone detected for 21 consecutive frames (2.1s),"[620.6214599609375, 226.93524169921875, 872.0775146484375, 714.5047607421875]",phone_consecutive_frames
59.17223601640304,person_017,Phone Usage Detected,red,0.95,research_rules,Phone detected for 22 consecutive frames (2.2s),"[617.4384765625, 224.23101806640625, 871.855224609375, 714.0420532226562]",phone_consecutive_frames
59.17223601640304,person_001,Phone Usage Detected,red,0.95,research_rules,Phone detected for 20 consecutive frames (2.0s),"[184.4061279296875, 196.50604248046875, 592.502685546875, 695.2824096679688]",phone_consecutive_frames
59.27264139425893,person_001,Phone Usage Detected,red,0.95,research_rules,Phone detected for 21 consecutive frames (2.1s),"[184.6579132080078, 197.46820068359375, 591.5571899414062, 695.757568359375]",phone_consecutive_frames
59.27264139425893,person_017,Phone Usage Detected,red,0.95,research_rules,Phone detected for 23 consecutive frames (2.3s),"[619.77978515625, 221.4720458984375, 873.63427734375, 713.5519409179688]",phone_consecutive_frames
59.37304677211482,person_001,Phone Usage Detected,red,0.95,research_rules,Phone detected for 22 consecutive frames (2.2s),"[186.93255615234375, 196.26275634765625, 593.087158203125, 699.8466186523438]",phone_consecutive_frames
59.37304677211482,person_017,Phone Usage Detected,red,0.95,research_rules,Phone detected for 24 consecutive frames (2.4s),"[619.574951171875, 217.34881591796875, 878.013427734375, 713.8702392578125]",phone_consecutive_frames
59.37304677211482,person_006,Frequent Head Turning,orange,0.8,research_rules,Head turned 5 times in window (current angle: 0.0°),"[128.13070678710938, 284.09637451171875, 263.38580322265625, 446.620361328125]",head_turn_frequency
59.473452149970704,person_003,Frequent Head Turning,orange,0.8,research_rules,Head turned 7 times in window (current angle: 0.0°),"[0.1009521484375, 296.49896240234375, 216.33944702148438, 711.3621215820312]",head_turn_frequency
59.473452149970704,person_001,Phone Usage Detected,red,0.95,research_rules,Phone detected for 23 consecutive frames (2.3s),"[184.41839599609375, 197.0323486328125, 593.8058471679688, 698.1995849609375]",phone_consecutive_frames
59.473452149970704,person_017,Phone Usage Detected,red,0.95,research_rules,Phone detected for 25 consecutive frames (2.5s),"[620.04638671875, 217.28765869140625, 883.078125, 713.51123046875]",phone_consecutive_frames
59.57385752782659,person_001,Phone Usage Detected,red,0.95,research_rules,Phone detected for 24 consecutive frames (2.4s),"[187.08233642578125, 196.59228515625, 594.505615234375, 700.9136352539062]",phone_consecutive_frames
59.57385752782659,person_017,Phone Usage Detected,red,0.95,research_rules,Phone detected for 26 consecutive frames (2.6s),"[618.480712890625, 213.84417724609375, 889.415283203125, 713.8301391601562]",phone_consecutive_frames
59.67426290568248,person_017,Phone Usage Detected,red,0.95,research_rules,Phone detected for 27 consecutive frames (2.7s),"[613.674072265625, 213.8335723876953, 895.1220703125, 713.4411010742188]",phone_consecutive_frames
59.77466828353837,person_021,Frequent Head Turning,orange,0.8,research_rules,Head turned 3 times in window (current angle: 0.0°),"[1140.530517578125, 216.5821533203125, 1279.478271484375, 706.6339721679688]",head_turn_frequency
59.77466828353837,person_017,Phone Usage Detected,red,0.95,research_rules,Phone detected for 28 consecutive frames (2.8s),"[603.268798828125, 213.32720947265625, 903.3521728515625, 713.4677734375]",phone_consecutive_frames
59.77466828353837,person_001,Phone Usage Detected,red,0.95,research_rules,Phone detected for 25 consecutive frames (2.5s),"[187.6470947265625, 196.41627502441406, 597.112060546875, 703.1087646484375]",phone_consecutive_frames
59.875073661394254,person_017,Phone Usage Detected,red,0.95,research_rules,Phone detected for 29 consecutive frames (2.9s),"[594.988525390625, 214.1505889892578, 914.4439697265625, 712.8026733398438]",phone_consecutive_frames
59.875073661394254,person_001,Phone Usage Detected,red,0.95,research_rules,Phone detected for 26 consecutive frames (2.6s),"[187.74609375, 196.74009704589844, 601.81591796875, 702.7528076171875]",phone_consecutive_frames
59.975479039250146,person_017,Phone Usage Detected,red,0.95,research_rules,Phone detected for 30 consecutive frames (3.0s),"[596.2201538085938, 215.88966369628906, 917.1072387695312, 713.5379638671875]",phone_consecutive_frames
60.07588441710603,person_017,Phone Usage Detected,red,0.95,research_rules,Phone detected for 31 consecutive frames (3.1s),"[595.6033935546875, 218.14271545410156, 917.1781005859375, 713.95263671875]",phone_consecutive_frames
60.07588441710603,person_001,Phone Usage Detected,red,0.95,research_rules,Phone detected for 27 consecutive frames (2.7s),"[186.51983642578125, 196.55218505859375, 597.9417114257812, 700.41015625]",phone_consecutive_frames
60.17628979496192,person_001,Phone Usage Detected,red,0.95,research_rules,Phone detected for 28 consecutive frames (2.8s),"[188.71343994140625, 196.59588623046875, 594.8277587890625, 701.1484985351562]",phone_consecutive_frames
60.17628979496192,person_017,Phone Usage Detected,red,0.95,research_rules,Phone detected for 32 consecutive frames (3.2s),"[603.9097900390625, 219.88653564453125, 903.9539794921875, 713.7093505859375]",phone_consecutive_frames
60.2766951728178,person_001,Phone Usage Detected,red,0.95,research_rules,Phone detected for 29 consecutive frames (2.9s),"[188.32586669921875, 196.86468505859375, 593.4005737304688, 702.306884765625]",phone_consecutive_frames
60.2766951728178,person_017,Phone Usage Detected,red,0.95,research_rules,Phone detected for 33 consecutive frames (3.3s),"[609.1529541015625, 221.54998779296875, 894.3330078125, 713.24365234375]",phone_consecutive_frames
60.377100550673696,person_017,Phone Usage Detected,red,0.95,research_rules,Phone detected for 34 consecutive frames (3.4s),"[612.5850830078125, 220.24095153808594, 889.2274169921875, 713.24755859375]",phone_consecutive_frames
60.377100550673696,person_001,Phone Usage Detected,red,0.95,research_rules,Phone detected for 30 consecutive frames (3.0s),"[189.01043701171875, 197.09820556640625, 594.9249877929688, 701.0652465820312]",phone_consecutive_frames
60.47750592852958,person_017,Phone Usage Detected,red,0.95,research_rules,Phone detected for 35 consecutive frames (3.5s),"[620.5899047851562, 223.02197265625, 882.9874877929688, 712.8857421875]",phone_consecutive_frames
60.47750592852958,person_001,Phone Usage Detected,red,0.95,research_rules,Phone detected for 31 consecutive frames (3.1s),"[186.820556640625, 197.081787109375, 591.6851806640625, 697.4632568359375]",phone_consecutive_frames
60.57791130638547,person_001,Phone Usage Detected,red,0.95,research_rules,Phone detected for 32 consecutive frames (3.2s),"[187.61260986328125, 197.168212890625, 591.7918701171875, 696.277099609375]",phone_consecutive_frames
60.57791130638547,person_017,Phone Usage Detected,red,0.95,research_rules,Phone detected for 36 consecutive frames (3.6s),"[629.8955078125, 222.4638671875, 880.770751953125, 713.9201049804688]",phone_consecutive_frames
60.67831668424135,person_005,Phone Usage Detected,red,0.95,research_rules,Phone detected for 8 consecutive frames (0.8s),"[189.51263427734375, 195.94398498535156, 717.0220947265625, 707.590087890625]",phone_consecutive_frames
60.67831668424135,person_017,Phone Usage Detected,red,0.95,research_rules,Phone detected for 37 consecutive frames (3.7s),"[616.101806640625, 226.07135009765625, 874.405029296875, 712.2548828125]",phone_consecutive_frames
60.67831668424135,person_020,Frequent Head Turning,orange,0.8,research_rules,Head turned 3 times in window (current angle: 0.0°),"[841.3912353515625, 259.71331787109375, 1197.0032958984375, 713.3125610351562]",head_turn_frequency
60.778722062097245,person_017,Phone Usage Detected,red,0.95,research_rules,Phone detected for 38 consecutive frames (3.8s),"[615.5975341796875, 227.0240936279297, 870.006103515625, 713.1482543945312]",phone_consecutive_frames
60.778722062097245,person_001,Phone Usage Detected,red,0.95,research_rules,Phone detected for 33 consecutive frames (3.3s),"[188.02691650390625, 197.6846923828125, 621.5711669921875, 701.8844604492188]",phone_consecutive_frames
60.87912743995313,person_017,Phone Usage Detected,red,0.95,research_rules,Phone detected for 39 consecutive frames (3.9s),"[615.3673706054688, 227.4729766845703, 868.7691040039062, 712.9550170898438]",phone_consecutive_frames
60.87912743995313,person_001,Phone Usage Detected,red,0.95,research_rules,Phone detected for 34 consecutive frames (3.4s),"[186.30517578125, 196.7223663330078, 599.9365234375, 698.8927612304688]",phone_consecutive_frames
60.979532817809016,person_005,Phone Usage Detected,red,0.95,research_rules,Phone detected for 9 consecutive frames (0.9s),"[189.5955810546875, 197.7598876953125, 716.9991455078125, 706.96435546875]",phone_consecutive_frames
60.979532817809016,person_017,Phone Usage Detected,red,0.95,research_rules,Phone detected for 40 consecutive frames (4.0s),"[613.4610595703125, 228.5738525390625, 867.2532958984375, 713.7713623046875]",phone_consecutive_frames
60.979532817809016,person_008,Frequent Head Turning,orange,0.8,research_rules,Head turned 3 times in window (current angle: 0.0°),"[612.556884765625, 273.716796875, 715.106201171875, 428.7645263671875]",head_turn_frequency
61.07993819566491,person_017,Phone Usage Detected,red,0.95,research_rules,Phone detected for 40 consecutive frames (4.0s),"[611.4376831054688, 228.3258056640625, 866.1854858398438, 714.1392211914062]",phone_consecutive_frames
61.07993819566491,person_005,Phone Usage Detected,red,0.95,research_rules,Phone detected for 10 consecutive frames (1.0s),"[186.27838134765625, 196.29522705078125, 593.9334106445312, 696.0413818359375]",phone_consecutive_frames
61.180343573520794,person_017,Phone Usage Detected,red,0.95,research_rules,Phone detected for 40 consecutive frames (4.0s),"[608.2177734375, 228.75343322753906, 866.57470703125, 713.9700927734375]",phone_consecutive_frames
61.180343573520794,person_005,Phone Usage Detected,red,0.95,research_rules,Phone detected for 11 consecutive frames (1.1s),"[186.2872314453125, 196.61474609375, 594.6217041015625, 699.7864379882812]",phone_consecutive_frames
61.28074895137668,person_017,Phone Usage Detected,red,0.95,research_rules,Phone detected for 40 consecutive frames (4.0s),"[605.8717041015625, 228.5947265625, 868.5218505859375, 714.2603759765625]",phone_consecutive_frames
61.28074895137668,person_005,Phone Usage Detected,red,0.95,research_rules,Phone detected for 12 consecutive frames (1.2s),"[189.1966552734375, 196.6726531982422, 596.545654296875, 699.9857788085938]",phone_consecutive_frames
61.381154329232565,person_017,Phone Usage Detected,red,0.95,research_rules,Phone detected for 40 consecutive frames (4.0s),"[603.8297119140625, 229.06097412109375, 867.7908935546875, 713.95703125]",phone_consecutive_frames
61.381154329232565,person_005,Phone Usage Detected,red,0.95,research_rules,Phone detected for 13 consecutive frames (1.3s),"[187.3055419921875, 197.29931640625, 593.212890625, 701.4346923828125]",phone_consecutive_frames
61.381154329232565,person_006,Frequent Head Turning,orange,0.8,research_rules,Head turned 7 times in window (current angle: 0.0°),"[127.75335693359375, 281.5628356933594, 261.9569091796875, 465.6740417480469]",head_turn_frequency
61.48155970708846,person_017,Phone Usage Detected,red,0.95,research_rules,Phone detected for 40 consecutive frames (4.0s),"[600.0821533203125, 228.40696716308594, 868.1478271484375, 714.4169921875]",phone_consecutive_frames
61.48155970708846,person_003,Frequent Head Turning,orange,0.8,research_rules,Head turned 6 times in window (current angle: 0.0°),"[0.1204986572265625, 297.35693359375, 235.84178161621094, 711.937744140625]",head_turn_frequency
61.48155970708846,person_005,Phone Usage Detected,red,0.95,research_rules,Phone detected for 14 consecutive frames (1.4s),"[189.6795654296875, 196.6657257080078, 714.8231201171875, 707.5267944335938]",phone_consecutive_frames
61.58196508494434,person_005,Phone Usage Detected,red,0.95,research_rules,Phone detected for 15 consecutive frames (1.5s),"[190.251708984375, 195.455078125, 714.73583984375, 710.179931640625]",phone_consecutive_frames
61.58196508494434,person_017,Phone Usage Detected,red,0.95,research_rules,Phone detected for 40 consecutive frames (4.0s),"[600.517822265625, 228.42115783691406, 877.431640625, 714.3885498046875]",phone_consecutive_frames
61.68237046280023,person_017,Phone Usage Detected,red,0.95,research_rules,Phone detected for 40 consecutive frames (4.0s),"[600.4359130859375, 227.07460021972656, 883.3123779296875, 713.92431640625]",phone_consecutive_frames
61.68237046280023,person_005,Phone Usage Detected,red,0.95,research_rules,Phone detected for 16 consecutive frames (1.6s),"[187.3385009765625, 196.79632568359375, 592.2992553710938, 701.6466674804688]",phone_consecutive_frames
61.78277584065612,person_021,Frequent Head Turning,orange,0.8,research_rules,Head turned 6 times in window (current angle: 35.0°),"[1139.916748046875, 220.92041015625, 1279.569091796875, 706.9647216796875]",head_turn_frequency
61.78277584065612,person_005,Phone Usage Detected,red,0.95,research_rules,Phone detected for 17 consecutive frames (1.7s),"[186.24127197265625, 197.423828125, 594.5875244140625, 702.028076171875]",phone_consecutive_frames
61.78277584065612,person_017,Phone Usage Detected,red,0.95,research_rules,Phone detected for 40 consecutive frames (4.0s),"[601.1927490234375, 226.94586181640625, 879.5633544921875, 714.4279174804688]",phone_consecutive_frames
61.88318121851201,person_017,Phone Usage Detected,red,0.95,research_rules,Phone detected for 40 consecutive frames (4.0s),"[601.9085083007812, 226.7261199951172, 875.2582397460938, 714.7216186523438]",phone_consecutive_frames
61.88318121851201,person_005,Phone Usage Detected,red,0.95,research_rules,Phone detected for 18 consecutive frames (1.8s),"[189.59271240234375, 197.14796447753906, 594.3515625, 704.991455078125]",phone_consecutive_frames
61.98358659636789,person_017,Phone Usage Detected,red,0.95,research_rules,Phone detected for 40 consecutive frames (4.0s),"[602.5240478515625, 227.46832275390625, 872.8262939453125, 714.9978637695312]",phone_consecutive_frames
61.98358659636789,person_005,Phone Usage Detected,red,0.95,research_rules,Phone detected for 19 consecutive frames (1.9s),"[189.33251953125, 198.05247497558594, 622.976318359375, 705.7508544921875]",phone_consecutive_frames
62.08399197422378,person_017,Phone Usage Detected,red,0.95,research_rules,Phone detected for 40 consecutive frames (4.0s),"[599.1307373046875, 226.8437957763672, 870.4376220703125, 713.9612426757812]",phone_consecutive_frames
62.08399197422378,person_005,Phone Usage Detected,red,0.95,research_rules,Phone detected for 20 consecutive frames (2.0s),"[186.90777587890625, 196.89378356933594, 593.5587158203125, 701.01513671875]",phone_consecutive_frames
62.18439735207967,person_017,Phone Usage Detected,red,0.95,research_rules,Phone detected for 40 consecutive frames (4.0s),"[598.662353515625, 227.3763427734375, 868.9375, 713.8895874023438]",phone_consecutive_frames
62.18439735207967,person_005,Phone Usage Detected,red,0.95,research_rules,Phone detected for 21 consecutive frames (2.1s),"[190.46641540527344, 197.84889221191406, 597.9375, 704.518798828125]",phone_consecutive_frames
62.284802729935556,person_017,Phone Usage Detected,red,0.95,research_rules,Phone detected for 40 consecutive frames (4.0s),"[597.655517578125, 227.40745544433594, 869.046142578125, 714.253662109375]",phone_consecutive_frames
62.284802729935556,person_005,Phone Usage Detected,red,0.95,research_rules,Phone detected for 22 consecutive frames (2.2s),"[190.85902404785156, 197.7781982421875, 594.279296875, 703.790771484375]",phone_consecutive_frames
62.38520810779144,person_017,Phone Usage Detected,red,0.95,research_rules,Phone detected for 40 consecutive frames (4.0s),"[597.1907958984375, 227.55140686035156, 869.2525634765625, 713.3128662109375]",phone_consecutive_frames
62.38520810779144,person_005,Phone Usage Detected,red,0.95,research_rules,Phone detected for 23 consecutive frames (2.3s),"[188.434814453125, 197.02679443359375, 590.5534057617188, 701.2794189453125]",phone_consecutive_frames
62.48561348564733,person_005,Phone Usage Detected,red,0.95,research_rules,Phone detected for 24 consecutive frames (2.4s),"[191.5406494140625, 197.85748291015625, 590.3585815429688, 704.1792602539062]",phone_consecutive_frames
62.48561348564733,person_017,Phone Usage Detected,red,0.95,research_rules,Phone detected for 40 consecutive frames (4.0s),"[595.4462890625, 226.9144287109375, 878.10693359375, 713.3646240234375]",phone_consecutive_frames
62.58601886350322,person_005,Phone Usage Detected,red,0.95,research_rules,Phone detected for 25 consecutive frames (2.5s),"[189.14788818359375, 197.68186950683594, 595.51806640625, 705.4569091796875]",phone_consecutive_frames
62.58601886350322,person_017,Phone Usage Detected,red,0.95,research_rules,Phone detected for 40 consecutive frames (4.0s),"[597.095947265625, 226.3573760986328, 882.7781982421875, 714.2139282226562]",phone_consecutive_frames
62.686424241359106,person_005,Phone Usage Detected,red,0.95,research_rules,Phone detected for 26 consecutive frames (2.6s),"[188.8995361328125, 196.99830627441406, 593.7093505859375, 700.526123046875]",phone_consecutive_frames
62.686424241359106,person_020,Frequent Head Turning,orange,0.8,research_rules,Head turned 4 times in window (current angle: 18.5°),"[840.080810546875, 260.19940185546875, 1140.61767578125, 712.05517578125]",head_turn_frequency
62.686424241359106,person_017,Phone Usage Detected,red,0.95,research_rules,Phone detected for 40 consecutive frames (4.0s),"[621.5459594726562, 224.524169921875, 883.0130004882812, 714.302734375]",phone_consecutive_frames
62.78682961921499,person_017,Phone Usage Detected,red,0.95,research_rules,Phone detected for 40 consecutive frames (4.0s),"[629.079833984375, 221.87310791015625, 878.390380859375, 714.0537109375]",phone_consecutive_frames
62.78682961921499,person_005,Phone Usage Detected,red,0.95,research_rules,Phone detected for 27 consecutive frames (2.7s),"[190.62359619140625, 197.37799072265625, 700.4781494140625, 705.6963500976562]",phone_consecutive_frames
62.887234997070884,person_017,Phone Usage Detected,red,0.95,research_rules,Phone detected for 40 consecutive frames (4.0s),"[640.722412109375, 219.90277099609375, 877.561279296875, 714.6005249023438]",phone_consecutive_frames
62.887234997070884,person_005,Phone Usage Detected,red,0.95,research_rules,Phone detected for 28 consecutive frames (2.8s),"[189.08624267578125, 197.668212890625, 597.06982421875, 701.3143310546875]",phone_consecutive_frames
62.98764037492677,person_008,Frequent Head Turning,orange,0.8,research_rules,Head turned 7 times in window (current angle: 0.0°),"[615.767822265625, 265.69305419921875, 712.079345703125, 427.48968505859375]",head_turn_frequency
62.98764037492677,person_017,Phone Usage Detected,red,0.95,research_rules,Phone detected for 40 consecutive frames (4.0s),"[637.6524658203125, 218.7247314453125, 876.5147705078125, 714.0865478515625]",phone_consecutive_frames
62.98764037492677,person_005,Phone Usage Detected,red,0.95,research_rules,Phone detected for 29 consecutive frames (2.9s),"[191.24505615234375, 197.08934020996094, 711.774658203125, 706.8587646484375]",phone_consecutive_frames
63.088045752782655,person_017,Phone Usage Detected,red,0.95,research_rules,Phone detected for 40 consecutive frames (4.0s),"[630.381591796875, 219.09779357910156, 878.009765625, 713.7421875]",phone_consecutive_frames
63.088045752782655,person_005,Phone Usage Detected,red,0.95,research_rules,Phone detected for 30 consecutive frames (3.0s),"[192.18096923828125, 197.61366271972656, 640.4634399414062, 704.444580078125]",phone_consecutive_frames
63.18845113063854,person_017,Phone Usage Detected,red,0.95,research_rules,Phone detected for 40 consecutive frames (4.0s),"[638.0222778320312, 218.0697784423828, 877.2039184570312, 714.7721557617188]",phone_consecutive_frames
63.18845113063854,person_005,Phone Usage Detected,red,0.95,research_rules,Phone detected for 31 consecutive frames (3.1s),"[190.1927490234375, 197.1710205078125, 708.571044921875, 708.2340087890625]",phone_consecutive_frames
63.28885650849443,person_017,Phone Usage Detected,red,0.95,research_rules,Phone detected for 40 consecutive frames (4.0s),"[644.3163452148438, 217.18243408203125, 876.6083374023438, 714.143310546875]",phone_consecutive_frames
63.28885650849443,person_005,Phone Usage Detected,red,0.95,research_rules,Phone detected for 32 consecutive frames (3.2s),"[189.58885192871094, 197.56910705566406, 597.6805419921875, 703.155029296875]",phone_consecutive_frames
63.38926188635032,person_006,Frequent Head Turning,orange,0.8,research_rules,Head turned 10 times in window (current angle: 35.0°),"[131.77078247070312, 281.5047302246094, 263.2132873535156, 465.7855529785156]",head_turn_frequency
63.38926188635032,person_017,Phone Usage Detected,red,0.95,research_rules,Phone detected for 40 consecutive frames (4.0s),"[621.9656372070312, 215.04151916503906, 877.8449096679688, 714.40673828125]",phone_consecutive_frames
63.38926188635032,person_005,Phone Usage Detected,red,0.95,research_rules,Phone detected for 33 consecutive frames (3.3s),"[190.6973876953125, 196.218994140625, 713.8040771484375, 708.384521484375]",phone_consecutive_frames
63.489667264206204,person_005,Phone Usage Detected,red,0.95,research_rules,Phone detected for 34 consecutive frames (3.4s),"[190.2872314453125, 197.11595153808594, 710.968017578125, 707.5794677734375]",phone_consecutive_frames
63.489667264206204,person_003,Frequent Head Turning,orange,0.8,research_rules,Head turned 5 times in window (current angle: 35.0°),"[0.167144775390625, 269.2375183105469, 217.49513244628906, 711.400146484375]",head_turn_frequency
63.489667264206204,person_017,Phone Usage Detected,red,0.95,research_rules,Phone detected for 40 consecutive frames (4.0s),"[628.234619140625, 214.43951416015625, 879.240966796875, 714.1451416015625]",phone_consecutive_frames
63.5900726420621,person_017,Phone Usage Detected,red,0.95,research_rules,Phone detected for 40 consecutive frames (4.0s),"[638.775390625, 213.67236328125, 883.8038330078125, 714.1905517578125]",phone_consecutive_frames
63.5900726420621,person_005,Phone Usage Detected,red,0.95,research_rules,Phone detected for 35 consecutive frames (3.5s),"[187.98919677734375, 196.8102264404297, 604.1868896484375, 703.2239379882812]",phone_consecutive_frames
63.69047801991798,person_017,Phone Usage Detected,red,0.95,research_rules,Phone detected for 40 consecutive frames (4.0s),"[636.6033935546875, 214.14418029785156, 886.994873046875, 714.1439208984375]",phone_consecutive_frames
63.69047801991798,person_005,Phone Usage Detected,red,0.95,research_rules,Phone detected for 36 consecutive frames (3.6s),"[189.5435791015625, 197.92523193359375, 599.85400390625, 706.65087890625]",phone_consecutive_frames
63.79088339777387,person_021,Frequent Head Turning,orange,0.8,research_rules,Head turned 3 times in window (current angle: 0.0°),"[1138.003662109375, 230.94293212890625, 1279.650634765625, 706.239501953125]",head_turn_frequency
63.79088339777387,person_005,Phone Usage Detected,red,0.95,research_rules,Phone detected for 37 consecutive frames (3.7s),"[190.37689208984375, 196.9009246826172, 597.5883178710938, 704.5361938476562]",phone_consecutive_frames
63.79088339777387,person_017,Phone Usage Detected,red,0.95,research_rules,Phone detected for 40 consecutive frames (4.0s),"[624.6446533203125, 215.1080322265625, 882.4373779296875, 714.3517456054688]",phone_consecutive_frames
63.891288775629754,person_017,Phone Usage Detected,red,0.95,research_rules,Phone detected for 40 consecutive frames (4.0s),"[613.11083984375, 220.3349609375, 870.480224609375, 714.3952026367188]",phone_consecutive_frames
63.891288775629754,person_005,Phone Usage Detected,red,0.95,research_rules,Phone detected for 38 consecutive frames (3.8s),"[190.60980224609375, 197.0623016357422, 693.429443359375, 708.6148071289062]",phone_consecutive_frames
63.991694153485646,person_017,Phone Usage Detected,red,0.95,research_rules,Phone detected for 40 consecutive frames (4.0s),"[602.7274169921875, 221.11962890625, 862.8284912109375, 712.9036865234375]",phone_consecutive_frames
63.991694153485646,person_005,Phone Usage Detected,red,0.95,research_rules,Phone detected for 39 consecutive frames (3.9s),"[189.8731689453125, 196.61338806152344, 596.3779907226562, 704.55322265625]",phone_consecutive_frames
64.09209953134153,person_005,Phone Usage Detected,red,0.95,research_rules,Phone detected for 40 consecutive frames (4.0s),"[189.53131103515625, 197.24147033691406, 594.4793701171875, 705.3260498046875]",phone_consecutive_frames
64.09209953134153,person_017,Phone Usage Detected,red,0.95,research_rules,Phone detected for 40 consecutive frames (4.0s),"[594.2879638671875, 217.99664306640625, 859.5909423828125, 714.9947509765625]",phone_consecutive_frames
64.19250490919742,person_017,Phone Usage Detected,red,0.95,research_rules,Phone detected for 40 consecutive frames (4.0s),"[596.0716552734375, 217.2296905517578, 858.751220703125, 714.3659057617188]",phone_consecutive_frames
64.19250490919742,person_005,Phone Usage Detected,red,0.95,research_rules,Phone detected for 40 consecutive frames (4.0s),"[190.1561279296875, 196.77978515625, 598.2484130859375, 706.020751953125]",phone_consecutive_frames
64.2929102870533,person_001,Frequent Head Turning,orange,0.8,research_rules,Head turned 3 times in window (current angle: 0.0°),"[252.3814239501953, 306.47210693359375, 298.96014404296875, 381.65960693359375]",head_turn_frequency
64.2929102870533,person_005,Phone Usage Detected,red,0.95,research_rules,Phone detected for 40 consecutive frames (4.0s),"[190.7998504638672, 197.32334899902344, 593.9841918945312, 705.43505859375]",phone_consecutive_frames
64.2929102870533,person_017,Phone Usage Detected,red,0.95,research_rules,Phone detected for 40 consecutive frames (4.0s),"[603.4306030273438, 220.396728515625, 859.4483032226562, 712.9376831054688]",phone_consecutive_frames
64.3933156649092,person_017,Phone Usage Detected,red,0.95,research_rules,Phone detected for 40 consecutive frames (4.0s),"[606.2864379882812, 222.77996826171875, 862.7708129882812, 714.4666748046875]",phone_consecutive_frames
64.3933156649092,person_005,Phone Usage Detected,red,0.95,research_rules,Phone detected for 40 consecutive frames (4.0s),"[189.76300048828125, 196.90496826171875, 608.6759033203125, 706.6173095703125]",phone_consecutive_frames
64.49372104276509,person_005,Phone Usage Detected,red,0.95,research_rules,Phone detected for 40 consecutive frames (4.0s),"[190.65834045410156, 197.31744384765625, 609.448486328125, 707.0911865234375]",phone_consecutive_frames
64.49372104276509,person_017,Phone Usage Detected,red,0.95,research_rules,Phone detected for 40 consecutive frames (4.0s),"[600.35205078125, 225.77490234375, 873.253662109375, 714.6458129882812]",phone_consecutive_frames
64.59412642062097,person_017,Phone Usage Detected,red,0.95,research_rules,Phone detected for 40 consecutive frames (4.0s),"[596.5952758789062, 225.0030975341797, 877.6912231445312, 714.5343627929688]",phone_consecutive_frames
64.59412642062097,person_005,Phone Usage Detected,red,0.95,research_rules,Phone detected for 40 consecutive frames (4.0s),"[190.4168701171875, 196.189208984375, 713.8941040039062, 710.3572998046875]",phone_consecutive_frames
64.69453179847686,person_017,Phone Usage Detected,red,0.95,research_rules,Phone detected for 40 consecutive frames (4.0s),"[593.8270263671875, 224.80665588378906, 879.2530517578125, 715.2608642578125]",phone_consecutive_frames
64.69453179847686,person_005,Phone Usage Detected,red,0.95,research_rules,Phone detected for 40 consecutive frames (4.0s),"[191.0609130859375, 195.900634765625, 718.376953125, 711.7061767578125]",phone_consecutive_frames
64.69453179847686,person_020,Frequent Head Turning,orange,0.8,research_rules,Head turned 4 times in window (current angle: 0.0°),"[827.0609130859375, 262.30401611328125, 1144.0615234375, 711.9225463867188]",head_turn_frequency
64.79493717633274,person_017,Phone Usage Detected,red,0.95,research_rules,Phone detected for 40 consecutive frames (4.0s),"[591.4263916015625, 224.11749267578125, 880.4078369140625, 714.8881225585938]",phone_consecutive_frames
64.79493717633274,person_005,Phone Usage Detected,red,0.95,research_rules,Phone detected for 40 consecutive frames (4.0s),"[188.3662109375, 193.61639404296875, 717.6905517578125, 711.5986938476562]",phone_consecutive_frames
64.89534255418863,person_017,Phone Usage Detected,red,0.95,research_rules,Phone detected for 40 consecutive frames (4.0s),"[594.7591552734375, 224.7904815673828, 879.7486572265625, 715.1942749023438]",phone_consecutive_frames
64.89534255418863,person_005,Phone Usage Detected,red,0.95,research_rules,Phone detected for 40 consecutive frames (4.0s),"[189.4224853515625, 196.98284912109375, 613.3212280273438, 707.9016723632812]",phone_consecutive_frames
64.99574793204452,person_017,Phone Usage Detected,red,0.95,research_rules,Phone detected for 40 consecutive frames (4.0s),"[598.7808837890625, 225.08538818359375, 880.9827880859375, 714.607666015625]",phone_consecutive_frames
64.99574793204452,person_008,Frequent Head Turning,orange,0.8,research_rules,Head turned 6 times in window (current angle: 35.0°),"[553.406005859375, 252.394775390625, 641.31396484375, 445.5810546875]",head_turn_frequency
64.99574793204452,person_005,Phone Usage Detected,red,0.95,research_rules,Phone detected for 40 consecutive frames (4.0s),"[190.2921142578125, 196.76861572265625, 710.7951049804688, 711.0134887695312]",phone_consecutive_frames
65.0961533099004,person_005,Phone Usage Detected,red,0.95,research_rules,Phone detected for 40 consecutive frames (4.0s),"[189.793701171875, 196.8680419921875, 713.7249755859375, 711.9844970703125]",phone_consecutive_frames
65.0961533099004,person_017,Phone Usage Detected,red,0.95,research_rules,Phone detected for 40 consecutive frames (4.0s),"[605.118408203125, 225.58079528808594, 884.701904296875, 714.8990478515625]",phone_consecutive_frames
65.1965586877563,person_005,Phone Usage Detected,red,0.95,research_rules,Phone detected for 40 consecutive frames (4.0s),"[189.41412353515625, 196.606689453125, 715.061767578125, 711.3448486328125]",phone_consecutive_frames
65.1965586877563,person_017,Phone Usage Detected,red,0.95,research_rules,Phone detected for 40 consecutive frames (4.0s),"[619.120361328125, 224.51788330078125, 879.736083984375, 714.9375]",phone_consecutive_frames
65.29696406561219,person_005,Phone Usage Detected,red,0.95,research_rules,Phone detected for 40 consecutive frames (4.0s),"[189.54449462890625, 196.57318115234375, 714.1404418945312, 712.5941772460938]",phone_consecutive_frames
65.29696406561219,person_017,Phone Usage Detected,red,0.95,research_rules,Phone detected for 40 consecutive frames (4.0s),"[603.5511474609375, 225.08253479003906, 877.7257080078125, 714.4359130859375]",phone_consecutive_frames
65.39736944346807,person_005,Phone Usage Detected,red,0.95,research_rules,Phone detected for 40 consecutive frames (4.0s),"[189.7421875, 197.09765625, 713.036865234375, 710.5578002929688]",phone_consecutive_frames
65.39736944346807,person_006,Frequent Head Turning,orange,0.8,research_rules,Head turned 9 times in window (current angle: 35.0°),"[129.88363647460938, 280.99688720703125, 264.33856201171875, 470.26763916015625]",head_turn_frequency
65.39736944346807,person_017,Phone Usage Detected,red,0.95,research_rules,Phone detected for 40 consecutive frames (4.0s),"[611.9556884765625, 225.083740234375, 880.5970458984375, 714.2742919921875]",phone_consecutive_frames
65.49777482132396,person_005,Phone Usage Detected,red,0.95,research_rules,Phone detected for 40 consecutive frames (4.0s),"[190.15606689453125, 196.93115234375, 713.4909057617188, 710.5953369140625]",phone_consecutive_frames
65.49777482132396,person_017,Phone Usage Detected,red,0.95,research_rules,Phone detected for 40 consecutive frames (4.0s),"[610.0599365234375, 226.2821044921875, 884.0992431640625, 714.2677001953125]",phone_consecutive_frames
65.59818019917985,person_005,Phone Usage Detected,red,0.95,research_rules,Phone detected for 40 consecutive frames (4.0s),"[190.1717529296875, 197.09619140625, 713.296875, 711.388916015625]",phone_consecutive_frames
65.59818019917985,person_017,Phone Usage Detected,red,0.95,research_rules,Phone detected for 40 consecutive frames (4.0s),"[640.7979125976562, 223.386474609375, 882.2210083007812, 714.559814453125]",phone_consecutive_frames
65.69858557703573,person_017,Phone Usage Detected,red,0.95,research_rules,Phone detected for 40 consecutive frames (4.0s),"[641.177978515625, 223.3775634765625, 882.117431640625, 714.6438598632812]",phone_consecutive_frames
65.69858557703573,person_005,Phone Usage Detected,red,0.95,research_rules,Phone detected for 40 consecutive frames (4.0s),"[189.751220703125, 197.4561767578125, 711.0762939453125, 711.0899658203125]",phone_consecutive_frames
65.79899095489162,person_021,Frequent Head Turning,orange,0.8,research_rules,Head turned 3 times in window (current angle: 0.0°),"[1136.480224609375, 231.26695251464844, 1279.549072265625, 707.86767578125]",head_turn_frequency
65.79899095489162,person_017,Phone Usage Detected,red,0.95,research_rules,Phone detected for 40 consecutive frames (4.0s),"[631.725830078125, 222.6875762939453, 884.62646484375, 714.1047973632812]",phone_consecutive_frames
65.79899095489162,person_005,Phone Usage Detected,red,0.95,research_rules,Phone detected for 40 consecutive frames (4.0s),"[188.56776428222656, 197.39173889160156, 606.5853271484375, 706.7059326171875]",phone_consecutive_frames
65.8993963327475,person_017,Phone Usage Detected,red,0.95,research_rules,Phone detected for 40 consecutive frames (4.0s),"[585.4459228515625, 225.96937561035156, 891.2181396484375, 713.4481201171875]",phone_consecutive_frames
65.8993963327475,person_005,Phone Usage Detected,red,0.95,research_rules,Phone detected for 40 consecutive frames (4.0s),"[191.39453125, 196.6741943359375, 717.6165771484375, 710.529541015625]",phone_consecutive_frames
65.99980171060339,person_005,Phone Usage Detected,red,0.95,research_rules,Phone detected for 40 consecutive frames (4.0s),"[194.89501953125, 197.69398498535156, 719.15673828125, 709.64990234375]",phone_consecutive_frames
65.99980171060339,person_017,Phone Usage Detected,red,0.95,research_rules,Phone detected for 40 consecutive frames (4.0s),"[586.9736938476562, 224.4993896484375, 896.5112915039062, 713.401123046875]",phone_consecutive_frames
66.10020708845929,person_017,Phone Usage Detected,red,0.95,research_rules,Phone detected for 40 consecutive frames (4.0s),"[589.77587890625, 227.6505889892578, 894.358154296875, 712.4413452148438]",phone_consecutive_frames
66.10020708845929,person_005,Phone Usage Detected,red,0.95,research_rules,Phone detected for 40 consecutive frames (4.0s),"[187.68865966796875, 197.49330139160156, 592.7454223632812, 679.8607177734375]",phone_consecutive_frames
66.20061246631516,person_017,Phone Usage Detected,red,0.95,research_rules,Phone detected for 40 consecutive frames (4.0s),"[576.7844848632812, 229.1373291015625, 890.5615844726562, 712.39892578125]",phone_consecutive_frames
66.20061246631516,person_005,Phone Usage Detected,red,0.95,research_rules,Phone detected for 40 consecutive frames (4.0s),"[188.93617248535156, 199.07908630371094, 595.1441650390625, 659.604248046875]",phone_consecutive_frames
66.30101784417106,person_017,Phone Usage Detected,red,0.95,research_rules,Phone detected for 40 consecutive frames (4.0s),"[581.6968994140625, 229.11521911621094, 887.0799560546875, 713.566650390625]",phone_consecutive_frames
66.30101784417106,person_005,Phone Usage Detected,red,0.95,research_rules,Phone detected for 40 consecutive frames (4.0s),"[189.50518798828125, 198.18109130859375, 718.9871215820312, 710.8495483398438]",phone_consecutive_frames
66.40142322202695,person_017,Phone Usage Detected,red,0.95,research_rules,Phone detected for 40 consecutive frames (4.0s),"[583.218505859375, 229.6129150390625, 889.122802734375, 713.596435546875]",phone_consecutive_frames
66.40142322202695,person_005,Phone Usage Detected,red,0.95,research_rules,Phone detected for 40 consecutive frames (4.0s),"[191.38780212402344, 198.21563720703125, 591.603271484375, 671.9270629882812]",phone_consecutive_frames
66.50182859988283,person_017,Phone Usage Detected,red,0.95,research_rules,Phone detected for 40 consecutive frames (4.0s),"[579.807861328125, 230.21759033203125, 892.5263671875, 713.6394653320312]",phone_consecutive_frames
66.50182859988283,person_005,Phone Usage Detected,red,0.95,research_rules,Phone detected for 40 consecutive frames (4.0s),"[192.65985107421875, 197.86175537109375, 718.493408203125, 711.5838012695312]",phone_consecutive_frames
66.60223397773872,person_017,Phone Usage Detected,red,0.95,research_rules,Phone detected for 40 consecutive frames (4.0s),"[577.111328125, 232.61175537109375, 898.763671875, 713.1091918945312]",phone_consecutive_frames
66.60223397773872,person_005,Phone Usage Detected,red,0.95,research_rules,Phone detected for 40 consecutive frames (4.0s),"[192.83111572265625, 198.44415283203125, 719.2577514648438, 706.825927734375]",phone_consecutive_frames
66.70263935559461,person_017,Phone Usage Detected,red,0.95,research_rules,Phone detected for 40 consecutive frames (4.0s),"[577.056396484375, 232.42547607421875, 906.720458984375, 712.8279418945312]",phone_consecutive_frames
66.70263935559461,person_020,Frequent Head Turning,orange,0.8,research_rules,Head turned 4 times in window (current angle: 35.0°),"[825.930419921875, 259.75714111328125, 1142.4886474609375, 712.2115478515625]",head_turn_frequency
66.70263935559461,person_003,Frequent Head Turning,orange,0.8,research_rules,Head turned 3 times in window (current angle: 33.8°),"[0.213409423828125, 280.218994140625, 216.48153686523438, 711.64794921875]",head_turn_frequency
66.70263935559461,person_005,Phone Usage Detected,red,0.95,research_rules,Phone detected for 40 consecutive frames (4.0s),"[191.56329345703125, 197.892333984375, 596.1805419921875, 678.546875]",phone_consecutive_frames
66.80304473345049,person_005,Phone Usage Detected,red,0.95,research_rules,Phone detected for 40 consecutive frames (4.0s),"[191.28271484375, 197.8922119140625, 595.9453735351562, 677.2676391601562]",phone_consecutive_frames
66.80304473345049,person_017,Phone Usage Detected,red,0.95,research_rules,Phone detected for 40 consecutive frames (4.0s),"[576.4022216796875, 232.2666015625, 910.4656982421875, 712.7804565429688]",phone_consecutive_frames
66.90345011130638,person_017,Phone Usage Detected,red,0.95,research_rules,Phone detected for 40 consecutive frames (4.0s),"[581.217529296875, 232.17095947265625, 909.357666015625, 713.7550048828125]",phone_consecutive_frames
66.90345011130638,person_005,Phone Usage Detected,red,0.95,research_rules,Phone detected for 40 consecutive frames (4.0s),"[192.76806640625, 198.29998779296875, 717.5478515625, 711.4999389648438]",phone_consecutive_frames
67.00385548916226,person_008,Frequent Head Turning,orange,0.8,research_rules,Head turned 5 times in window (current angle: 35.0°),"[613.8057861328125, 263.6219787597656, 703.8040771484375, 399.7724914550781]",head_turn_frequency
67.00385548916226,person_017,Phone Usage Detected,red,0.95,research_rules,Phone detected for 40 consecutive frames (4.0s),"[582.7640991210938, 231.94862365722656, 905.3892211914062, 713.3795166015625]",phone_consecutive_frames
67.00385548916226,person_005,Phone Usage Detected,red,0.95,research_rules,Phone detected for 40 consecutive frames (4.0s),"[192.56304931640625, 198.253662109375, 715.0379638671875, 711.232666015625]",phone_consecutive_frames
67.10426086701816,person_005,Phone Usage Detected,red,0.95,research_rules,Phone detected for 40 consecutive frames (4.0s),"[192.35797119140625, 197.61798095703125, 717.1351928710938, 711.2921752929688]",phone_consecutive_frames
67.10426086701816,person_017,Phone Usage Detected,red,0.95,research_rules,Phone detected for 40 consecutive frames (4.0s),"[583.0064697265625, 232.5279541015625, 900.1805419921875, 713.6839599609375]",phone_consecutive_frames
67.20466624487405,person_005,Phone Usage Detected,red,0.95,research_rules,Phone detected for 40 consecutive frames (4.0s),"[192.88531494140625, 198.04815673828125, 717.8810424804688, 704.3397216796875]",phone_consecutive_frames
67.20466624487405,person_017,Phone Usage Detected,red,0.95,research_rules,Phone detected for 40 consecutive frames (4.0s),"[576.798828125, 232.52081298828125, 895.623779296875, 712.6698608398438]",phone_consecutive_frames
67.30507162272993,person_017,Phone Usage Detected,red,0.95,research_rules,Phone detected for 40 consecutive frames (4.0s),"[578.7962646484375, 231.569091796875, 892.6278076171875, 712.7556762695312]",phone_consecutive_frames
67.30507162272993,person_005,Phone Usage Detected,red,0.95,research_rules,Phone detected for 40 consecutive frames (4.0s),"[192.8612060546875, 198.08154296875, 717.18701171875, 709.553955078125]",phone_consecutive_frames
67.40547700058582,person_005,Phone Usage Detected,red,0.95,research_rules,Phone detected for 40 consecutive frames (4.0s),"[193.21258544921875, 197.90838623046875, 715.70068359375, 710.7135620117188]",phone_consecutive_frames
67.40547700058582,person_017,Phone Usage Detected,red,0.95,research_rules,Phone detected for 40 consecutive frames (4.0s),"[586.630859375, 231.05519104003906, 891.8916015625, 713.0487060546875]",phone_consecutive_frames
67.40547700058582,person_006,Frequent Head Turning,orange,0.8,research_rules,Head turned 6 times in window (current angle: 0.0°),"[128.34246826171875, 286.20904541015625, 263.32489013671875, 451.89971923828125]",head_turn_frequency
67.50588237844171,person_005,Phone Usage Detected,red,0.95,research_rules,Phone detected for 40 consecutive frames (4.0s),"[193.51947021484375, 197.5134735107422, 715.6708984375, 708.4846801757812]",phone_consecutive_frames
67.50588237844171,person_017,Phone Usage Detected,red,0.95,research_rules,Phone detected for 40 consecutive frames (4.0s),"[580.9029541015625, 230.2032012939453, 894.769287109375, 713.4281616210938]",phone_consecutive_frames
67.60628775629759,person_005,Phone Usage Detected,red,0.95,research_rules,Phone detected for 40 consecutive frames (4.0s),"[193.5997314453125, 197.66253662109375, 717.052001953125, 710.9373779296875]",phone_consecutive_frames
67.60628775629759,person_017,Phone Usage Detected,red,0.95,research_rules,Phone detected for 40 consecutive frames (4.0s),"[580.4658203125, 230.98414611816406, 899.52783203125, 713.097900390625]",phone_consecutive_frames
67.70669313415348,person_005,Phone Usage Detected,red,0.95,research_rules,Phone detected for 40 consecutive frames (4.0s),"[193.723876953125, 197.5260009765625, 715.6822509765625, 712.7945556640625]",phone_consecutive_frames
67.70669313415348,person_017,Phone Usage Detected,red,0.95,research_rules,Phone detected for 40 consecutive frames (4.0s),"[582.74072265625, 231.8590087890625, 900.1845703125, 712.5891723632812]",phone_consecutive_frames
67.80709851200938,person_005,Phone Usage Detected,red,0.95,research_rules,Phone detected for 40 consecutive frames (4.0s),"[193.03009033203125, 197.75360107421875, 716.64794921875, 712.4293823242188]",phone_consecutive_frames
67.80709851200938,person_021,Frequent Head Turning,orange,0.8,research_rules,Head turned 3 times in window (current angle: 0.0°),"[1136.691162109375, 248.3599853515625, 1279.664794921875, 706.1649169921875]",head_turn_frequency
67.80709851200938,person_017,Phone Usage Detected,red,0.95,research_rules,Phone detected for 40 consecutive frames (4.0s),"[574.134521484375, 232.041015625, 897.11328125, 712.532958984375]",phone_consecutive_frames
67.90750388986525,person_017,Phone Usage Detected,red,0.95,research_rules,Phone detected for 40 consecutive frames (4.0s),"[579.9412841796875, 231.47303771972656, 891.5478515625, 713.0751953125]",phone_consecutive_frames
67.90750388986525,person_005,Phone Usage Detected,red,0.95,research_rules,Phone detected for 40 consecutive frames (4.0s),"[193.13446044921875, 197.6209259033203, 715.3480224609375, 708.2866821289062]",phone_consecutive_frames
68.00790926772115,person_017,Phone Usage Detected,red,0.95,research_rules,Phone detected for 40 consecutive frames (4.0s),"[586.0089721679688, 232.1104736328125, 885.6406860351562, 712.8159790039062]",phone_consecutive_frames
68.00790926772115,person_005,Phone Usage Detected,red,0.95,research_rules,Phone detected for 40 consecutive frames (4.0s),"[192.24249267578125, 197.5727081298828, 714.12646484375, 707.1026000976562]",phone_consecutive_frames
68.10831464557702,person_017,Phone Usage Detected,red,0.95,research_rules,Phone detected for 40 consecutive frames (4.0s),"[587.1729736328125, 233.0245361328125, 882.9625244140625, 712.8265991210938]",phone_consecutive_frames
68.10831464557702,person_005,Phone Usage Detected,red,0.95,research_rules,Phone detected for 40 consecutive frames (4.0s),"[192.5977783203125, 197.79327392578125, 716.3035888671875, 706.2865600585938]",phone_consecutive_frames
68.20872002343292,person_005,Phone Usage Detected,red,0.95,research_rules,Phone detected for 40 consecutive frames (4.0s),"[192.961669921875, 197.64874267578125, 717.2344970703125, 709.4497680664062]",phone_consecutive_frames
68.20872002343292,person_017,Phone Usage Detected,red,0.95,research_rules,Phone detected for 40 consecutive frames (4.0s),"[581.1494750976562, 233.65875244140625, 881.7994995117188, 712.6795654296875]",phone_consecutive_frames
68.30912540128881,person_005,Phone Usage Detected,red,0.95,research_rules,Phone detected for 40 consecutive frames (4.0s),"[192.490966796875, 197.2913818359375, 716.4676513671875, 711.7635498046875]",phone_consecutive_frames
68.30912540128881,person_017,Phone Usage Detected,red,0.95,research_rules,Phone detected for 40 consecutive frames (4.0s),"[577.7462768554688, 233.14471435546875, 879.2354125976562, 713.4520263671875]",phone_consecutive_frames
68.40953077914469,person_017,Phone Usage Detected,red,0.95,research_rules,Phone detected for 40 consecutive frames (4.0s),"[574.0364990234375, 232.964599609375, 877.7113037109375, 713.3060302734375]",phone_consecutive_frames
68.40953077914469,person_005,Phone Usage Detected,red,0.95,research_rules,Phone detected for 40 consecutive frames (4.0s),"[191.28717041015625, 196.7227783203125, 595.0594482421875, 679.5020751953125]",phone_consecutive_frames
68.50993615700058,person_005,Phone Usage Detected,red,0.95,research_rules,Phone detected for 40 consecutive frames (4.0s),"[191.77490234375, 196.9708251953125, 597.2587890625, 680.6167602539062]",phone_consecutive_frames
68.50993615700058,person_017,Phone Usage Detected,red,0.95,research_rules,Phone detected for 40 consecutive frames (4.0s),"[574.8814697265625, 234.2725830078125, 883.8497314453125, 711.9446411132812]",phone_consecutive_frames
68.61034153485647,person_017,Phone Usage Detected,red,0.95,research_rules,Phone detected for 40 consecutive frames (4.0s),"[575.248779296875, 233.71856689453125, 890.0511474609375, 712.6218872070312]",phone_consecutive_frames
68.61034153485647,person_005,Phone Usage Detected,red,0.95,research_rules,Phone detected for 40 consecutive frames (4.0s),"[193.71160888671875, 197.65374755859375, 718.0661010742188, 707.036376953125]",phone_consecutive_frames
68.71074691271235,person_003,Frequent Head Turning,orange,0.8,research_rules,Head turned 3 times in window (current angle: 0.0°),"[0.2384185791015625, 291.0937805175781, 216.83421325683594, 712.276123046875]",head_turn_frequency
68.71074691271235,person_020,Frequent Head Turning,orange,0.8,research_rules,Head turned 4 times in window (current angle: 35.0°),"[826.747802734375, 262.8736572265625, 1150.904296875, 714.020751953125]",head_turn_frequency
68.71074691271235,person_005,Phone Usage Detected,red,0.95,research_rules,Phone detected for 40 consecutive frames (4.0s),"[193.01385498046875, 197.58172607421875, 715.0374755859375, 710.0731201171875]",phone_consecutive_frames
68.71074691271235,person_017,Phone Usage Detected,red,0.95,research_rules,Phone detected for 40 consecutive frames (4.0s),"[586.0086669921875, 234.2288818359375, 893.8912353515625, 712.20947265625]",phone_consecutive_frames
68.81115229056824,person_017,Phone Usage Detected,red,0.95,research_rules,Phone detected for 40 consecutive frames (4.0s),"[585.0357666015625, 233.5357666015625, 893.0499267578125, 711.7095947265625]",phone_consecutive_frames
68.81115229056824,person_005,Phone Usage Detected,red,0.95,research_rules,Phone detected for 40 consecutive frames (4.0s),"[191.89068603515625, 196.72705078125, 596.7509765625, 677.9971923828125]",phone_consecutive_frames
68.91155766842414,person_017,Phone Usage Detected,red,0.95,research_rules,Phone detected for 40 consecutive frames (4.0s),"[585.7882080078125, 234.4716796875, 897.3184814453125, 711.1865234375]",phone_consecutive_frames
68.91155766842414,person_005,Phone Usage Detected,red,0.95,research_rules,Phone detected for 40 consecutive frames (4.0s),"[192.76458740234375, 196.9390869140625, 720.5882568359375, 710.2711791992188]",phone_consecutive_frames
69.01196304628002,person_008,Frequent Head Turning,orange,0.8,research_rules,Head turned 5 times in window (current angle: 0.0°),"[612.9305419921875, 265.8531494140625, 702.6456298828125, 397.450927734375]",head_turn_frequency
69.01196304628002,person_017,Phone Usage Detected,red,0.95,research_rules,Phone detected for 40 consecutive frames (4.0s),"[583.679443359375, 233.43951416015625, 902.149169921875, 711.7107543945312]",phone_consecutive_frames
69.01196304628002,person_005,Phone Usage Detected,red,0.95,research_rules,Phone detected for 40 consecutive frames (4.0s),"[191.3358154296875, 196.60626220703125, 597.1806640625, 677.4738159179688]",phone_consecutive_frames
69.11236842413591,person_005,Phone Usage Detected,red,0.95,research_rules,Phone detected for 40 consecutive frames (4.0s),"[191.90191650390625, 197.025634765625, 597.0809326171875, 676.0118408203125]",phone_consecutive_frames
69.11236842413591,person_017,Phone Usage Detected,red,0.95,research_rules,Phone detected for 40 consecutive frames (4.0s),"[583.078857421875, 233.65679931640625, 907.6156005859375, 712.5629272460938]",phone_consecutive_frames
69.2127738019918,person_017,Phone Usage Detected,red,0.95,research_rules,Phone detected for 40 consecutive frames (4.0s),"[582.5411376953125, 233.17462158203125, 909.2806396484375, 712.7022705078125]",phone_consecutive_frames
69.2127738019918,person_005,Phone Usage Detected,red,0.95,research_rules,Phone detected for 40 consecutive frames (4.0s),"[191.13134765625, 196.5667724609375, 597.8845825195312, 684.2679443359375]",phone_consecutive_frames
69.31317917984768,person_017,Phone Usage Detected,red,0.95,research_rules,Phone detected for 40 consecutive frames (4.0s),"[582.9349365234375, 232.7552490234375, 908.3050537109375, 712.3278198242188]",phone_consecutive_frames
69.31317917984768,person_005,Phone Usage Detected,red,0.95,research_rules,Phone detected for 40 consecutive frames (4.0s),"[189.34608459472656, 196.9696044921875, 594.720458984375, 680.74267578125]",phone_consecutive_frames
69.41358455770357,person_005,Phone Usage Detected,red,0.95,research_rules,Phone detected for 40 consecutive frames (4.0s),"[189.9815673828125, 197.66961669921875, 595.5316162109375, 676.9739379882812]",phone_consecutive_frames
69.41358455770357,person_017,Phone Usage Detected,red,0.95,research_rules,Phone detected for 40 consecutive frames (4.0s),"[583.0185546875, 231.48634338378906, 902.17041015625, 712.05859375]",phone_consecutive_frames
69.41358455770357,person_006,Frequent Head Turning,orange,0.8,research_rules,Head turned 5 times in window (current angle: 35.0°),"[135.75357055664062, 281.93621826171875, 268.76190185546875, 454.67034912109375]",head_turn_frequency
69.51398993555945,person_005,Phone Usage Detected,red,0.95,research_rules,Phone detected for 40 consecutive frames (4.0s),"[190.38934326171875, 197.078857421875, 595.2872314453125, 678.3113403320312]",phone_consecutive_frames
69.51398993555945,person_017,Phone Usage Detected,red,0.95,research_rules,Phone detected for 40 consecutive frames (4.0s),"[583.156982421875, 230.919189453125, 894.41650390625, 711.7203979492188]",phone_consecutive_frames
69.61439531341534,person_005,Phone Usage Detected,red,0.95,research_rules,Phone detected for 40 consecutive frames (4.0s),"[191.31060791015625, 196.77593994140625, 597.4367065429688, 682.455322265625]",phone_consecutive_frames
69.61439531341534,person_017,Phone Usage Detected,red,0.95,research_rules,Phone detected for 40 consecutive frames (4.0s),"[582.1388549804688, 230.34820556640625, 890.3107299804688, 711.1216430664062]",phone_consecutive_frames
69.71480069127124,person_005,Phone Usage Detected,red,0.95,research_rules,Phone detected for 40 consecutive frames (4.0s),"[190.87855529785156, 197.242431640625, 596.0921630859375, 679.877685546875]",phone_consecutive_frames
69.71480069127124,person_017,Phone Usage Detected,red,0.95,research_rules,Phone detected for 40 consecutive frames (4.0s),"[589.1728515625, 230.7579345703125, 887.5849609375, 711.1319580078125]",phone_consecutive_frames
69.81520606912711,person_005,Phone Usage Detected,red,0.95,research_rules,Phone detected for 40 consecutive frames (4.0s),"[190.51319885253906, 197.30963134765625, 596.871337890625, 680.2923583984375]",phone_consecutive_frames
69.81520606912711,person_017,Phone Usage Detected,red,0.95,research_rules,Phone detected for 40 consecutive frames (4.0s),"[587.4091796875, 229.72760009765625, 885.4765625, 712.737060546875]",phone_consecutive_frames
69.91561144698301,person_005,Phone Usage Detected,red,0.95,research_rules,Phone detected for 40 consecutive frames (4.0s),"[190.53587341308594, 197.45269775390625, 598.1466064453125, 680.7943115234375]",phone_consecutive_frames
69.91561144698301,person_017,Phone Usage Detected,red,0.95,research_rules,Phone detected for 40 consecutive frames (4.0s),"[597.849365234375, 230.62709045410156, 885.15673828125, 713.2979736328125]",phone_consecutive_frames
70.0160168248389,person_017,Phone Usage Detected,red,0.95,research_rules,Phone detected for 40 consecutive frames (4.0s),"[596.59716796875, 230.72821044921875, 884.34521484375, 713.8256225585938]",phone_consecutive_frames
70.0160168248389,person_005,Phone Usage Detected,red,0.95,research_rules,Phone detected for 40 consecutive frames (4.0s),"[191.6026611328125, 197.3885498046875, 718.1705932617188, 711.3336181640625]",phone_consecutive_frames
70.11642220269478,person_005,Phone Usage Detected,red,0.95,research_rules,Phone detected for 40 consecutive frames (4.0s),"[191.1895751953125, 197.421142578125, 717.7786865234375, 711.2113037109375]",phone_consecutive_frames
70.11642220269478,person_017,Phone Usage Detected,red,0.95,research_rules,Phone detected for 40 consecutive frames (4.0s),"[598.191162109375, 230.60888671875, 884.01708984375, 713.6939697265625]",phone_consecutive_frames
70.21682758055067,person_017,Phone Usage Detected,red,0.95,research_rules,Phone detected for 40 consecutive frames (4.0s),"[600.7386474609375, 231.261474609375, 879.7369384765625, 711.4672241210938]",phone_consecutive_frames
70.21682758055067,person_005,Phone Usage Detected,red,0.95,research_rules,Phone detected for 40 consecutive frames (4.0s),"[192.625244140625, 197.90721130371094, 719.5518798828125, 705.26416015625]",phone_consecutive_frames
70.31723295840656,person_005,Phone Usage Detected,red,0.95,research_rules,Phone detected for 40 consecutive frames (4.0s),"[191.13287353515625, 196.78492736816406, 597.8107299804688, 680.3594970703125]",phone_consecutive_frames
70.41763833626244,person_005,Phone Usage Detected,red,0.95,research_rules,Phone detected for 40 consecutive frames (4.0s),"[191.73199462890625, 196.96417236328125, 596.8446044921875, 680.984375]",phone_consecutive_frames
70.51804371411833,person_005,Phone Usage Detected,red,0.95,research_rules,Phone detected for 40 consecutive frames (4.0s),"[192.6493377685547, 197.74537658691406, 670.2603149414062, 701.3221435546875]",phone_consecutive_frames
70.7188544698301,person_003,Frequent Head Turning,orange,0.8,research_rules,Head turned 7 times in window (current angle: 0.0°),"[0.259918212890625, 288.84759521484375, 216.1685791015625, 711.7393188476562]",head_turn_frequency
70.7188544698301,person_020,Frequent Head Turning,orange,0.8,research_rules,Head turned 5 times in window (current angle: 35.0°),"[830.01708984375, 258.53472900390625, 1125.322265625, 713.3550415039062]",head_turn_frequency
71.02007060339777,person_008,Frequent Head Turning,orange,0.8,research_rules,Head turned 4 times in window (current angle: 35.0°),"[613.8546142578125, 264.9808349609375, 720.9539794921875, 410.6273193359375]",head_turn_frequency
71.42169211482133,person_006,Frequent Head Turning,orange,0.8,research_rules,Head turned 4 times in window (current angle: 35.0°),"[133.20358276367188, 283.80657958984375, 263.4414367675781, 461.72357177734375]",head_turn_frequency
72.72696202694786,person_020,Frequent Head Turning,orange,0.8,research_rules,Head turned 3 times in window (current angle: 0.0°),"[830.6263427734375, 265.0810241699219, 1146.0233154296875, 712.7158203125]",head_turn_frequency
72.72696202694786,person_003,Frequent Head Turning,orange,0.8,research_rules,Head turned 7 times in window (current angle: 35.0°),"[0.24310302734375, 262.330322265625, 229.02557373046875, 711.6224365234375]",head_turn_frequency
73.02817816051552,person_008,Frequent Head Turning,orange,0.8,research_rules,Head turned 5 times in window (current angle: 35.0°),"[613.7314453125, 269.2252197265625, 712.997314453125, 420.468994140625]",head_turn_frequency
73.53020504979496,person_006,Frequent Head Turning,orange,0.8,research_rules,Head turned 3 times in window (current angle: 35.0°),"[139.27520751953125, 281.3969421386719, 264.72332763671875, 469.7009582519531]",head_turn_frequency
74.73506958406561,person_003,Frequent Head Turning,orange,0.8,research_rules,Head turned 5 times in window (current angle: 0.0°),"[0.2734832763671875, 282.5167236328125, 226.0173797607422, 711.2747802734375]",head_turn_frequency
75.03628571763328,person_008,Frequent Head Turning,orange,0.8,research_rules,Head turned 6 times in window (current angle: 35.0°),"[613.046142578125, 238.30987548828125, 715.188720703125, 387.65228271484375]",head_turn_frequency
75.53831260691271,person_006,Frequent Head Turning,orange,0.8,research_rules,Head turned 5 times in window (current angle: 35.0°),"[141.37030029296875, 281.06292724609375, 264.88720703125, 475.39373779296875]",head_turn_frequency
76.74317714118335,person_003,Frequent Head Turning,orange,0.8,research_rules,Head turned 7 times in window (current angle: 34.8°),"[36.2615966796875, 287.00091552734375, 225.50311279296875, 604.017578125]",head_turn_frequency
77.04439327475102,person_008,Frequent Head Turning,orange,0.8,research_rules,Head turned 6 times in window (current angle: 0.0°),"[612.8045654296875, 266.52020263671875, 707.4830322265625, 422.65789794921875]",head_turn_frequency
77.34560940831868,person_005,Phone Usage Detected,red,0.95,research_rules,Phone detected for 8 consecutive frames (0.8s),"[191.73931884765625, 210.6980743408203, 595.7172241210938, 685.2933959960938]",phone_consecutive_frames
77.44601478617457,person_005,Phone Usage Detected,red,0.95,research_rules,Phone detected for 9 consecutive frames (0.9s),"[192.9476318359375, 206.24932861328125, 589.6594848632812, 685.899658203125]",phone_consecutive_frames
77.54642016403047,person_005,Phone Usage Detected,red,0.95,research_rules,Phone detected for 10 consecutive frames (1.0s),"[194.834716796875, 203.90599060058594, 581.3699340820312, 686.96630859375]",phone_consecutive_frames
77.54642016403047,person_006,Frequent Head Turning,orange,0.8,research_rules,Head turned 7 times in window (current angle: 35.0°),"[155.16317749023438, 286.453125, 262.3175048828125, 475.0521240234375]",head_turn_frequency
77.64682554188634,person_005,Phone Usage Detected,red,0.95,research_rules,Phone detected for 11 consecutive frames (1.1s),"[195.23081970214844, 194.371826171875, 569.86083984375, 684.517822265625]",phone_consecutive_frames
77.74723091974224,person_005,Phone Usage Detected,red,0.95,research_rules,Phone detected for 12 consecutive frames (1.2s),"[196.55877685546875, 190.17462158203125, 571.9503173828125, 690.380859375]",phone_consecutive_frames
77.84763629759811,person_005,Phone Usage Detected,red,0.95,research_rules,Phone detected for 13 consecutive frames (1.3s),"[198.22108459472656, 183.52130126953125, 581.265625, 687.7738037109375]",phone_consecutive_frames
77.94804167545401,person_005,Phone Usage Detected,red,0.95,research_rules,Phone detected for 14 consecutive frames (1.4s),"[200.7353515625, 181.24468994140625, 580.6848754882812, 690.728759765625]",phone_consecutive_frames
78.0484470533099,person_005,Phone Usage Detected,red,0.95,research_rules,Phone detected for 15 consecutive frames (1.5s),"[203.3031005859375, 174.02001953125, 713.8768310546875, 709.6214599609375]",phone_consecutive_frames
78.14885243116578,person_005,Phone Usage Detected,red,0.95,research_rules,Phone detected for 16 consecutive frames (1.6s),"[203.95750427246094, 175.257080078125, 581.92919921875, 687.391845703125]",phone_consecutive_frames
78.24925780902167,person_017,Phone Usage Detected,red,0.95,research_rules,Phone detected for 8 consecutive frames (0.8s),"[617.6299438476562, 227.9825439453125, 868.3099975585938, 710.9810791015625]",phone_consecutive_frames
78.24925780902167,person_005,Phone Usage Detected,red,0.95,research_rules,Phone detected for 17 consecutive frames (1.7s),"[204.1494903564453, 174.95660400390625, 581.6821899414062, 689.890625]",phone_consecutive_frames
78.34966318687756,person_005,Phone Usage Detected,red,0.95,research_rules,Phone detected for 18 consecutive frames (1.8s),"[203.65582275390625, 174.67999267578125, 581.2685546875, 689.015380859375]",phone_consecutive_frames
78.34966318687756,person_017,Phone Usage Detected,red,0.95,research_rules,Phone detected for 9 consecutive frames (0.9s),"[619.1609497070312, 228.11895751953125, 854.9561157226562, 708.664306640625]",phone_consecutive_frames
78.45006856473344,person_017,Phone Usage Detected,red,0.95,research_rules,Phone detected for 10 consecutive frames (1.0s),"[617.1165771484375, 229.43121337890625, 855.5635986328125, 712.4987182617188]",phone_consecutive_frames
78.45006856473344,person_005,Phone Usage Detected,red,0.95,research_rules,Phone detected for 19 consecutive frames (1.9s),"[205.8257598876953, 175.1424560546875, 572.7902221679688, 690.7114868164062]",phone_consecutive_frames
78.55047394258933,person_005,Phone Usage Detected,red,0.95,research_rules,Phone detected for 20 consecutive frames (2.0s),"[205.99879455566406, 173.787353515625, 568.13427734375, 687.6596069335938]",phone_consecutive_frames
78.65087932044523,person_005,Phone Usage Detected,red,0.95,research_rules,Phone detected for 21 consecutive frames (2.1s),"[204.91595458984375, 174.21429443359375, 559.4200439453125, 691.1307373046875]",phone_consecutive_frames
78.7512846983011,person_003,Frequent Head Turning,orange,0.8,research_rules,Head turned 3 times in window (current angle: 0.0°),"[0.36578369140625, 3.63177490234375, 210.72116088867188, 708.8519897460938]",head_turn_frequency
78.851690076157,person_017,Phone Usage Detected,red,0.95,research_rules,Phone detected for 11 consecutive frames (1.1s),"[619.065673828125, 228.0815887451172, 837.60205078125, 533.0883178710938]",phone_consecutive_frames
78.851690076157,person_005,Frequent Head Turning,orange,0.8,research_rules,Head turned 4 times in window (current angle: 30.7°),"[201.3511962890625, 171.99560546875, 558.2715454101562, 686.0523681640625]",head_turn_frequency
78.95209545401288,person_017,Phone Usage Detected,red,0.95,research_rules,Phone detected for 12 consecutive frames (1.2s),"[619.996826171875, 228.8623046875, 850.402099609375, 582.126953125]",phone_consecutive_frames
79.05250083186877,person_008,Frequent Head Turning,orange,0.8,research_rules,Head turned 6 times in window (current angle: 0.0°),"[486.9376525878906, 261.58929443359375, 635.2593994140625, 465.93731689453125]",head_turn_frequency
79.05250083186877,person_017,Phone Usage Detected,red,0.95,research_rules,Phone detected for 13 consecutive frames (1.3s),"[619.4052734375, 227.125, 849.5225830078125, 605.133544921875]",phone_consecutive_frames
79.15290620972466,person_017,Phone Usage Detected,red,0.95,research_rules,Phone detected for 14 consecutive frames (1.4s),"[617.2650146484375, 228.10113525390625, 867.0491943359375, 654.1113891601562]",phone_consecutive_frames
79.25331158758054,person_017,Phone Usage Detected,red,0.95,research_rules,Phone detected for 15 consecutive frames (1.5s),"[618.08544921875, 228.4697265625, 867.0635986328125, 710.8502197265625]",phone_consecutive_frames
79.35371696543643,person_017,Phone Usage Detected,red,0.95,research_rules,Phone detected for 16 consecutive frames (1.6s),"[617.9957275390625, 228.4820556640625, 866.6905517578125, 711.352783203125]",phone_consecutive_frames
79.45412234329233,person_017,Phone Usage Detected,red,0.95,research_rules,Phone detected for 17 consecutive frames (1.7s),"[618.490234375, 228.982177734375, 867.77880859375, 711.8746337890625]",phone_consecutive_frames
79.5545277211482,person_020,Phone Usage Detected,red,0.95,research_rules,Phone detected for 8 consecutive frames (0.8s),"[787.603759765625, 245.826171875, 869.7890625, 381.1146240234375]",phone_consecutive_frames
79.5545277211482,person_017,Phone Usage Detected,red,0.95,research_rules,Phone detected for 18 consecutive frames (1.8s),"[618.2269897460938, 229.20018005371094, 869.0436401367188, 711.8841552734375]",phone_consecutive_frames
79.5545277211482,person_005,Phone Usage Detected,red,0.95,research_rules,Phone detected for 8 consecutive frames (0.8s),"[193.11766052246094, 178.28546142578125, 564.5169677734375, 690.8067016601562]",phone_consecutive_frames
79.5545277211482,person_006,Frequent Head Turning,orange,0.8,research_rules,Head turned 4 times in window (current angle: 0.0°),"[246.28961181640625, 315.0487060546875, 288.70355224609375, 359.366943359375]",head_turn_frequency
79.6549330990041,person_020,Phone Usage Detected,red,0.95,research_rules,Phone detected for 9 consecutive frames (0.9s),"[787.5, 245.52117919921875, 869.8203125, 380.22515869140625]",phone_consecutive_frames
79.6549330990041,person_017,Phone Usage Detected,red,0.95,research_rules,Phone detected for 19 consecutive frames (1.9s),"[618.432861328125, 228.74371337890625, 868.05712890625, 711.1129760742188]",phone_consecutive_frames
79.6549330990041,person_005,Phone Usage Detected,red,0.95,research_rules,Phone detected for 9 consecutive frames (0.9s),"[193.378173828125, 180.779296875, 566.8477783203125, 690.5032348632812]",phone_consecutive_frames
79.75533847685999,person_017,Phone Usage Detected,red,0.95,research_rules,Phone detected for 20 consecutive frames (2.0s),"[618.105712890625, 229.53570556640625, 868.763916015625, 711.1436767578125]",phone_consecutive_frames
79.75533847685999,person_020,Phone Usage Detected,red,0.95,research_rules,Phone detected for 10 consecutive frames (1.0s),"[787.5958251953125, 246.2254638671875, 869.9613037109375, 381.3602294921875]",phone_consecutive_frames
79.75533847685999,person_005,Phone Usage Detected,red,0.95,research_rules,Phone detected for 10 consecutive frames (1.0s),"[194.12249755859375, 186.1642608642578, 567.7498779296875, 691.5266723632812]",phone_consecutive_frames
79.85574385471587,person_017,Phone Usage Detected,red,0.95,research_rules,Phone detected for 21 consecutive frames (2.1s),"[618.25634765625, 228.32855224609375, 867.83544921875, 710.7399291992188]",phone_consecutive_frames
79.85574385471587,person_020,Phone Usage Detected,red,0.95,research_rules,Phone detected for 11 consecutive frames (1.1s),"[787.5445556640625, 244.99197387695312, 869.8114013671875, 379.8412170410156]",phone_consecutive_frames
79.85574385471587,person_005,Phone Usage Detected,red,0.95,research_rules,Phone detected for 11 consecutive frames (1.1s),"[195.18907165527344, 186.54644775390625, 572.0794677734375, 689.0984497070312]",phone_consecutive_frames
79.95614923257176,person_020,Phone Usage Detected,red,0.95,research_rules,Phone detected for 12 consecutive frames (1.2s),"[787.13818359375, 246.30352783203125, 869.977783203125, 381.43017578125]",phone_consecutive_frames
79.95614923257176,person_020,Frequent Head Turning,orange,0.8,research_rules,Head turned 3 times in window (current angle: 35.0°),"[787.13818359375, 246.30352783203125, 869.977783203125, 381.43017578125]",head_turn_frequency
79.95614923257176,person_005,Phone Usage Detected,red,0.95,research_rules,Phone detected for 12 consecutive frames (1.2s),"[195.5922393798828, 188.86036682128906, 574.6824340820312, 690.501708984375]",phone_consecutive_frames
79.95614923257176,person_017,Phone Usage Detected,red,0.95,research_rules,Phone detected for 22 consecutive frames (2.2s),"[616.6614990234375, 229.9818115234375, 866.8109130859375, 704.7982177734375]",phone_consecutive_frames
80.05655461042764,person_020,Phone Usage Detected,red,0.95,research_rules,Phone detected for 13 consecutive frames (1.3s),"[786.2080688476562, 244.4676513671875, 870.9492797851562, 379.55108642578125]",phone_consecutive_frames
80.05655461042764,person_005,Phone Usage Detected,red,0.95,research_rules,Phone detected for 13 consecutive frames (1.3s),"[195.42938232421875, 187.24139404296875, 570.4039916992188, 683.2151489257812]",phone_consecutive_frames
80.05655461042764,person_017,Phone Usage Detected,red,0.95,research_rules,Phone detected for 23 consecutive frames (2.3s),"[619.70166015625, 228.50917053222656, 853.2451171875, 590.663818359375]",phone_consecutive_frames
80.15695998828353,person_005,Phone Usage Detected,red,0.95,research_rules,Phone detected for 14 consecutive frames (1.4s),"[195.56443786621094, 187.3372802734375, 571.54248046875, 687.6946411132812]",phone_consecutive_frames
80.25736536613942,person_020,Phone Usage Detected,red,0.95,research_rules,Phone detected for 14 consecutive frames (1.4s),"[787.691162109375, 243.93093872070312, 871.142822265625, 379.2830505371094]",phone_consecutive_frames
80.25736536613942,person_005,Phone Usage Detected,red,0.95,research_rules,Phone detected for 15 consecutive frames (1.5s),"[196.0690460205078, 184.4878692626953, 566.7009887695312, 688.8009643554688]",phone_consecutive_frames
80.3577707439953,person_005,Phone Usage Detected,red,0.95,research_rules,Phone detected for 16 consecutive frames (1.6s),"[193.06101989746094, 188.25799560546875, 571.5787353515625, 690.7646484375]",phone_consecutive_frames
80.3577707439953,person_020,Phone Usage Detected,red,0.95,research_rules,Phone detected for 15 consecutive frames (1.5s),"[786.2715454101562, 247.37115478515625, 869.4674682617188, 382.00396728515625]",phone_consecutive_frames
80.4581761218512,person_005,Phone Usage Detected,red,0.95,research_rules,Phone detected for 17 consecutive frames (1.7s),"[192.0399627685547, 184.473388671875, 573.1699829101562, 689.94140625]",phone_consecutive_frames
80.4581761218512,person_020,Phone Usage Detected,red,0.95,research_rules,Phone detected for 16 consecutive frames (1.6s),"[787.600341796875, 244.4625244140625, 869.416748046875, 379.5166015625]",phone_consecutive_frames
80.55858149970709,person_020,Phone Usage Detected,red,0.95,research_rules,Phone detected for 17 consecutive frames (1.7s),"[785.8359985351562, 247.62823486328125, 870.9374389648438, 382.07696533203125]",phone_consecutive_frames
80.55858149970709,person_005,Phone Usage Detected,red,0.95,research_rules,Phone detected for 18 consecutive frames (1.8s),"[190.615234375, 189.3004150390625, 575.095703125, 692.2086181640625]",phone_consecutive_frames
80.65898687756297,person_020,Phone Usage Detected,red,0.95,research_rules,Phone detected for 18 consecutive frames (1.8s),"[786.71240234375, 244.9359130859375, 870.969970703125, 379.470703125]",phone_consecutive_frames
80.65898687756297,person_005,Phone Usage Detected,red,0.95,research_rules,Phone detected for 19 consecutive frames (1.9s),"[190.72772216796875, 185.7510528564453, 572.5148315429688, 689.0986938476562]",phone_consecutive_frames
80.75939225541886,person_020,Phone Usage Detected,red,0.95,research_rules,Phone detected for 19 consecutive frames (1.9s),"[786.2506103515625, 246.63970947265625, 869.6978759765625, 382.24560546875]",phone_consecutive_frames
80.75939225541886,person_005,Phone Usage Detected,red,0.95,research_rules,Phone detected for 20 consecutive frames (2.0s),"[191.13360595703125, 187.47486877441406, 573.5437622070312, 692.734619140625]",phone_consecutive_frames
80.85979763327475,person_005,Phone Usage Detected,red,0.95,research_rules,Phone detected for 21 consecutive frames (2.1s),"[191.9207305908203, 186.3069610595703, 573.4743041992188, 692.3927612304688]",phone_consecutive_frames
80.85979763327475,person_005,Frequent Head Turning,orange,0.8,research_rules,Head turned 5 times in window (current angle: 0.0°),"[191.9207305908203, 186.3069610595703, 573.4743041992188, 692.3927612304688]",head_turn_frequency
80.85979763327475,person_020,Phone Usage Detected,red,0.95,research_rules,Phone detected for 20 consecutive frames (2.0s),"[785.8551025390625, 245.9139404296875, 870.87451171875, 379.74993896484375]",phone_consecutive_frames
80.96020301113063,person_005,Phone Usage Detected,red,0.95,research_rules,Phone detected for 22 consecutive frames (2.2s),"[191.29286193847656, 187.3457489013672, 574.08935546875, 691.9830932617188]",phone_consecutive_frames
80.96020301113063,person_017,Phone Usage Detected,red,0.95,research_rules,Phone detected for 8 consecutive frames (0.8s),"[616.361572265625, 229.03472900390625, 870.252197265625, 711.4266357421875]",phone_consecutive_frames
80.96020301113063,person_020,Phone Usage Detected,red,0.95,research_rules,Phone detected for 21 consecutive frames (2.1s),"[786.11962890625, 245.61114501953125, 869.630859375, 381.01153564453125]",phone_consecutive_frames
81.06060838898652,person_017,Phone Usage Detected,red,0.95,research_rules,Phone detected for 9 consecutive frames (0.9s),"[616.9794921875, 229.07879638671875, 869.25927734375, 711.62109375]",phone_consecutive_frames
81.06060838898652,person_020,Phone Usage Detected,red,0.95,research_rules,Phone detected for 22 consecutive frames (2.2s),"[785.4224853515625, 245.74627685546875, 869.1922607421875, 381.57574462890625]",phone_consecutive_frames
81.06060838898652,person_008,Frequent Head Turning,orange,0.8,research_rules,Head turned 8 times in window (current angle: 35.0°),"[517.4977416992188, 259.07373046875, 636.5814819335938, 464.608154296875]",head_turn_frequency
81.06060838898652,person_005,Phone Usage Detected,red,0.95,research_rules,Phone detected for 23 consecutive frames (2.3s),"[192.0250244140625, 189.19671630859375, 574.2633056640625, 694.0079345703125]",phone_consecutive_frames
81.16101376684242,person_020,Phone Usage Detected,red,0.95,research_rules,Phone detected for 23 consecutive frames (2.3s),"[785.2682495117188, 245.84234619140625, 870.8958129882812, 380.06103515625]",phone_consecutive_frames
81.16101376684242,person_017,Phone Usage Detected,red,0.95,research_rules,Phone detected for 10 consecutive frames (1.0s),"[618.8595581054688, 228.73553466796875, 869.5375366210938, 711.6325073242188]",phone_consecutive_frames
81.16101376684242,person_005,Phone Usage Detected,red,0.95,research_rules,Phone detected for 24 consecutive frames (2.4s),"[192.30389404296875, 191.6233673095703, 580.243408203125, 691.6453247070312]",phone_consecutive_frames
81.2614191446983,person_017,Phone Usage Detected,red,0.95,research_rules,Phone detected for 11 consecutive frames (1.1s),"[617.8595581054688, 229.112060546875, 869.7814331054688, 710.9539794921875]",phone_consecutive_frames
81.2614191446983,person_020,Phone Usage Detected,red,0.95,research_rules,Phone detected for 24 consecutive frames (2.4s),"[785.011474609375, 246.3992919921875, 870.192626953125, 380.99371337890625]",phone_consecutive_frames
81.2614191446983,person_005,Phone Usage Detected,red,0.95,research_rules,Phone detected for 25 consecutive frames (2.5s),"[192.41082763671875, 195.64068603515625, 588.2340087890625, 688.0588989257812]",phone_consecutive_frames
81.36182452255419,person_017,Phone Usage Detected,red,0.95,research_rules,Phone detected for 12 consecutive frames (1.2s),"[618.0426025390625, 228.6072235107422, 870.3521728515625, 711.8836059570312]",phone_consecutive_frames
81.36182452255419,person_020,Phone Usage Detected,red,0.95,research_rules,Phone detected for 25 consecutive frames (2.5s),"[785.3892822265625, 245.53585815429688, 871.1661376953125, 380.6239318847656]",phone_consecutive_frames
81.36182452255419,person_005,Phone Usage Detected,red,0.95,research_rules,Phone detected for 26 consecutive frames (2.6s),"[193.35687255859375, 194.4453125, 591.0216674804688, 690.0850830078125]",phone_consecutive_frames
81.46222990041007,person_017,Phone Usage Detected,red,0.95,research_rules,Phone detected for 13 consecutive frames (1.3s),"[618.399658203125, 229.16314697265625, 868.7333984375, 711.2514038085938]",phone_consecutive_frames
81.46222990041007,person_020,Phone Usage Detected,red,0.95,research_rules,Phone detected for 26 consecutive frames (2.6s),"[783.9053955078125, 246.43377685546875, 871.2447509765625, 380.61083984375]",phone_consecutive_frames
81.46222990041007,person_005,Phone Usage Detected,red,0.95,research_rules,Phone detected for 27 consecutive frames (2.7s),"[195.21861267089844, 198.71568298339844, 586.3660888671875, 689.6507568359375]",phone_consecutive_frames
81.56263527826596,person_020,Phone Usage Detected,red,0.95,research_rules,Phone detected for 27 consecutive frames (2.7s),"[783.6424560546875, 245.8603515625, 871.2396240234375, 381.0770263671875]",phone_consecutive_frames
81.56263527826596,person_017,Phone Usage Detected,red,0.95,research_rules,Phone detected for 14 consecutive frames (1.4s),"[618.7041015625, 228.8633575439453, 868.717041015625, 711.3235473632812]",phone_consecutive_frames
81.56263527826596,person_006,Frequent Head Turning,orange,0.8,research_rules,Head turned 3 times in window (current angle: 0.0°),"[249.02806091308594, 315.8720703125, 291.0169677734375, 367.23443603515625]",head_turn_frequency
81.56263527826596,person_005,Phone Usage Detected,red,0.95,research_rules,Phone detected for 28 consecutive frames (2.8s),"[195.56170654296875, 201.49505615234375, 589.7525024414062, 689.1829223632812]",phone_consecutive_frames
81.66304065612185,person_017,Phone Usage Detected,red,0.95,research_rules,Phone detected for 15 consecutive frames (1.5s),"[619.1414794921875, 229.05316162109375, 869.12890625, 711.7203369140625]",phone_consecutive_frames
81.66304065612185,person_020,Phone Usage Detected,red,0.95,research_rules,Phone detected for 28 consecutive frames (2.8s),"[784.794921875, 245.8758544921875, 870.844970703125, 380.35369873046875]",phone_consecutive_frames
81.76344603397773,person_017,Phone Usage Detected,red,0.95,research_rules,Phone detected for 16 consecutive frames (1.6s),"[618.705078125, 229.00469970703125, 868.236572265625, 711.7557373046875]",phone_consecutive_frames
81.76344603397773,person_020,Phone Usage Detected,red,0.95,research_rules,Phone detected for 29 consecutive frames (2.9s),"[784.9803466796875, 246.3931884765625, 870.7554931640625, 381.5626220703125]",phone_consecutive_frames
81.86385141183362,person_017,Phone Usage Detected,red,0.95,research_rules,Phone detected for 17 consecutive frames (1.7s),"[619.3818359375, 228.7034912109375, 868.6298828125, 711.762939453125]",phone_consecutive_frames
81.86385141183362,person_020,Phone Usage Detected,red,0.95,research_rules,Phone detected for 30 consecutive frames (3.0s),"[783.0660400390625, 245.7822265625, 870.427490234375, 381.1754150390625]",phone_consecutive_frames
81.96425678968951,person_017,Phone Usage Detected,red,0.95,research_rules,Phone detected for 18 consecutive frames (1.8s),"[619.0125732421875, 228.1053466796875, 869.6248779296875, 711.9488525390625]",phone_consecutive_frames
81.96425678968951,person_020,Phone Usage Detected,red,0.95,research_rules,Phone detected for 31 consecutive frames (3.1s),"[781.1920166015625, 246.15997314453125, 870.688232421875, 381.71270751953125]",phone_consecutive_frames
82.16506754540129,person_017,Phone Usage Detected,red,0.95,research_rules,Phone detected for 19 consecutive frames (1.9s),"[617.941162109375, 228.4708251953125, 868.4739990234375, 711.7967529296875]",phone_consecutive_frames
82.16506754540129,person_020,Frequent Head Turning,orange,0.8,research_rules,Head turned 5 times in window (current angle: 0.0°),"[951.8345947265625, 261.51007080078125, 1036.3170166015625, 437.20916748046875]",head_turn_frequency
82.26547292325718,person_017,Phone Usage Detected,red,0.95,research_rules,Phone detected for 20 consecutive frames (2.0s),"[618.5032958984375, 229.0780029296875, 869.3751220703125, 711.4304809570312]",phone_consecutive_frames
82.36587830111306,person_017,Phone Usage Detected,red,0.95,research_rules,Phone detected for 21 consecutive frames (2.1s),"[618.568359375, 228.53387451171875, 869.1883544921875, 710.9714965820312]",phone_consecutive_frames
82.46628367896895,person_017,Phone Usage Detected,red,0.95,research_rules,Phone detected for 22 consecutive frames (2.2s),"[618.73974609375, 228.97950744628906, 868.56787109375, 711.593017578125]",phone_consecutive_frames
82.56668905682483,person_017,Phone Usage Detected,red,0.95,research_rules,Phone detected for 23 consecutive frames (2.3s),"[618.7437744140625, 228.306884765625, 868.3553466796875, 711.6715698242188]",phone_consecutive_frames
82.66709443468072,person_017,Phone Usage Detected,red,0.95,research_rules,Phone detected for 24 consecutive frames (2.4s),"[619.228515625, 229.0578155517578, 870.260498046875, 711.5945434570312]",phone_consecutive_frames
82.76749981253661,person_017,Phone Usage Detected,red,0.95,research_rules,Phone detected for 25 consecutive frames (2.5s),"[618.90869140625, 228.2587890625, 869.9869384765625, 711.1515502929688]",phone_consecutive_frames
82.86790519039249,person_005,Frequent Head Turning,orange,0.8,research_rules,Head turned 4 times in window (current angle: 0.0°),"[200.120361328125, 201.3469696044922, 590.5010375976562, 688.8457641601562]",head_turn_frequency
82.86790519039249,person_017,Phone Usage Detected,red,0.95,research_rules,Phone detected for 26 consecutive frames (2.6s),"[618.8759765625, 228.9144287109375, 868.52294921875, 711.5322265625]",phone_consecutive_frames
82.96831056824838,person_017,Phone Usage Detected,red,0.95,research_rules,Phone detected for 27 consecutive frames (2.7s),"[618.9497680664062, 228.654541015625, 869.9583129882812, 711.4301147460938]",phone_consecutive_frames
83.06871594610428,person_008,Frequent Head Turning,orange,0.8,research_rules,Head turned 7 times in window (current angle: 35.0°),"[522.1368408203125, 254.62005615234375, 636.7169189453125, 463.57440185546875]",head_turn_frequency
83.06871594610428,person_017,Phone Usage Detected,red,0.95,research_rules,Phone detected for 28 consecutive frames (2.8s),"[618.4610595703125, 228.5945281982422, 869.5709228515625, 711.2066040039062]",phone_consecutive_frames
83.16912132396016,person_017,Phone Usage Detected,red,0.95,research_rules,Phone detected for 29 consecutive frames (2.9s),"[618.60546875, 228.4833984375, 870.11279296875, 711.1760864257812]",phone_consecutive_frames
83.26952670181605,person_017,Phone Usage Detected,red,0.95,research_rules,Phone detected for 30 consecutive frames (3.0s),"[618.6243896484375, 228.5035400390625, 869.2064208984375, 711.3262939453125]",phone_consecutive_frames
83.36993207967194,person_017,Phone Usage Detected,red,0.95,research_rules,Phone detected for 31 consecutive frames (3.1s),"[618.8638916015625, 229.22723388671875, 869.6558837890625, 712.0020751953125]",phone_consecutive_frames
83.47033745752782,person_017,Phone Usage Detected,red,0.95,research_rules,Phone detected for 32 consecutive frames (3.2s),"[619.25634765625, 228.88909912109375, 867.58203125, 711.9893798828125]",phone_consecutive_frames
83.57074283538371,person_017,Phone Usage Detected,red,0.95,research_rules,Phone detected for 33 consecutive frames (3.3s),"[619.6173095703125, 227.8102569580078, 867.1455078125, 711.3740844726562]",phone_consecutive_frames
83.57074283538371,person_006,Frequent Head Turning,orange,0.8,research_rules,Head turned 5 times in window (current angle: 35.0°),"[254.8164825439453, 271.7425842285156, 349.91180419921875, 365.6752014160156]",head_turn_frequency
83.77155359109548,person_017,Frequent Head Turning,orange,0.8,research_rules,Head turned 5 times in window (current angle: 32.6°),"[618.29150390625, 229.0615234375, 851.894775390625, 710.8251342773438]",head_turn_frequency
84.17317510251904,person_020,Frequent Head Turning,orange,0.8,research_rules,Head turned 5 times in window (current angle: 0.0°),"[1011.0592041015625, 276.1175537109375, 1147.1036376953125, 584.1555786132812]",head_turn_frequency
84.37398585823081,person_005,Phone Usage Detected,red,0.95,research_rules,Phone detected for 8 consecutive frames (0.8s),"[193.40650939941406, 182.17156982421875, 583.5704345703125, 690.0496826171875]",phone_consecutive_frames
84.4743912360867,person_005,Phone Usage Detected,red,0.95,research_rules,Phone detected for 9 consecutive frames (0.9s),"[193.33038330078125, 183.15435791015625, 581.6497192382812, 690.6657104492188]",phone_consecutive_frames
84.57479661394258,person_005,Phone Usage Detected,red,0.95,research_rules,Phone detected for 10 consecutive frames (1.0s),"[193.4788818359375, 180.1304473876953, 579.4004516601562, 691.0734252929688]",phone_consecutive_frames
84.67520199179847,person_005,Phone Usage Detected,red,0.95,research_rules,Phone detected for 11 consecutive frames (1.1s),"[193.1195068359375, 180.24188232421875, 577.8934936523438, 689.7047119140625]",phone_consecutive_frames
84.77560736965437,person_005,Phone Usage Detected,red,0.95,research_rules,Phone detected for 12 consecutive frames (1.2s),"[192.7337646484375, 179.302001953125, 573.847412109375, 688.806640625]",phone_consecutive_frames
84.87601274751025,person_005,Phone Usage Detected,red,0.95,research_rules,Phone detected for 13 consecutive frames (1.3s),"[193.2296142578125, 177.45664978027344, 570.97216796875, 687.39453125]",phone_consecutive_frames
84.87601274751025,person_005,Frequent Head Turning,orange,0.8,research_rules,Head turned 5 times in window (current angle: 28.0°),"[193.2296142578125, 177.45664978027344, 570.97216796875, 687.39453125]",head_turn_frequency
84.97641812536614,person_005,Phone Usage Detected,red,0.95,research_rules,Phone detected for 14 consecutive frames (1.4s),"[193.67095947265625, 177.90545654296875, 570.2133178710938, 686.9434814453125]",phone_consecutive_frames
85.07682350322202,person_005,Phone Usage Detected,red,0.95,research_rules,Phone detected for 15 consecutive frames (1.5s),"[192.3446502685547, 178.126708984375, 571.7786254882812, 688.4920654296875]",phone_consecutive_frames
85.07682350322202,person_008,Frequent Head Turning,orange,0.8,research_rules,Head turned 6 times in window (current angle: 27.6°),"[510.92333984375, 253.74404907226562, 629.671630859375, 465.8461608886719]",head_turn_frequency
85.17722888107791,person_005,Phone Usage Detected,red,0.95,research_rules,Phone detected for 16 consecutive frames (1.6s),"[196.37535095214844, 178.92527770996094, 574.1761474609375, 688.03759765625]",phone_consecutive_frames
85.57885039250147,person_006,Frequent Head Turning,orange,0.8,research_rules,Head turned 3 times in window (current angle: 35.0°),"[254.6321563720703, 274.9474182128906, 341.31439208984375, 359.9441833496094]",head_turn_frequency
85.77966114821324,person_017,Frequent Head Turning,orange,0.8,research_rules,Head turned 3 times in window (current angle: 29.7°),"[591.3800048828125, 246.9234619140625, 863.39892578125, 713.2684326171875]",head_turn_frequency
86.18128265963678,person_020,Frequent Head Turning,orange,0.8,research_rules,Head turned 7 times in window (current angle: 35.0°),"[921.305419921875, 257.1720886230469, 1034.4552001953125, 443.2837219238281]",head_turn_frequency
86.884120304628,person_005,Frequent Head Turning,orange,0.8,research_rules,Head turned 3 times in window (current angle: 26.0°),"[189.96337890625, 206.6241455078125, 584.5177612304688, 688.7855834960938]",head_turn_frequency
87.08493106033977,person_008,Frequent Head Turning,orange,0.8,research_rules,Head turned 6 times in window (current angle: 35.0°),"[529.7330322265625, 254.38241577148438, 638.53125, 466.2675476074219]",head_turn_frequency
87.5869579496192,person_006,Frequent Head Turning,orange,0.8,research_rules,Head turned 5 times in window (current angle: 0.0°),"[257.30975341796875, 272.4000244140625, 343.59442138671875, 360.96539306640625]",head_turn_frequency
87.98857946104276,person_003,Frequent Head Turning,orange,0.8,research_rules,Head turned 3 times in window (current angle: 32.4°),"[12.336822509765625, 250.06854248046875, 219.60191345214844, 711.895751953125]",head_turn_frequency
88.18939021675453,person_020,Frequent Head Turning,orange,0.8,research_rules,Head turned 7 times in window (current angle: 35.0°),"[977.2064208984375, 278.3592529296875, 1076.9366455078125, 428.58642578125]",head_turn_frequency
88.3902009724663,person_021,Frequent Head Turning,orange,0.8,research_rules,Head turned 3 times in window (current angle: 35.0°),"[833.99609375, 262.1868896484375, 1065.5186767578125, 520.3937377929688]",head_turn_frequency
88.89222786174575,person_005,Frequent Head Turning,orange,0.8,research_rules,Head turned 3 times in window (current angle: 22.8°),"[185.24591064453125, 210.0301513671875, 586.0325317382812, 712.023681640625]",head_turn_frequency
89.09303861745752,person_008,Frequent Head Turning,orange,0.8,research_rules,Head turned 6 times in window (current angle: 35.0°),"[530.591552734375, 249.439697265625, 645.670166015625, 462.572509765625]",head_turn_frequency
89.59506550673696,person_006,Frequent Head Turning,orange,0.8,research_rules,Head turned 5 times in window (current angle: 35.0°),"[142.934326171875, 282.29119873046875, 254.628173828125, 439.86444091796875]",head_turn_frequency
89.89628164030462,person_017,Phone Usage Detected,red,0.95,research_rules,Phone detected for 8 consecutive frames (0.8s),"[620.5927734375, 230.88543701171875, 876.17236328125, 711.5664672851562]",phone_consecutive_frames
89.99668701816051,person_017,Phone Usage Detected,red,0.95,research_rules,Phone detected for 9 consecutive frames (0.9s),"[615.221923828125, 230.43333435058594, 874.402587890625, 711.65283203125]",phone_consecutive_frames
90.0970923960164,person_005,Phone Usage Detected,red,0.95,research_rules,Phone detected for 8 consecutive frames (0.8s),"[185.592041015625, 210.81341552734375, 583.89990234375, 715.2009887695312]",phone_consecutive_frames
90.0970923960164,person_017,Phone Usage Detected,red,0.95,research_rules,Phone detected for 10 consecutive frames (1.0s),"[612.8724365234375, 230.98304748535156, 872.5035400390625, 710.554931640625]",phone_consecutive_frames
90.19749777387229,person_005,Phone Usage Detected,red,0.95,research_rules,Phone detected for 9 consecutive frames (0.9s),"[185.26788330078125, 210.61265563964844, 585.1749267578125, 715.3046875]",phone_consecutive_frames
90.19749777387229,person_017,Phone Usage Detected,red,0.95,research_rules,Phone detected for 11 consecutive frames (1.1s),"[613.2391967773438, 230.2906494140625, 872.5687866210938, 709.671875]",phone_consecutive_frames
90.19749777387229,person_020,Frequent Head Turning,orange,0.8,research_rules,Head turned 8 times in window (current angle: 35.0°),"[989.832275390625, 279.460205078125, 1078.7880859375, 430.4920654296875]",head_turn_frequency
90.29790315172818,person_017,Phone Usage Detected,red,0.95,research_rules,Phone detected for 12 consecutive frames (1.2s),"[612.42578125, 230.581787109375, 872.6522216796875, 711.0718383789062]",phone_consecutive_frames
90.29790315172818,person_005,Phone Usage Detected,red,0.95,research_rules,Phone detected for 10 consecutive frames (1.0s),"[187.194091796875, 210.05931091308594, 585.2092895507812, 714.752685546875]",phone_consecutive_frames
90.39830852958406,person_005,Phone Usage Detected,red,0.95,research_rules,Phone detected for 11 consecutive frames (1.1s),"[185.43927001953125, 210.65496826171875, 585.958251953125, 715.1458129882812]",phone_consecutive_frames
90.39830852958406,person_021,Frequent Head Turning,orange,0.8,research_rules,Head turned 4 times in window (current angle: 33.3°),"[832.390625, 269.90966796875, 1068.961181640625, 524.3723754882812]",head_turn_frequency
90.39830852958406,person_017,Phone Usage Detected,red,0.95,research_rules,Phone detected for 13 consecutive frames (1.3s),"[611.3712768554688, 230.9498291015625, 871.4514770507812, 710.287353515625]",phone_consecutive_frames
90.49871390743995,person_005,Phone Usage Detected,red,0.95,research_rules,Phone detected for 12 consecutive frames (1.2s),"[185.25689697265625, 210.23455810546875, 586.156982421875, 715.6561279296875]",phone_consecutive_frames
90.49871390743995,person_017,Phone Usage Detected,red,0.95,research_rules,Phone detected for 14 consecutive frames (1.4s),"[612.3143920898438, 230.77886962890625, 871.2896118164062, 709.4964599609375]",phone_consecutive_frames
90.59911928529584,person_017,Phone Usage Detected,red,0.95,research_rules,Phone detected for 15 consecutive frames (1.5s),"[612.8148193359375, 230.45745849609375, 872.9681396484375, 709.8719482421875]",phone_consecutive_frames
90.59911928529584,person_005,Phone Usage Detected,red,0.95,research_rules,Phone detected for 13 consecutive frames (1.3s),"[186.04833984375, 210.05934143066406, 587.4693603515625, 713.21337890625]",phone_consecutive_frames
90.69952466315172,person_017,Phone Usage Detected,red,0.95,research_rules,Phone detected for 16 consecutive frames (1.6s),"[613.30224609375, 230.931884765625, 871.995361328125, 709.869140625]",phone_consecutive_frames
90.69952466315172,person_005,Phone Usage Detected,red,0.95,research_rules,Phone detected for 14 consecutive frames (1.4s),"[186.20880126953125, 209.68736267089844, 586.0816040039062, 715.138916015625]",phone_consecutive_frames
90.79993004100761,person_005,Phone Usage Detected,red,0.95,research_rules,Phone detected for 15 consecutive frames (1.5s),"[185.1290283203125, 209.32122802734375, 588.2908935546875, 713.8284912109375]",phone_consecutive_frames
90.79993004100761,person_017,Phone Usage Detected,red,0.95,research_rules,Phone detected for 17 consecutive frames (1.7s),"[613.9019775390625, 229.4652862548828, 873.5484619140625, 708.3432006835938]",phone_consecutive_frames
90.90033541886349,person_005,Phone Usage Detected,red,0.95,research_rules,Phone detected for 16 consecutive frames (1.6s),"[185.96185302734375, 210.0928955078125, 588.506591796875, 713.7056274414062]",phone_consecutive_frames
90.90033541886349,person_017,Phone Usage Detected,red,0.95,research_rules,Phone detected for 18 consecutive frames (1.8s),"[614.6573486328125, 229.54058837890625, 873.6964111328125, 709.1573486328125]",phone_consecutive_frames
91.00074079671938,person_017,Phone Usage Detected,red,0.95,research_rules,Phone detected for 19 consecutive frames (1.9s),"[613.9588623046875, 229.390869140625, 873.79931640625, 709.595703125]",phone_consecutive_frames
91.00074079671938,person_005,Phone Usage Detected,red,0.95,research_rules,Phone detected for 17 consecutive frames (1.7s),"[186.57781982421875, 210.46046447753906, 586.6278076171875, 715.328857421875]",phone_consecutive_frames
91.10114617457528,person_017,Phone Usage Detected,red,0.95,research_rules,Phone detected for 20 consecutive frames (2.0s),"[613.8238525390625, 228.54498291015625, 873.6268310546875, 709.8228759765625]",phone_consecutive_frames
91.10114617457528,person_005,Phone Usage Detected,red,0.95,research_rules,Phone detected for 18 consecutive frames (1.8s),"[185.32196044921875, 211.35626220703125, 588.1912231445312, 713.183349609375]",phone_consecutive_frames
91.10114617457528,person_008,Frequent Head Turning,orange,0.8,research_rules,Head turned 5 times in window (current angle: 0.0°),"[528.0926513671875, 247.63543701171875, 632.9620361328125, 462.07928466796875]",head_turn_frequency
91.20155155243116,person_005,Phone Usage Detected,red,0.95,research_rules,Phone detected for 19 consecutive frames (1.9s),"[185.5355682373047, 210.26898193359375, 589.1613159179688, 713.1658325195312]",phone_consecutive_frames
91.20155155243116,person_017,Phone Usage Detected,red,0.95,research_rules,Phone detected for 21 consecutive frames (2.1s),"[613.3465576171875, 230.263427734375, 872.1004638671875, 709.6875]",phone_consecutive_frames
91.30195693028705,person_017,Phone Usage Detected,red,0.95,research_rules,Phone detected for 22 consecutive frames (2.2s),"[613.3690185546875, 229.6929931640625, 871.7435302734375, 710.049072265625]",phone_consecutive_frames
91.30195693028705,person_005,Phone Usage Detected,red,0.95,research_rules,Phone detected for 20 consecutive frames (2.0s),"[184.95867919921875, 210.3155059814453, 586.3349609375, 715.0870971679688]",phone_consecutive_frames
91.40236230814294,person_017,Phone Usage Detected,red,0.95,research_rules,Phone detected for 23 consecutive frames (2.3s),"[613.7423095703125, 230.2376708984375, 872.3184814453125, 710.0006713867188]",phone_consecutive_frames
91.40236230814294,person_005,Phone Usage Detected,red,0.95,research_rules,Phone detected for 21 consecutive frames (2.1s),"[185.9296875, 211.95005798339844, 587.964599609375, 712.92529296875]",phone_consecutive_frames
91.40236230814294,person_003,Frequent Head Turning,orange,0.8,research_rules,Head turned 3 times in window (current angle: 32.4°),"[0.0, 280.22833251953125, 220.7978515625, 712.8261108398438]",head_turn_frequency
91.50276768599882,person_005,Phone Usage Detected,red,0.95,research_rules,Phone detected for 22 consecutive frames (2.2s),"[186.49859619140625, 209.62847900390625, 588.635009765625, 715.6128540039062]",phone_consecutive_frames
91.50276768599882,person_017,Phone Usage Detected,red,0.95,research_rules,Phone detected for 24 consecutive frames (2.4s),"[612.35595703125, 230.56309509277344, 870.47216796875, 709.5687255859375]",phone_consecutive_frames
91.60317306385471,person_017,Phone Usage Detected,red,0.95,research_rules,Phone detected for 25 consecutive frames (2.5s),"[611.890625, 230.833251953125, 872.198974609375, 709.5587158203125]",phone_consecutive_frames
91.60317306385471,person_005,Phone Usage Detected,red,0.95,research_rules,Phone detected for 23 consecutive frames (2.3s),"[184.198974609375, 211.29693603515625, 589.5430908203125, 713.450439453125]",phone_consecutive_frames
91.7035784417106,person_017,Phone Usage Detected,red,0.95,research_rules,Phone detected for 26 consecutive frames (2.6s),"[611.51904296875, 231.66943359375, 871.729736328125, 709.2646484375]",phone_consecutive_frames
91.7035784417106,person_005,Phone Usage Detected,red,0.95,research_rules,Phone detected for 24 consecutive frames (2.4s),"[185.59527587890625, 211.28114318847656, 589.5299072265625, 713.0078125]",phone_consecutive_frames
91.80398381956648,person_005,Phone Usage Detected,red,0.95,research_rules,Phone detected for 25 consecutive frames (2.5s),"[184.46534729003906, 210.70599365234375, 586.668212890625, 714.3187866210938]",phone_consecutive_frames
91.80398381956648,person_017,Phone Usage Detected,red,0.95,research_rules,Phone detected for 27 consecutive frames (2.7s),"[610.197509765625, 230.7711181640625, 869.26904296875, 708.5809326171875]",phone_consecutive_frames
91.90438919742238,person_005,Phone Usage Detected,red,0.95,research_rules,Phone detected for 26 consecutive frames (2.6s),"[184.6361083984375, 211.10353088378906, 586.1448364257812, 715.02978515625]",phone_consecutive_frames
91.90438919742238,person_017,Phone Usage Detected,red,0.95,research_rules,Phone detected for 28 consecutive frames (2.8s),"[609.373046875, 233.1854248046875, 870.63232421875, 710.0938720703125]",phone_consecutive_frames
92.00479457527825,person_005,Phone Usage Detected,red,0.95,research_rules,Phone detected for 27 consecutive frames (2.7s),"[184.78770446777344, 210.05828857421875, 587.872314453125, 715.1806030273438]",phone_consecutive_frames
92.00479457527825,person_017,Phone Usage Detected,red,0.95,research_rules,Phone detected for 29 consecutive frames (2.9s),"[607.944091796875, 230.9654541015625, 869.7176513671875, 709.5394897460938]",phone_consecutive_frames
92.10519995313415,person_017,Phone Usage Detected,red,0.95,research_rules,Phone detected for 30 consecutive frames (3.0s),"[608.0518798828125, 230.652099609375, 868.634765625, 709.9857177734375]",phone_consecutive_frames
92.10519995313415,person_005,Phone Usage Detected,red,0.95,research_rules,Phone detected for 28 consecutive frames (2.8s),"[186.3134765625, 212.31292724609375, 589.081298828125, 712.51318359375]",phone_consecutive_frames
92.20560533099004,person_020,Frequent Head Turning,orange,0.8,research_rules,Head turned 5 times in window (current angle: 0.0°),"[929.04052734375, 259.253173828125, 1004.095947265625, 439.87408447265625]",head_turn_frequency
92.20560533099004,person_005,Phone Usage Detected,red,0.95,research_rules,Phone detected for 29 consecutive frames (2.9s),"[185.9022216796875, 211.5537109375, 588.3736572265625, 713.058837890625]",phone_consecutive_frames
92.20560533099004,person_017,Phone Usage Detected,red,0.95,research_rules,Phone detected for 31 consecutive frames (3.1s),"[608.6978759765625, 230.19773864746094, 869.2696533203125, 710.9647216796875]",phone_consecutive_frames
92.30601070884592,person_005,Phone Usage Detected,red,0.95,research_rules,Phone detected for 30 consecutive frames (3.0s),"[186.78326416015625, 211.09991455078125, 589.3270874023438, 713.1429443359375]",phone_consecutive_frames
92.30601070884592,person_017,Phone Usage Detected,red,0.95,research_rules,Phone detected for 32 consecutive frames (3.2s),"[610.00537109375, 228.4501953125, 868.593505859375, 710.21484375]",phone_consecutive_frames
92.40641608670181,person_005,Phone Usage Detected,red,0.95,research_rules,Phone detected for 31 consecutive frames (3.1s),"[187.261962890625, 211.87994384765625, 588.092529296875, 713.321533203125]",phone_consecutive_frames
92.40641608670181,person_017,Phone Usage Detected,red,0.95,research_rules,Phone detected for 33 consecutive frames (3.3s),"[612.744873046875, 230.94580078125, 868.497802734375, 709.9039306640625]",phone_consecutive_frames
92.5068214645577,person_022,Frequent Head Turning,orange,0.8,research_rules,Head turned 3 times in window (current angle: 12.7°),"[958.2728271484375, 3.305908203125, 1279.4888916015625, 710.650146484375]",head_turn_frequency
92.5068214645577,person_005,Phone Usage Detected,red,0.95,research_rules,Phone detected for 32 consecutive frames (3.2s),"[186.44378662109375, 209.29115295410156, 586.3531494140625, 714.52978515625]",phone_consecutive_frames
92.5068214645577,person_017,Phone Usage Detected,red,0.95,research_rules,Phone detected for 34 consecutive frames (3.4s),"[614.7144775390625, 227.3507080078125, 872.1663818359375, 708.9288940429688]",phone_consecutive_frames
92.60722684241358,person_005,Phone Usage Detected,red,0.95,research_rules,Phone detected for 33 consecutive frames (3.3s),"[186.591552734375, 211.8764190673828, 588.701904296875, 712.9921264648438]",phone_consecutive_frames
92.60722684241358,person_017,Phone Usage Detected,red,0.95,research_rules,Phone detected for 35 consecutive frames (3.5s),"[618.2276611328125, 227.97235107421875, 873.74169921875, 709.3875122070312]",phone_consecutive_frames
92.70763222026947,person_005,Phone Usage Detected,red,0.95,research_rules,Phone detected for 34 consecutive frames (3.4s),"[185.9664306640625, 211.43389892578125, 588.203369140625, 713.3433227539062]",phone_consecutive_frames
92.70763222026947,person_017,Phone Usage Detected,red,0.95,research_rules,Phone detected for 36 consecutive frames (3.6s),"[622.49755859375, 227.9541015625, 875.01904296875, 710.7256469726562]",phone_consecutive_frames
92.80803759812537,person_005,Phone Usage Detected,red,0.95,research_rules,Phone detected for 35 consecutive frames (3.5s),"[186.91770935058594, 211.083984375, 587.37109375, 713.361572265625]",phone_consecutive_frames
92.80803759812537,person_017,Phone Usage Detected,red,0.95,research_rules,Phone detected for 37 consecutive frames (3.7s),"[624.0247802734375, 227.19873046875, 876.8475341796875, 710.8677978515625]",phone_consecutive_frames
92.90844297598125,person_005,Phone Usage Detected,red,0.95,research_rules,Phone detected for 36 consecutive frames (3.6s),"[186.29368591308594, 211.410888671875, 586.4395751953125, 712.763916015625]",phone_consecutive_frames
92.90844297598125,person_017,Phone Usage Detected,red,0.95,research_rules,Phone detected for 38 consecutive frames (3.8s),"[623.9935913085938, 229.33099365234375, 877.5402221679688, 711.7708740234375]",phone_consecutive_frames
93.00884835383714,person_005,Phone Usage Detected,red,0.95,research_rules,Phone detected for 37 consecutive frames (3.7s),"[186.0240478515625, 210.37152099609375, 587.252685546875, 713.1806030273438]",phone_consecutive_frames
93.00884835383714,person_017,Phone Usage Detected,red,0.95,research_rules,Phone detected for 39 consecutive frames (3.9s),"[624.4234619140625, 228.0748291015625, 877.8626708984375, 711.4404296875]",phone_consecutive_frames
93.10925373169303,person_005,Phone Usage Detected,red,0.95,research_rules,Phone detected for 38 consecutive frames (3.8s),"[186.7470703125, 211.75909423828125, 585.9822998046875, 713.099609375]",phone_consecutive_frames
93.10925373169303,person_017,Phone Usage Detected,red,0.95,research_rules,Phone detected for 40 consecutive frames (4.0s),"[624.7900390625, 229.948974609375, 878.92626953125, 712.0616455078125]",phone_consecutive_frames
93.20965910954891,person_017,Phone Usage Detected,red,0.95,research_rules,Phone detected for 40 consecutive frames (4.0s),"[624.655517578125, 231.20208740234375, 878.968017578125, 711.1173095703125]",phone_consecutive_frames
93.20965910954891,person_005,Phone Usage Detected,red,0.95,research_rules,Phone detected for 39 consecutive frames (3.9s),"[185.74017333984375, 210.42877197265625, 586.7415771484375, 712.9120483398438]",phone_consecutive_frames
93.20965910954891,person_021,Frequent Head Turning,orange,0.8,research_rules,Head turned 3 times in window (current angle: 35.0°),"[835.4449462890625, 269.20379638671875, 1067.384033203125, 519.4339599609375]",head_turn_frequency
93.3100644874048,person_017,Phone Usage Detected,red,0.95,research_rules,Phone detected for 40 consecutive frames (4.0s),"[621.1766967773438, 231.3610382080078, 880.7124633789062, 711.1914672851562]",phone_consecutive_frames
93.3100644874048,person_005,Phone Usage Detected,red,0.95,research_rules,Phone detected for 40 consecutive frames (4.0s),"[184.8675079345703, 209.80474853515625, 585.5455932617188, 714.9126586914062]",phone_consecutive_frames
93.41046986526068,person_017,Phone Usage Detected,red,0.95,research_rules,Phone detected for 40 consecutive frames (4.0s),"[616.2052001953125, 228.25868225097656, 879.1029052734375, 712.1859130859375]",phone_consecutive_frames
93.51087524311657,person_017,Phone Usage Detected,red,0.95,research_rules,Phone detected for 40 consecutive frames (4.0s),"[614.617431640625, 223.544677734375, 878.202880859375, 711.37353515625]",phone_consecutive_frames
93.51087524311657,person_025,Frequent Head Turning,orange,0.8,research_rules,Head turned 3 times in window (current angle: 0.0°),"[1002.4837646484375, 270.75732421875, 1075.2899169921875, 384.1483154296875]",head_turn_frequency
93.61128062097247,person_017,Phone Usage Detected,red,0.95,research_rules,Phone detected for 40 consecutive frames (4.0s),"[615.4579467773438, 224.90415954589844, 877.4190063476562, 710.2969970703125]",phone_consecutive_frames
93.71168599882834,person_017,Phone Usage Detected,red,0.95,research_rules,Phone detected for 40 consecutive frames (4.0s),"[615.607177734375, 222.80015563964844, 877.023681640625, 710.2420654296875]",phone_consecutive_frames
93.81209137668424,person_017,Phone Usage Detected,red,0.95,research_rules,Phone detected for 40 consecutive frames (4.0s),"[614.8997802734375, 216.13580322265625, 877.2823486328125, 711.2310791015625]",phone_consecutive_frames
93.91249675454013,person_017,Phone Usage Detected,red,0.95,research_rules,Phone detected for 40 consecutive frames (4.0s),"[615.2015380859375, 215.3436279296875, 877.1263427734375, 711.9697875976562]",phone_consecutive_frames
94.01290213239601,person_003,Frequent Head Turning,orange,0.8,research_rules,Head turned 3 times in window (current angle: 35.0°),"[22.637557983398438, 261.8223876953125, 219.29522705078125, 716.1943359375]",head_turn_frequency
94.01290213239601,person_017,Phone Usage Detected,red,0.95,research_rules,Phone detected for 40 consecutive frames (4.0s),"[617.01513671875, 211.90557861328125, 880.209228515625, 710.7590942382812]",phone_consecutive_frames
94.1133075102519,person_017,Phone Usage Detected,red,0.95,research_rules,Phone detected for 40 consecutive frames (4.0s),"[616.1013793945312, 210.38230895996094, 879.6655883789062, 711.9925537109375]",phone_consecutive_frames
94.21371288810779,person_017,Phone Usage Detected,red,0.95,research_rules,Phone detected for 40 consecutive frames (4.0s),"[613.87451171875, 212.12158203125, 879.58642578125, 712.4755859375]",phone_consecutive_frames
94.21371288810779,person_020,Frequent Head Turning,orange,0.8,research_rules,Head turned 6 times in window (current angle: 30.9°),"[919.02783203125, 241.00885009765625, 1001.317138671875, 430.97833251953125]",head_turn_frequency
94.31411826596367,person_017,Phone Usage Detected,red,0.95,research_rules,Phone detected for 40 consecutive frames (4.0s),"[613.7091064453125, 210.6998291015625, 879.4891357421875, 711.0850830078125]",phone_consecutive_frames
94.41452364381956,person_017,Phone Usage Detected,red,0.95,research_rules,Phone detected for 40 consecutive frames (4.0s),"[610.7076416015625, 210.48138427734375, 880.4163818359375, 710.723388671875]",phone_consecutive_frames
94.51492902167544,person_017,Phone Usage Detected,red,0.95,research_rules,Phone detected for 40 consecutive frames (4.0s),"[604.8336791992188, 210.24635314941406, 880.9363403320312, 711.7386474609375]",phone_consecutive_frames
94.51492902167544,person_022,Frequent Head Turning,orange,0.8,research_rules,Head turned 3 times in window (current angle: 0.0°),"[1028.5302734375, 0.59173583984375, 1279.449462890625, 638.6383666992188]",head_turn_frequency
94.61533439953133,person_017,Phone Usage Detected,red,0.95,research_rules,Phone detected for 40 consecutive frames (4.0s),"[601.271240234375, 210.59735107421875, 896.74951171875, 712.00634765625]",phone_consecutive_frames
94.71573977738723,person_017,Phone Usage Detected,red,0.95,research_rules,Phone detected for 40 consecutive frames (4.0s),"[601.1304931640625, 203.76708984375, 911.4049072265625, 710.9947509765625]",phone_consecutive_frames
