timestamp,person_id,event_type,severity,confidence,source,details,bbox,rule_triggered
1.06631134595626,person_001,Suspicious Hand Activity,orange,0.7,research_rules,Hand gesture detected: left_wrist_near_head for 1.1s,"[74.313232421875, 395.6388854980469, 302.191162109375, 574.3314819335938]",hand_extended_duration
1.06631134595626,person_000,Suspicious Hand Activity,orange,0.7,research_rules,Hand gesture detected: right_wrist_extended_arm_absolute for 1.1s,"[789.5835571289062, 345.1852111816406, 1011.9933471679688, 576.0]",hand_extended_duration
1.06631134595626,person_002,Suspicious Hand Activity,orange,0.7,research_rules,Hand gesture detected: left_wrist_near_head for 1.1s,"[598.8123168945312, 382.1541442871094, 785.7398681640625, 573.6320190429688]",hand_extended_duration
1.06631134595626,person_004,Suspicious Hand Activity,orange,0.7,research_rules,Hand gesture detected: left_wrist_near_head for 1.1s,"[273.07427978515625, 318.13946533203125, 389.2296447753906, 465.3179626464844]",hand_extended_duration
1.06631134595626,person_007,Suspicious Hand Activity,orange,0.7,research_rules,Hand gesture detected: left_wrist_near_head for 1.1s,"[512.7973022460938, 280.4056701660156, 635.2294921875, 486.21142578125]",hand_extended_duration
1.06631134595626,person_006,Suspicious Hand Activity,orange,0.7,research_rules,Hand gesture detected: left_wrist_near_head for 1.1s,"[660.604736328125, 261.547119140625, 778.7339477539062, 429.87091064453125]",hand_extended_duration
1.1662780346396595,person_002,Suspicious Hand Activity,orange,0.7,research_rules,Hand gesture detected: left_wrist_near_head for 1.2s,"[598.3418579101562, 382.3182678222656, 784.2277221679688, 573.65380859375]",hand_extended_duration
1.1662780346396595,person_000,Suspicious Hand Activity,orange,0.7,research_rules,Hand gesture detected: left_wrist_near_head for 1.2s,"[788.5060424804688, 343.9781188964844, 1011.7593994140625, 575.6630249023438]",hand_extended_duration
1.1662780346396595,person_001,Suspicious Hand Activity,orange,0.7,research_rules,Hand gesture detected: left_wrist_near_head for 1.2s,"[74.02202606201172, 394.6900329589844, 300.700439453125, 574.1345825195312]",hand_extended_duration
1.1662780346396595,person_004,Suspicious Hand Activity,orange,0.7,research_rules,Hand gesture detected: left_wrist_near_head for 1.2s,"[270.8139343261719, 318.8641662597656, 388.85107421875, 461.4613342285156]",hand_extended_duration
1.1662780346396595,person_006,Suspicious Hand Activity,orange,0.7,research_rules,Hand gesture detected: left_wrist_near_head for 1.2s,"[660.3409423828125, 271.380615234375, 777.9804077148438, 428.0680847167969]",hand_extended_duration
1.1662780346396595,person_007,Suspicious Hand Activity,orange,0.7,research_rules,Hand gesture detected: left_wrist_near_head for 1.2s,"[511.455078125, 269.5104675292969, 635.6749877929688, 483.1664123535156]",hand_extended_duration
1.266244723323059,person_001,Suspicious Hand Activity,orange,0.7,research_rules,Hand gesture detected: left_wrist_near_head for 1.3s,"[73.1454086303711, 393.3968811035156, 299.7347106933594, 574.42822265625]",hand_extended_duration
1.266244723323059,person_002,Suspicious Hand Activity,orange,0.7,research_rules,Hand gesture detected: left_wrist_near_head for 1.3s,"[596.8307495117188, 381.39581298828125, 783.5248413085938, 573.5211181640625]",hand_extended_duration
1.266244723323059,person_000,Suspicious Hand Activity,orange,0.7,research_rules,Hand gesture detected: right_wrist_extended_arm_absolute for 1.3s,"[787.6574096679688, 343.34979248046875, 1009.49609375, 575.6166381835938]",hand_extended_duration
1.266244723323059,person_006,Suspicious Hand Activity,orange,0.7,research_rules,Hand gesture detected: left_wrist_near_head for 1.3s,"[660.3380737304688, 279.0633850097656, 776.7527465820312, 428.4502868652344]",hand_extended_duration
1.266244723323059,person_004,Suspicious Hand Activity,orange,0.7,research_rules,Hand gesture detected: left_wrist_near_head for 1.3s,"[270.9988708496094, 320.6161804199219, 387.54742431640625, 468.30377197265625]",hand_extended_duration
1.3662114120064583,person_001,Suspicious Hand Activity,orange,0.7,research_rules,Hand gesture detected: left_wrist_near_head for 1.4s,"[72.05000305175781, 390.9496154785156, 299.67877197265625, 575.0032348632812]",hand_extended_duration
1.3662114120064583,person_002,Suspicious Hand Activity,orange,0.7,research_rules,Hand gesture detected: left_wrist_near_head for 1.4s,"[595.7872924804688, 381.314453125, 782.2682495117188, 574.1503295898438]",hand_extended_duration
1.3662114120064583,person_000,Suspicious Hand Activity,orange,0.7,research_rules,Hand gesture detected: left_wrist_near_head for 1.4s,"[786.6071166992188, 341.3691101074219, 1009.1506958007812, 575.2965087890625]",hand_extended_duration
1.3662114120064583,person_006,Suspicious Hand Activity,orange,0.7,research_rules,Hand gesture detected: left_wrist_near_head for 1.4s,"[660.1387939453125, 283.7559509277344, 776.8346557617188, 427.38720703125]",hand_extended_duration
1.3662114120064583,person_004,Suspicious Hand Activity,orange,0.7,research_rules,Hand gesture detected: left_wrist_near_head for 1.4s,"[270.72393798828125, 321.7292175292969, 386.7646484375, 463.0558776855469]",hand_extended_duration
1.4661781006898578,person_001,Suspicious Hand Activity,orange,0.7,research_rules,Hand gesture detected: left_wrist_near_head for 1.5s,"[70.7093276977539, 388.9898986816406, 299.687744140625, 574.8053588867188]",hand_extended_duration
1.4661781006898578,person_002,Suspicious Hand Activity,orange,0.7,research_rules,Hand gesture detected: left_wrist_near_head for 1.5s,"[594.2472534179688, 380.61431884765625, 781.0462036132812, 574.7313842773438]",hand_extended_duration
1.4661781006898578,person_000,Suspicious Hand Activity,orange,0.7,research_rules,Hand gesture detected: right_wrist_extended_arm_absolute for 1.5s,"[785.73828125, 338.9653625488281, 1008.1279296875, 575.2731323242188]",hand_extended_duration
1.4661781006898578,person_004,Suspicious Hand Activity,orange,0.7,research_rules,Hand gesture detected: left_wrist_near_head for 1.5s,"[269.44390869140625, 322.72662353515625, 385.6029968261719, 458.707763671875]",hand_extended_duration
1.5661447893732572,person_002,Suspicious Hand Activity,orange,0.7,research_rules,Hand gesture detected: left_wrist_near_head for 1.6s,"[593.2050170898438, 380.90216064453125, 780.8348999023438, 574.4225463867188]",hand_extended_duration
1.5661447893732572,person_000,Suspicious Hand Activity,orange,0.7,research_rules,Hand gesture detected: right_wrist_extended_arm_absolute for 1.6s,"[784.8972778320312, 336.7399597167969, 1007.7955322265625, 575.5963745117188]",hand_extended_duration
1.5661447893732572,person_001,Suspicious Hand Activity,orange,0.7,research_rules,Hand gesture detected: left_wrist_near_head for 1.6s,"[70.5899429321289, 387.0870056152344, 299.1657409667969, 574.5217895507812]",hand_extended_duration
1.5661447893732572,person_004,Suspicious Hand Activity,orange,0.7,research_rules,Hand gesture detected: left_wrist_near_head for 1.6s,"[269.97052001953125, 322.9942321777344, 383.33868408203125, 464.04248046875]",hand_extended_duration
1.6661114780566564,person_002,Suspicious Hand Activity,orange,0.7,research_rules,Hand gesture detected: left_wrist_near_head for 1.7s,"[592.228515625, 381.3377685546875, 781.232421875, 574.5778198242188]",hand_extended_duration
1.6661114780566564,person_001,Suspicious Hand Activity,orange,0.7,research_rules,Hand gesture detected: left_wrist_near_head for 1.7s,"[71.01103973388672, 384.6211853027344, 299.352294921875, 574.193359375]",hand_extended_duration
1.6661114780566564,person_000,Suspicious Hand Activity,orange,0.7,research_rules,Hand gesture detected: right_wrist_extended_arm_absolute for 1.7s,"[784.0048828125, 335.1664123535156, 1005.3471069335938, 575.26611328125]",hand_extended_duration
1.6661114780566564,person_004,Suspicious Hand Activity,orange,0.7,research_rules,Hand gesture detected: left_wrist_near_head for 1.7s,"[272.74224853515625, 323.0410461425781, 384.30078125, 458.88458251953125]",hand_extended_duration
1.7660781667400558,person_002,Suspicious Hand Activity,orange,0.7,research_rules,Hand gesture detected: left_wrist_near_head for 1.8s,"[591.7745971679688, 381.3235168457031, 781.1089477539062, 575.1467895507812]",hand_extended_duration
1.7660781667400558,person_000,Suspicious Hand Activity,orange,0.7,research_rules,Hand gesture detected: right_wrist_extended_arm_absolute for 1.8s,"[783.7564697265625, 334.14044189453125, 1004.5064697265625, 575.03955078125]",hand_extended_duration
1.7660781667400558,person_001,Suspicious Hand Activity,orange,0.7,research_rules,Hand gesture detected: left_wrist_near_head for 1.8s,"[71.6763916015625, 382.5727233886719, 298.6875305175781, 574.25830078125]",hand_extended_duration
1.7660781667400558,person_004,Suspicious Hand Activity,orange,0.7,research_rules,Hand gesture detected: left_wrist_near_head for 1.8s,"[275.7623596191406, 324.9841003417969, 386.384033203125, 460.56622314453125]",hand_extended_duration
1.8660448554234552,person_000,Suspicious Hand Activity,orange,0.7,research_rules,Hand gesture detected: right_wrist_extended_arm_absolute for 1.9s,"[783.4085083007812, 332.2710876464844, 1003.0264892578125, 574.8697509765625]",hand_extended_duration
1.8660448554234552,person_001,Suspicious Hand Activity,orange,0.7,research_rules,Hand gesture detected: left_wrist_near_head for 1.9s,"[73.7738037109375, 380.701171875, 299.7788391113281, 574.9135131835938]",hand_extended_duration
1.9660115441068546,person_000,Suspicious Hand Activity,orange,0.7,research_rules,Hand gesture detected: right_wrist_extended_arm_absolute for 2.0s,"[783.974609375, 331.37298583984375, 1002.4249877929688, 574.8009033203125]",hand_extended_duration
1.9660115441068546,person_001,Suspicious Hand Activity,orange,0.7,research_rules,Hand gesture detected: left_wrist_near_head for 2.0s,"[82.13835906982422, 377.63726806640625, 298.53955078125, 574.656494140625]",hand_extended_duration
2.065978232790254,person_000,Frequent Head Turning,orange,0.8,research_rules,Head turned 3 times in window (current angle: 35.0°),"[782.9832153320312, 330.2897644042969, 1000.8591918945312, 574.2849731445312]",head_turn_frequency
2.065978232790254,person_000,Suspicious Hand Activity,orange,0.7,research_rules,Hand gesture detected: right_wrist_extended_arm_absolute for 2.1s,"[782.9832153320312, 330.2897644042969, 1000.8591918945312, 574.2849731445312]",hand_extended_duration
2.065978232790254,person_001,Suspicious Hand Activity,orange,0.7,research_rules,Hand gesture detected: left_wrist_near_head for 2.1s,"[96.09843444824219, 375.6957092285156, 298.7350769042969, 574.4498901367188]",hand_extended_duration
2.1659449214736535,person_000,Suspicious Hand Activity,orange,0.7,research_rules,Hand gesture detected: left_wrist_near_head for 2.2s,"[781.8285522460938, 329.8418884277344, 999.6695556640625, 573.5675048828125]",hand_extended_duration
2.1659449214736535,person_001,Suspicious Hand Activity,orange,0.7,research_rules,Hand gesture detected: left_wrist_near_head for 2.2s,"[107.44414520263672, 373.9561462402344, 298.56695556640625, 573.1116333007812]",hand_extended_duration
2.265911610157053,person_000,Suspicious Hand Activity,orange,0.7,research_rules,Hand gesture detected: right_wrist_extended_arm_absolute for 2.3s,"[779.6630859375, 329.0004577636719, 997.7808837890625, 574.1790771484375]",hand_extended_duration
2.265911610157053,person_001,Suspicious Hand Activity,orange,0.7,research_rules,Hand gesture detected: left_wrist_near_head for 2.3s,"[114.24072265625, 373.4038391113281, 299.3580017089844, 572.7239379882812]",hand_extended_duration
2.3658782988404523,person_001,Suspicious Hand Activity,orange,0.7,research_rules,Hand gesture detected: left_wrist_near_head for 2.4s,"[112.36274719238281, 372.6013488769531, 301.9622497558594, 572.6400756835938]",hand_extended_duration
2.3658782988404523,person_000,Suspicious Hand Activity,orange,0.7,research_rules,Hand gesture detected: right_wrist_extended_arm_absolute for 2.4s,"[779.1719360351562, 328.8103332519531, 996.7726440429688, 573.4236450195312]",hand_extended_duration
2.4658449875238517,person_000,Suspicious Hand Activity,orange,0.7,research_rules,Hand gesture detected: right_wrist_extended_arm_absolute for 2.5s,"[778.9327392578125, 328.5420837402344, 995.3463745117188, 573.0081176757812]",hand_extended_duration
2.4658449875238517,person_001,Suspicious Hand Activity,orange,0.7,research_rules,Hand gesture detected: left_wrist_near_head for 2.5s,"[110.85527801513672, 373.57568359375, 300.64434814453125, 572.6944580078125]",hand_extended_duration
2.565811676207251,person_000,Suspicious Hand Activity,orange,0.7,research_rules,Hand gesture detected: right_wrist_extended_arm_absolute for 2.6s,"[778.8927612304688, 328.4821472167969, 994.1388549804688, 572.4635620117188]",hand_extended_duration
2.565811676207251,person_005,Suspicious Hand Activity,orange,0.7,research_rules,Hand gesture detected: left_wrist_near_head for 1.1s,"[366.183349609375, 288.88214111328125, 507.1402893066406, 420.8187561035156]",hand_extended_duration
2.565811676207251,person_001,Suspicious Hand Activity,orange,0.7,research_rules,Hand gesture detected: left_wrist_near_head for 2.6s,"[116.18865966796875, 374.9914245605469, 301.13671875, 573.6168212890625]",hand_extended_duration
2.6657783648906506,person_001,Suspicious Hand Activity,orange,0.7,research_rules,Hand gesture detected: left_wrist_near_head for 2.7s,"[118.3977279663086, 376.6711120605469, 299.8335876464844, 573.2131958007812]",hand_extended_duration
2.6657783648906506,person_000,Suspicious Hand Activity,orange,0.7,research_rules,Hand gesture detected: right_wrist_extended_arm_absolute for 2.7s,"[777.5222778320312, 328.4570007324219, 992.0480346679688, 571.5365600585938]",hand_extended_duration
2.6657783648906506,person_005,Suspicious Hand Activity,orange,0.7,research_rules,Hand gesture detected: left_wrist_near_head for 1.2s,"[364.20489501953125, 291.236328125, 504.06524658203125, 416.7359313964844]",hand_extended_duration
2.7657450535740495,person_000,Suspicious Hand Activity,orange,0.7,research_rules,Hand gesture detected: right_wrist_extended_arm_absolute for 2.8s,"[776.2008666992188, 328.626953125, 991.0792236328125, 570.8615112304688]",hand_extended_duration
2.7657450535740495,person_005,Suspicious Hand Activity,orange,0.7,research_rules,Hand gesture detected: left_wrist_near_head for 1.3s,"[362.81744384765625, 291.345703125, 502.8788757324219, 416.0810546875]",hand_extended_duration
2.7657450535740495,person_001,Suspicious Hand Activity,orange,0.7,research_rules,Hand gesture detected: left_wrist_near_head for 2.8s,"[117.70153045654297, 378.9732971191406, 299.4910583496094, 573.6893310546875]",hand_extended_duration
2.865711742257449,person_000,Suspicious Hand Activity,orange,0.7,research_rules,Hand gesture detected: right_wrist_extended_arm_absolute for 2.9s,"[776.0846557617188, 328.78668212890625, 990.6132202148438, 571.7472534179688]",hand_extended_duration
2.865711742257449,person_005,Suspicious Hand Activity,orange,0.7,research_rules,Hand gesture detected: left_wrist_near_head for 1.4s,"[365.5725402832031, 289.8460998535156, 502.7438659667969, 417.7057189941406]",hand_extended_duration
2.865711742257449,person_001,Suspicious Hand Activity,orange,0.7,research_rules,Hand gesture detected: left_wrist_near_head for 2.9s,"[117.02559661865234, 381.4091491699219, 298.2879943847656, 573.4144897460938]",hand_extended_duration
2.9656784309408484,person_000,Suspicious Hand Activity,orange,0.7,research_rules,Hand gesture detected: right_wrist_extended_arm_absolute for 3.0s,"[775.6952514648438, 328.94256591796875, 990.3251342773438, 572.2875366210938]",hand_extended_duration
2.9656784309408484,person_001,Suspicious Hand Activity,orange,0.7,research_rules,Hand gesture detected: left_wrist_near_head for 3.0s,"[116.79644012451172, 381.27325439453125, 296.71539306640625, 572.2999267578125]",hand_extended_duration
2.9656784309408484,person_007,Suspicious Hand Activity,orange,0.7,research_rules,Hand gesture detected: left_wrist_near_head for 1.0s,"[502.5558776855469, 270.427978515625, 628.1324462890625, 460.6266784667969]",hand_extended_duration
2.9656784309408484,person_005,Suspicious Hand Activity,orange,0.7,research_rules,Hand gesture detected: left_wrist_near_head for 1.5s,"[364.2247619628906, 291.46392822265625, 503.4047546386719, 419.260986328125]",hand_extended_duration
3.065645119624248,person_000,Suspicious Hand Activity,orange,0.7,research_rules,Hand gesture detected: right_wrist_extended_arm_absolute for 3.1s,"[774.9833374023438, 329.0557556152344, 990.1387939453125, 572.2755126953125]",hand_extended_duration
3.065645119624248,person_001,Suspicious Hand Activity,orange,0.7,research_rules,Hand gesture detected: left_wrist_near_head for 3.1s,"[116.74635314941406, 382.6326599121094, 296.8362731933594, 572.738037109375]",hand_extended_duration
3.065645119624248,person_007,Suspicious Hand Activity,orange,0.7,research_rules,Hand gesture detected: left_wrist_near_head for 1.1s,"[501.7062683105469, 271.0763854980469, 626.9656372070312, 460.6684265136719]",hand_extended_duration
3.065645119624248,person_005,Suspicious Hand Activity,orange,0.7,research_rules,Hand gesture detected: left_wrist_near_head for 1.6s,"[360.082275390625, 291.1136779785156, 503.1119689941406, 420.1110534667969]",hand_extended_duration
3.165611808307647,person_007,Suspicious Hand Activity,orange,0.7,research_rules,Hand gesture detected: left_wrist_near_head for 1.2s,"[500.2370300292969, 271.45904541015625, 624.9573364257812, 461.8163757324219]",hand_extended_duration
3.165611808307647,person_005,Suspicious Hand Activity,orange,0.7,research_rules,Hand gesture detected: left_wrist_near_head for 1.7s,"[367.4135437011719, 291.6397399902344, 505.7664489746094, 413.77423095703125]",hand_extended_duration
3.2655784969910466,person_005,Suspicious Hand Activity,orange,0.7,research_rules,Hand gesture detected: left_wrist_near_head for 1.8s,"[369.2864074707031, 291.9955139160156, 504.2098693847656, 412.99859619140625]",hand_extended_duration
3.365545185674446,person_005,Suspicious Hand Activity,orange,0.7,research_rules,Hand gesture detected: left_wrist_near_head for 1.9s,"[366.6083679199219, 291.4270935058594, 506.3896179199219, 413.58056640625]",hand_extended_duration
3.365545185674446,person_003,Suspicious Hand Activity,orange,0.7,research_rules,Hand gesture detected: left_wrist_near_head for 1.1s,"[400.2138366699219, 409.426025390625, 584.3283081054688, 574.9105224609375]",hand_extended_duration
3.4655118743578455,person_003,Suspicious Hand Activity,orange,0.7,research_rules,Hand gesture detected: left_wrist_near_head for 1.2s,"[400.21575927734375, 409.5921936035156, 584.2239379882812, 574.9418334960938]",hand_extended_duration
3.4655118743578455,person_002,Suspicious Hand Activity,orange,0.7,research_rules,Hand gesture detected: right_wrist_extended_arm_absolute for 1.0s,"[585.6967163085938, 357.9683532714844, 771.1063232421875, 575.1427612304688]",hand_extended_duration
3.4655118743578455,person_005,Suspicious Hand Activity,orange,0.7,research_rules,Hand gesture detected: left_wrist_near_head for 2.0s,"[365.81768798828125, 290.1475524902344, 504.34228515625, 414.0531311035156]",hand_extended_duration
3.565478563041245,person_003,Suspicious Hand Activity,orange,0.7,research_rules,Hand gesture detected: left_wrist_near_head for 1.3s,"[400.113525390625, 409.6333923339844, 584.1063232421875, 574.9078369140625]",hand_extended_duration
3.565478563041245,person_005,Suspicious Hand Activity,orange,0.7,research_rules,Hand gesture detected: left_wrist_near_head for 2.1s,"[364.0576171875, 289.313720703125, 504.5518493652344, 414.719482421875]",hand_extended_duration
3.565478563041245,person_002,Suspicious Hand Activity,orange,0.7,research_rules,Hand gesture detected: right_wrist_extended_arm_absolute for 1.1s,"[585.1889038085938, 355.9215087890625, 771.08544921875, 574.5134887695312]",hand_extended_duration
3.6654452517246443,person_002,Suspicious Hand Activity,orange,0.7,research_rules,Hand gesture detected: right_wrist_extended_arm_absolute for 1.2s,"[584.6025390625, 354.68475341796875, 771.4288330078125, 575.0765991210938]",hand_extended_duration
3.6654452517246443,person_003,Suspicious Hand Activity,orange,0.7,research_rules,Hand gesture detected: left_wrist_near_head for 1.4s,"[399.2635192871094, 409.9273986816406, 583.8765869140625, 574.6307983398438]",hand_extended_duration
3.6654452517246443,person_005,Suspicious Hand Activity,orange,0.7,research_rules,Hand gesture detected: left_wrist_near_head for 2.2s,"[365.7456970214844, 296.9084167480469, 506.3639831542969, 414.2465515136719]",hand_extended_duration
3.7654119404080437,person_002,Suspicious Hand Activity,orange,0.7,research_rules,Hand gesture detected: right_wrist_extended_arm_absolute for 1.3s,"[584.1945190429688, 354.6995544433594, 771.4996337890625, 575.1737060546875]",hand_extended_duration
3.7654119404080437,person_003,Suspicious Hand Activity,orange,0.7,research_rules,Hand gesture detected: left_wrist_near_head for 1.5s,"[398.5966796875, 410.22686767578125, 583.5283203125, 574.6907348632812]",hand_extended_duration
3.865378629091443,person_003,Suspicious Hand Activity,orange,0.7,research_rules,Hand gesture detected: left_wrist_near_head for 1.6s,"[398.5448303222656, 410.4092712402344, 583.4417114257812, 574.7317504882812]",hand_extended_duration
3.865378629091443,person_002,Suspicious Hand Activity,orange,0.7,research_rules,Hand gesture detected: right_wrist_extended_arm_absolute for 1.4s,"[584.1276245117188, 354.4080505371094, 771.47314453125, 574.9633178710938]",hand_extended_duration
3.9653453177748426,person_002,Suspicious Hand Activity,orange,0.7,research_rules,Hand gesture detected: right_wrist_extended_arm_absolute for 1.5s,"[583.7551879882812, 354.386962890625, 770.8881225585938, 574.8698120117188]",hand_extended_duration
3.9653453177748426,person_003,Suspicious Hand Activity,orange,0.7,research_rules,Hand gesture detected: left_wrist_near_head for 1.7s,"[398.2064514160156, 411.1491394042969, 582.9846801757812, 574.7667236328125]",hand_extended_duration
4.0653120064582415,person_002,Suspicious Hand Activity,orange,0.7,research_rules,Hand gesture detected: left_wrist_near_head for 1.6s,"[582.54345703125, 353.48626708984375, 771.7302856445312, 574.7796020507812]",hand_extended_duration
4.165278695141641,person_002,Suspicious Hand Activity,orange,0.7,research_rules,Hand gesture detected: left_wrist_near_head for 1.7s,"[582.8346557617188, 354.4059753417969, 770.31396484375, 574.9657592773438]",hand_extended_duration
4.26524538382504,person_002,Suspicious Hand Activity,orange,0.7,research_rules,Hand gesture detected: left_wrist_near_head for 1.8s,"[582.27197265625, 353.6925048828125, 769.3241577148438, 574.9532470703125]",hand_extended_duration
4.36521207250844,person_002,Suspicious Hand Activity,orange,0.7,research_rules,Hand gesture detected: right_wrist_extended_arm_absolute for 1.9s,"[581.5611572265625, 352.1691589355469, 767.7578125, 574.7601928710938]",hand_extended_duration
4.465178761191839,person_002,Suspicious Hand Activity,orange,0.7,research_rules,Hand gesture detected: right_wrist_extended_arm_absolute for 2.0s,"[580.8889770507812, 352.6706848144531, 766.64306640625, 574.15625]",hand_extended_duration
4.565145449875239,person_002,Suspicious Hand Activity,orange,0.7,research_rules,Hand gesture detected: right_wrist_extended_arm_absolute for 2.1s,"[579.9203491210938, 351.3442687988281, 765.7880859375, 574.7131958007812]",hand_extended_duration
4.665112138558638,person_002,Suspicious Hand Activity,orange,0.7,research_rules,Hand gesture detected: left_wrist_near_head for 2.2s,"[578.3695678710938, 352.5326843261719, 764.2080078125, 573.9949951171875]",hand_extended_duration
4.7650788272420375,person_002,Suspicious Hand Activity,orange,0.7,research_rules,Hand gesture detected: left_wrist_near_head for 2.3s,"[577.03515625, 354.52301025390625, 763.47265625, 573.3565063476562]",hand_extended_duration
4.865045515925437,person_002,Suspicious Hand Activity,orange,0.7,research_rules,Hand gesture detected: left_wrist_near_head for 2.4s,"[576.3336181640625, 358.1055603027344, 763.1837768554688, 571.4910278320312]",hand_extended_duration
4.965012204608836,person_006,Suspicious Hand Activity,orange,0.7,research_rules,Hand gesture detected: left_wrist_near_head for 1.0s,"[639.9796142578125, 291.0494689941406, 753.5411376953125, 414.5360412597656]",hand_extended_duration
4.965012204608836,person_002,Suspicious Hand Activity,orange,0.7,research_rules,Hand gesture detected: left_wrist_near_head for 2.5s,"[574.2730712890625, 353.0502014160156, 760.8388671875, 572.4556884765625]",hand_extended_duration
5.064978893292236,person_008,Suspicious Hand Activity,orange,0.7,research_rules,Hand gesture detected: left_wrist_near_head for 1.1s,"[701.25537109375, 193.911865234375, 797.4932861328125, 357.4833679199219]",hand_extended_duration
5.064978893292236,person_002,Suspicious Hand Activity,orange,0.7,research_rules,Hand gesture detected: left_wrist_near_head for 2.6s,"[571.9255981445312, 349.3535461425781, 757.2392578125, 523.6240234375]",hand_extended_duration
5.164945581975635,person_008,Suspicious Hand Activity,orange,0.7,research_rules,Hand gesture detected: left_wrist_near_head for 1.2s,"[700.1467895507812, 193.55210876464844, 796.2169189453125, 348.5649108886719]",hand_extended_duration
5.164945581975635,person_002,Suspicious Hand Activity,orange,0.7,research_rules,Hand gesture detected: left_wrist_near_head for 2.7s,"[571.4086303710938, 350.3685607910156, 756.6351928710938, 572.5846557617188]",hand_extended_duration
5.2649122706590346,person_002,Suspicious Hand Activity,orange,0.7,research_rules,Hand gesture detected: left_wrist_near_head for 2.8s,"[569.9802856445312, 349.73126220703125, 753.5385131835938, 570.16845703125]",hand_extended_duration
5.2649122706590346,person_008,Suspicious Hand Activity,orange,0.7,research_rules,Hand gesture detected: left_wrist_near_head for 1.3s,"[698.7826538085938, 192.6769561767578, 795.5210571289062, 342.03570556640625]",hand_extended_duration
5.364878959342434,person_002,Suspicious Hand Activity,orange,0.7,research_rules,Hand gesture detected: left_wrist_near_head for 2.9s,"[568.9332885742188, 350.06744384765625, 752.24951171875, 571.5130615234375]",hand_extended_duration
5.464845648025833,person_002,Suspicious Hand Activity,orange,0.7,research_rules,Hand gesture detected: left_wrist_near_head for 3.0s,"[566.0748901367188, 345.9534912109375, 751.6926879882812, 571.8560791015625]",hand_extended_duration
5.464845648025833,person_000,Frequent Head Turning,orange,0.8,research_rules,Head turned 4 times in window (current angle: 0.0°),"[752.8973999023438, 321.3583068847656, 960.8513793945312, 570.05078125]",head_turn_frequency
5.464845648025833,person_008,Suspicious Hand Activity,orange,0.7,research_rules,Hand gesture detected: left_wrist_near_head for 1.4s,"[695.4558715820312, 191.19570922851562, 791.6574096679688, 327.5625915527344]",hand_extended_duration
5.664779025392632,person_008,Suspicious Hand Activity,orange,0.7,research_rules,Hand gesture detected: left_wrist_near_head for 1.5s,"[693.0486450195312, 189.9088134765625, 790.2068481445312, 352.8878173828125]",hand_extended_duration
5.864712402759431,person_005,Suspicious Hand Activity,orange,0.7,research_rules,Hand gesture detected: left_wrist_near_head for 1.0s,"[339.9567565917969, 286.3795471191406, 479.46630859375, 396.6612854003906]",hand_extended_duration
5.9646790914428305,person_005,Suspicious Hand Activity,orange,0.7,research_rules,Hand gesture detected: left_wrist_near_head for 1.1s,"[340.8773498535156, 285.7855529785156, 477.1893615722656, 394.4215393066406]",hand_extended_duration
6.06464578012623,person_005,Suspicious Hand Activity,orange,0.7,research_rules,Hand gesture detected: left_wrist_near_head for 1.2s,"[342.19775390625, 284.3011779785156, 476.7516784667969, 394.1364440917969]",hand_extended_duration
6.164612468809629,person_005,Suspicious Hand Activity,orange,0.7,research_rules,Hand gesture detected: left_wrist_near_head for 1.3s,"[339.5204162597656, 281.8036193847656, 477.1661071777344, 393.6554870605469]",hand_extended_duration
6.264579157493029,person_001,Suspicious Hand Activity,orange,0.7,research_rules,Hand gesture detected: left_wrist_near_head for 1.0s,"[74.42986297607422, 369.09637451171875, 264.0003967285156, 573.6112670898438]",hand_extended_duration
6.264579157493029,person_005,Suspicious Hand Activity,orange,0.7,research_rules,Hand gesture detected: left_wrist_near_head for 1.4s,"[332.8648986816406, 281.2181701660156, 477.6620178222656, 392.6044006347656]",hand_extended_duration
6.364545846176428,person_001,Suspicious Hand Activity,orange,0.7,research_rules,Hand gesture detected: left_wrist_near_head for 1.1s,"[73.81211853027344, 367.5809326171875, 261.2506408691406, 573.7288208007812]",hand_extended_duration
6.364545846176428,person_005,Suspicious Hand Activity,orange,0.7,research_rules,Hand gesture detected: left_wrist_near_head for 1.5s,"[340.4842224121094, 281.1600646972656, 477.7960510253906, 391.5524597167969]",hand_extended_duration
6.464512534859828,person_001,Suspicious Hand Activity,orange,0.7,research_rules,Hand gesture detected: left_wrist_near_head for 1.2s,"[73.4801025390625, 367.13116455078125, 261.5507507324219, 574.1148681640625]",hand_extended_duration
6.464512534859828,person_005,Suspicious Hand Activity,orange,0.7,research_rules,Hand gesture detected: left_wrist_near_head for 1.6s,"[339.9444885253906, 280.3568420410156, 477.54132080078125, 390.71661376953125]",hand_extended_duration
6.464512534859828,person_000,Suspicious Hand Activity,orange,0.7,research_rules,Hand gesture detected: right_wrist_extended_arm_absolute for 1.0s,"[742.8002319335938, 315.0165100097656, 948.9242553710938, 560.4365234375]",hand_extended_duration
6.464512534859828,person_007,Suspicious Hand Activity,orange,0.7,research_rules,Hand gesture detected: left_wrist_near_head for 1.0s,"[476.7022399902344, 245.2332000732422, 600.1513061523438, 442.13623046875]",hand_extended_duration
6.564479223543226,person_007,Suspicious Hand Activity,orange,0.7,research_rules,Hand gesture detected: left_wrist_near_head for 1.1s,"[476.7964782714844, 244.2633819580078, 599.7224731445312, 442.7646179199219]",hand_extended_duration
6.564479223543226,person_005,Suspicious Hand Activity,orange,0.7,research_rules,Hand gesture detected: left_wrist_near_head for 1.7s,"[341.14776611328125, 279.66607666015625, 475.86309814453125, 390.1393127441406]",hand_extended_duration
6.564479223543226,person_000,Suspicious Hand Activity,orange,0.7,research_rules,Hand gesture detected: right_wrist_extended_arm_absolute for 1.1s,"[740.9542236328125, 314.5468444824219, 947.8977661132812, 557.7256469726562]",hand_extended_duration
6.6644459122266255,person_000,Suspicious Hand Activity,orange,0.7,research_rules,Hand gesture detected: right_wrist_extended_arm_absolute for 1.2s,"[740.7418823242188, 313.885498046875, 946.7211303710938, 556.3516235351562]",hand_extended_duration
6.6644459122266255,person_005,Suspicious Hand Activity,orange,0.7,research_rules,Hand gesture detected: left_wrist_near_head for 1.8s,"[335.7225036621094, 278.6588439941406, 475.6855163574219, 389.44781494140625]",hand_extended_duration
6.6644459122266255,person_004,Suspicious Hand Activity,orange,0.7,research_rules,Hand gesture detected: left_wrist_near_head for 1.0s,"[236.9775390625, 265.47271728515625, 356.27197265625, 412.7568359375]",hand_extended_duration
6.6644459122266255,person_007,Suspicious Hand Activity,orange,0.7,research_rules,Hand gesture detected: left_wrist_near_head for 1.2s,"[476.2779235839844, 243.51806640625, 598.2260131835938, 434.8038635253906]",hand_extended_duration
6.764412600910025,person_000,Suspicious Hand Activity,orange,0.7,research_rules,Hand gesture detected: right_wrist_extended_arm_absolute for 1.3s,"[740.3168334960938, 313.00970458984375, 946.1343994140625, 550.9141845703125]",hand_extended_duration
6.764412600910025,person_004,Suspicious Hand Activity,orange,0.7,research_rules,Hand gesture detected: left_wrist_near_head for 1.1s,"[230.54942321777344, 264.2673034667969, 356.0544128417969, 416.70751953125]",hand_extended_duration
6.764412600910025,person_005,Suspicious Hand Activity,orange,0.7,research_rules,Hand gesture detected: left_wrist_near_head for 1.9s,"[327.4107360839844, 278.3647155761719, 475.6212463378906, 389.6777038574219]",hand_extended_duration
6.764412600910025,person_007,Suspicious Hand Activity,orange,0.7,research_rules,Hand gesture detected: left_wrist_near_head for 1.3s,"[476.6578063964844, 243.12413024902344, 596.0650634765625, 373.6438903808594]",hand_extended_duration
6.864379289593424,person_000,Suspicious Hand Activity,orange,0.7,research_rules,Hand gesture detected: right_wrist_extended_arm_absolute for 1.4s,"[741.3668212890625, 312.299560546875, 945.6791381835938, 553.2968139648438]",hand_extended_duration
6.864379289593424,person_007,Suspicious Hand Activity,orange,0.7,research_rules,Hand gesture detected: left_wrist_near_head for 1.4s,"[477.1755065917969, 242.09707641601562, 597.1693725585938, 375.4523620605469]",hand_extended_duration
6.864379289593424,person_005,Suspicious Hand Activity,orange,0.7,research_rules,Hand gesture detected: left_wrist_near_head for 2.0s,"[326.17950439453125, 276.8288269042969, 475.3616638183594, 389.8162536621094]",hand_extended_duration
6.864379289593424,person_004,Suspicious Hand Activity,orange,0.7,research_rules,Hand gesture detected: left_wrist_near_head for 1.2s,"[229.49365234375, 263.1322937011719, 359.60919189453125, 419.6165466308594]",hand_extended_duration
6.964345978276824,person_004,Suspicious Hand Activity,orange,0.7,research_rules,Hand gesture detected: left_wrist_near_head for 1.3s,"[229.7128448486328, 262.9200134277344, 360.50421142578125, 420.2618103027344]",hand_extended_duration
6.964345978276824,person_005,Suspicious Hand Activity,orange,0.7,research_rules,Hand gesture detected: left_wrist_near_head for 2.1s,"[331.1684265136719, 277.3050842285156, 476.287353515625, 388.1974792480469]",hand_extended_duration
6.964345978276824,person_000,Suspicious Hand Activity,orange,0.7,research_rules,Hand gesture detected: right_wrist_extended_arm_absolute for 1.5s,"[741.1487426757812, 311.9447021484375, 944.8427124023438, 546.2091674804688]",hand_extended_duration
6.964345978276824,person_007,Suspicious Hand Activity,orange,0.7,research_rules,Hand gesture detected: left_wrist_near_head for 1.5s,"[475.8175964355469, 242.23291015625, 598.1488647460938, 433.8285217285156]",hand_extended_duration
7.064312666960223,person_004,Suspicious Hand Activity,orange,0.7,research_rules,Hand gesture detected: left_wrist_near_head for 1.4s,"[229.23696899414062, 262.69024658203125, 361.4731140136719, 420.9383850097656]",hand_extended_duration
7.064312666960223,person_007,Suspicious Hand Activity,orange,0.7,research_rules,Hand gesture detected: left_wrist_near_head for 1.6s,"[475.0187683105469, 241.55162048339844, 597.44140625, 433.5209045410156]",hand_extended_duration
7.064312666960223,person_005,Suspicious Hand Activity,orange,0.7,research_rules,Hand gesture detected: left_wrist_near_head for 2.2s,"[333.08837890625, 278.0225524902344, 476.9820251464844, 388.8960876464844]",hand_extended_duration
7.064312666960223,person_000,Suspicious Hand Activity,orange,0.7,research_rules,Hand gesture detected: right_wrist_extended_arm_absolute for 1.6s,"[739.9552612304688, 311.2034912109375, 945.1642456054688, 558.0014038085938]",hand_extended_duration
7.164279355643623,person_004,Suspicious Hand Activity,orange,0.7,research_rules,Hand gesture detected: left_wrist_near_head for 1.5s,"[234.487060546875, 262.207763671875, 357.0906677246094, 418.5201721191406]",hand_extended_duration
7.164279355643623,person_005,Suspicious Hand Activity,orange,0.7,research_rules,Hand gesture detected: left_wrist_near_head for 2.3s,"[333.33544921875, 277.7974853515625, 473.247314453125, 388.0242614746094]",hand_extended_duration
7.164279355643623,person_000,Suspicious Hand Activity,orange,0.7,research_rules,Hand gesture detected: right_wrist_extended_arm_absolute for 1.7s,"[740.2647094726562, 308.6532897949219, 946.7451171875, 567.107421875]",hand_extended_duration
7.164279355643623,person_007,Suspicious Hand Activity,orange,0.7,research_rules,Hand gesture detected: left_wrist_near_head for 1.7s,"[475.60870361328125, 240.60855102539062, 595.85693359375, 372.4983825683594]",hand_extended_duration
7.264246044327022,person_005,Suspicious Hand Activity,orange,0.7,research_rules,Hand gesture detected: left_wrist_near_head for 2.4s,"[330.782470703125, 275.0220642089844, 475.0029296875, 387.12664794921875]",hand_extended_duration
7.264246044327022,person_000,Suspicious Hand Activity,orange,0.7,research_rules,Hand gesture detected: right_wrist_extended_arm_absolute for 1.8s,"[740.3643798828125, 306.5703125, 946.6989135742188, 563.0980834960938]",hand_extended_duration
7.264246044327022,person_004,Suspicious Hand Activity,orange,0.7,research_rules,Hand gesture detected: left_wrist_near_head for 1.6s,"[230.75845336914062, 262.14581298828125, 355.5424499511719, 422.7408752441406]",hand_extended_duration
7.264246044327022,person_007,Suspicious Hand Activity,orange,0.7,research_rules,Hand gesture detected: left_wrist_near_head for 1.8s,"[475.7417907714844, 239.4336395263672, 597.6389770507812, 434.97100830078125]",hand_extended_duration
7.3642127330104215,person_000,Suspicious Hand Activity,orange,0.7,research_rules,Hand gesture detected: right_wrist_extended_arm_absolute for 1.9s,"[740.6429443359375, 305.56378173828125, 947.0699462890625, 562.8709106445312]",hand_extended_duration
7.3642127330104215,person_005,Suspicious Hand Activity,orange,0.7,research_rules,Hand gesture detected: left_wrist_near_head for 2.5s,"[331.5458068847656, 274.4423522949219, 475.0728454589844, 386.5127868652344]",hand_extended_duration
7.3642127330104215,person_004,Suspicious Hand Activity,orange,0.7,research_rules,Hand gesture detected: left_wrist_near_head for 1.7s,"[233.2778778076172, 261.2350158691406, 355.7491760253906, 420.344482421875]",hand_extended_duration
7.3642127330104215,person_007,Suspicious Hand Activity,orange,0.7,research_rules,Hand gesture detected: left_wrist_near_head for 1.9s,"[476.46075439453125, 237.3993682861328, 595.7490234375, 372.1192932128906]",hand_extended_duration
7.464179421693821,person_005,Suspicious Hand Activity,orange,0.7,research_rules,Hand gesture detected: left_wrist_near_head for 2.6s,"[332.9476623535156, 274.6402282714844, 474.5365905761719, 385.9899597167969]",hand_extended_duration
7.464179421693821,person_004,Suspicious Hand Activity,orange,0.7,research_rules,Hand gesture detected: left_wrist_near_head for 1.8s,"[229.97251892089844, 260.9645690917969, 358.89288330078125, 419.42578125]",hand_extended_duration
7.464179421693821,person_007,Suspicious Hand Activity,orange,0.7,research_rules,Hand gesture detected: left_wrist_near_head for 2.0s,"[478.63427734375, 236.1728057861328, 590.6643676757812, 371.02593994140625]",hand_extended_duration
7.464179421693821,person_000,Suspicious Hand Activity,orange,0.7,research_rules,Hand gesture detected: right_wrist_extended_arm_absolute for 2.0s,"[740.8741455078125, 305.1368408203125, 947.3731689453125, 568.85498046875]",hand_extended_duration
7.56414611037722,person_005,Suspicious Hand Activity,orange,0.7,research_rules,Hand gesture detected: left_wrist_near_head for 2.7s,"[331.7081604003906, 274.5103454589844, 475.28961181640625, 385.97314453125]",hand_extended_duration
7.56414611037722,person_004,Suspicious Hand Activity,orange,0.7,research_rules,Hand gesture detected: left_wrist_near_head for 1.9s,"[231.86904907226562, 259.4837341308594, 358.71856689453125, 419.01318359375]",hand_extended_duration
7.56414611037722,person_007,Suspicious Hand Activity,orange,0.7,research_rules,Hand gesture detected: left_wrist_near_head for 2.1s,"[478.83447265625, 231.8647918701172, 592.8191528320312, 372.8211364746094]",hand_extended_duration
7.56414611037722,person_000,Frequent Head Turning,orange,0.8,research_rules,Head turned 4 times in window (current angle: 0.0°),"[740.1561889648438, 304.7650451660156, 947.3104858398438, 574.9172973632812]",head_turn_frequency
7.56414611037722,person_000,Suspicious Hand Activity,orange,0.7,research_rules,Hand gesture detected: right_wrist_extended_arm_absolute for 2.1s,"[740.1561889648438, 304.7650451660156, 947.3104858398438, 574.9172973632812]",hand_extended_duration
7.66411279906062,person_005,Suspicious Hand Activity,orange,0.7,research_rules,Hand gesture detected: left_wrist_near_head for 2.8s,"[332.0121765136719, 273.8505859375, 475.5130310058594, 386.10888671875]",hand_extended_duration
7.66411279906062,person_000,Suspicious Hand Activity,orange,0.7,research_rules,Hand gesture detected: right_wrist_extended_arm_absolute for 2.2s,"[740.1893920898438, 304.97467041015625, 947.4594116210938, 572.6719360351562]",hand_extended_duration
7.66411279906062,person_007,Suspicious Hand Activity,orange,0.7,research_rules,Hand gesture detected: left_wrist_near_head for 2.2s,"[477.9762878417969, 230.11021423339844, 593.52197265625, 372.3146057128906]",hand_extended_duration
7.66411279906062,person_004,Suspicious Hand Activity,orange,0.7,research_rules,Hand gesture detected: left_wrist_near_head for 2.0s,"[233.5552215576172, 257.2765197753906, 358.2110900878906, 418.2608337402344]",hand_extended_duration
7.764079487744019,person_005,Suspicious Hand Activity,orange,0.7,research_rules,Hand gesture detected: left_wrist_near_head for 2.9s,"[331.471435546875, 273.5232849121094, 475.0588073730469, 385.28448486328125]",hand_extended_duration
7.764079487744019,person_004,Suspicious Hand Activity,orange,0.7,research_rules,Hand gesture detected: left_wrist_near_head for 2.1s,"[231.67515563964844, 254.740966796875, 357.1907653808594, 421.9733581542969]",hand_extended_duration
7.764079487744019,person_000,Suspicious Hand Activity,orange,0.7,research_rules,Hand gesture detected: right_wrist_extended_arm_absolute for 2.3s,"[740.6231689453125, 304.9762878417969, 945.4053955078125, 561.8954467773438]",hand_extended_duration
7.764079487744019,person_007,Suspicious Hand Activity,orange,0.7,research_rules,Hand gesture detected: left_wrist_near_head for 2.3s,"[476.35009765625, 227.81211853027344, 600.9713745117188, 444.1442565917969]",hand_extended_duration
7.8640461764274185,person_005,Suspicious Hand Activity,orange,0.7,research_rules,Hand gesture detected: left_wrist_near_head for 3.0s,"[332.9637756347656, 273.53253173828125, 475.1356506347656, 384.6849670410156]",hand_extended_duration
7.8640461764274185,person_004,Suspicious Hand Activity,orange,0.7,research_rules,Hand gesture detected: left_wrist_near_head for 2.2s,"[243.00279235839844, 253.8358917236328, 357.3893127441406, 421.4480895996094]",hand_extended_duration
7.8640461764274185,person_000,Suspicious Hand Activity,orange,0.7,research_rules,Hand gesture detected: right_wrist_extended_arm_absolute for 2.4s,"[741.5699462890625, 305.8485107421875, 944.9375, 574.7789916992188]",hand_extended_duration
7.964012865110818,person_000,Suspicious Hand Activity,orange,0.7,research_rules,Hand gesture detected: right_wrist_extended_arm_absolute for 2.5s,"[741.2039794921875, 307.3686218261719, 945.5245971679688, 570.9857788085938]",hand_extended_duration
7.964012865110818,person_007,Suspicious Hand Activity,orange,0.7,research_rules,Hand gesture detected: left_wrist_near_head for 2.4s,"[478.4634704589844, 227.1706085205078, 602.8648681640625, 446.2424011230469]",hand_extended_duration
7.964012865110818,person_004,Suspicious Hand Activity,orange,0.7,research_rules,Hand gesture detected: left_wrist_near_head for 2.3s,"[237.7873992919922, 251.8825225830078, 356.42022705078125, 417.3138732910156]",hand_extended_duration
8.063979553794217,person_004,Suspicious Hand Activity,orange,0.7,research_rules,Hand gesture detected: left_wrist_near_head for 2.4s,"[238.7880859375, 251.78125, 358.18701171875, 417.8361511230469]",hand_extended_duration
8.063979553794217,person_007,Suspicious Hand Activity,orange,0.7,research_rules,Hand gesture detected: left_wrist_near_head for 2.5s,"[480.4847717285156, 227.84912109375, 603.3246459960938, 441.32281494140625]",hand_extended_duration
8.063979553794217,person_000,Suspicious Hand Activity,orange,0.7,research_rules,Hand gesture detected: right_wrist_extended_arm_absolute for 2.6s,"[742.806884765625, 308.341796875, 946.6451416015625, 556.29443359375]",hand_extended_duration
8.163946242477616,person_004,Suspicious Hand Activity,orange,0.7,research_rules,Hand gesture detected: left_wrist_near_head for 2.5s,"[239.5429229736328, 253.77798461914062, 359.6412658691406, 415.3346862792969]",hand_extended_duration
8.163946242477616,person_000,Suspicious Hand Activity,orange,0.7,research_rules,Hand gesture detected: right_wrist_extended_arm_absolute for 2.7s,"[743.7001953125, 308.5278015136719, 948.1455078125, 556.6483764648438]",hand_extended_duration
8.163946242477616,person_007,Suspicious Hand Activity,orange,0.7,research_rules,Hand gesture detected: left_wrist_near_head for 2.6s,"[482.5972595214844, 228.2819366455078, 604.0707397460938, 445.7649841308594]",hand_extended_duration
8.263912931161016,person_004,Suspicious Hand Activity,orange,0.7,research_rules,Hand gesture detected: left_wrist_near_head for 2.6s,"[240.04507446289062, 254.3534698486328, 362.6197814941406, 413.8782653808594]",hand_extended_duration
8.263912931161016,person_007,Suspicious Hand Activity,orange,0.7,research_rules,Hand gesture detected: left_wrist_near_head for 2.7s,"[483.82177734375, 228.2151336669922, 604.2390747070312, 442.3207092285156]",hand_extended_duration
8.263912931161016,person_000,Suspicious Hand Activity,orange,0.7,research_rules,Hand gesture detected: right_wrist_extended_arm_absolute for 2.8s,"[745.4381713867188, 308.65753173828125, 950.4645385742188, 571.9213256835938]",hand_extended_duration
8.363879619844415,person_004,Suspicious Hand Activity,orange,0.7,research_rules,Hand gesture detected: left_wrist_near_head for 2.7s,"[240.8701171875, 255.17442321777344, 365.150390625, 414.03741455078125]",hand_extended_duration
8.363879619844415,person_000,Suspicious Hand Activity,orange,0.7,research_rules,Hand gesture detected: right_wrist_extended_arm_absolute for 2.9s,"[746.4027709960938, 308.61578369140625, 952.9757690429688, 570.2837524414062]",hand_extended_duration
8.463846308527815,person_000,Suspicious Hand Activity,orange,0.7,research_rules,Hand gesture detected: right_wrist_extended_arm_absolute for 3.0s,"[746.47802734375, 308.4125061035156, 954.7057495117188, 571.615234375]",hand_extended_duration
8.463846308527815,person_004,Suspicious Hand Activity,orange,0.7,research_rules,Hand gesture detected: left_wrist_near_head for 2.8s,"[241.39175415039062, 256.4307556152344, 365.308349609375, 417.69140625]",hand_extended_duration
8.563812997211214,person_004,Suspicious Hand Activity,orange,0.7,research_rules,Hand gesture detected: left_wrist_near_head for 2.9s,"[242.6392059326172, 255.7187042236328, 364.68707275390625, 414.5059509277344]",hand_extended_duration
9.16361312931161,person_005,Suspicious Hand Activity,orange,0.7,research_rules,Hand gesture detected: left_wrist_near_head for 1.0s,"[349.9345397949219, 272.3678894042969, 488.1560974121094, 385.1589050292969]",hand_extended_duration
9.26357981799501,person_005,Suspicious Hand Activity,orange,0.7,research_rules,Hand gesture detected: left_wrist_near_head for 1.1s,"[351.3053283691406, 273.8286437988281, 489.3588562011719, 385.8303527832031]",hand_extended_duration
9.363546506678409,person_005,Suspicious Hand Activity,orange,0.7,research_rules,Hand gesture detected: left_wrist_near_head for 1.2s,"[351.7019958496094, 274.4213562011719, 490.3341369628906, 385.8416748046875]",hand_extended_duration
9.46351319536181,person_005,Suspicious Hand Activity,orange,0.7,research_rules,Hand gesture detected: left_wrist_near_head for 1.3s,"[347.0455017089844, 274.446533203125, 491.2511901855469, 386.99249267578125]",hand_extended_duration
9.563479884045208,person_005,Suspicious Hand Activity,orange,0.7,research_rules,Hand gesture detected: left_wrist_near_head for 1.4s,"[348.755859375, 273.6166687011719, 491.7394714355469, 386.9186096191406]",hand_extended_duration
9.663446572728608,person_005,Suspicious Hand Activity,orange,0.7,research_rules,Hand gesture detected: left_wrist_near_head for 1.5s,"[348.5415954589844, 275.1650085449219, 491.8716735839844, 386.6186218261719]",hand_extended_duration
9.763413261412007,person_005,Suspicious Hand Activity,orange,0.7,research_rules,Hand gesture detected: left_wrist_near_head for 1.6s,"[346.9479675292969, 275.8330078125, 492.45068359375, 387.8864440917969]",hand_extended_duration
9.863379950095407,person_005,Suspicious Hand Activity,orange,0.7,research_rules,Hand gesture detected: left_wrist_near_head for 1.7s,"[344.05706787109375, 277.7045593261719, 493.4437561035156, 387.8899841308594]",hand_extended_duration
9.863379950095407,person_001,Suspicious Hand Activity,orange,0.7,research_rules,Hand gesture detected: left_wrist_near_head for 1.0s,"[101.39736938476562, 365.6922302246094, 286.54888916015625, 574.1310424804688]",hand_extended_duration
9.963346638778805,person_001,Suspicious Hand Activity,orange,0.7,research_rules,Hand gesture detected: left_wrist_near_head for 1.1s,"[102.06133270263672, 366.4900817871094, 286.0146484375, 574.1572265625]",hand_extended_duration
9.963346638778805,person_005,Suspicious Hand Activity,orange,0.7,research_rules,Hand gesture detected: left_wrist_near_head for 1.8s,"[349.9759826660156, 278.80548095703125, 493.7464904785156, 387.90802001953125]",hand_extended_duration
10.063313327462206,person_001,Suspicious Hand Activity,orange,0.7,research_rules,Hand gesture detected: left_wrist_near_head for 1.2s,"[102.44783020019531, 367.7004089355469, 284.2846374511719, 573.5650634765625]",hand_extended_duration
10.063313327462206,person_005,Suspicious Hand Activity,orange,0.7,research_rules,Hand gesture detected: left_wrist_near_head for 1.9s,"[356.355224609375, 276.1805114746094, 493.86773681640625, 389.0949401855469]",hand_extended_duration
10.163280016145604,person_005,Suspicious Hand Activity,orange,0.7,research_rules,Hand gesture detected: left_wrist_near_head for 2.0s,"[356.126953125, 276.5196228027344, 494.2958984375, 388.7882385253906]",hand_extended_duration
10.163280016145604,person_001,Suspicious Hand Activity,orange,0.7,research_rules,Hand gesture detected: left_wrist_near_head for 1.3s,"[103.3788070678711, 367.9329528808594, 284.7501220703125, 573.6151123046875]",hand_extended_duration
10.263246704829005,person_001,Suspicious Hand Activity,orange,0.7,research_rules,Hand gesture detected: left_wrist_near_head for 1.4s,"[102.6266860961914, 368.2705078125, 284.7630310058594, 573.5986328125]",hand_extended_duration
10.263246704829005,person_005,Suspicious Hand Activity,orange,0.7,research_rules,Hand gesture detected: left_wrist_near_head for 2.1s,"[356.7593994140625, 276.5733947753906, 494.46759033203125, 389.08453369140625]",hand_extended_duration
10.363213393512403,person_001,Suspicious Hand Activity,orange,0.7,research_rules,Hand gesture detected: left_wrist_near_head for 1.5s,"[100.4422378540039, 368.4286193847656, 284.8228454589844, 573.53173828125]",hand_extended_duration
10.363213393512403,person_005,Suspicious Hand Activity,orange,0.7,research_rules,Hand gesture detected: left_wrist_near_head for 2.2s,"[357.5346374511719, 278.1390075683594, 495.56109619140625, 390.1846618652344]",hand_extended_duration
10.463180082195803,person_001,Suspicious Hand Activity,orange,0.7,research_rules,Hand gesture detected: left_wrist_near_head for 1.6s,"[100.06413269042969, 368.2275085449219, 284.39739990234375, 573.689453125]",hand_extended_duration
10.463180082195803,person_005,Suspicious Hand Activity,orange,0.7,research_rules,Hand gesture detected: left_wrist_near_head for 2.3s,"[354.3901672363281, 278.50933837890625, 494.8698425292969, 390.457763671875]",hand_extended_duration
10.563146770879202,person_001,Suspicious Hand Activity,orange,0.7,research_rules,Hand gesture detected: left_wrist_near_head for 1.7s,"[99.3884506225586, 368.0518493652344, 283.6835021972656, 573.5147705078125]",hand_extended_duration
10.563146770879202,person_005,Suspicious Hand Activity,orange,0.7,research_rules,Hand gesture detected: left_wrist_near_head for 2.4s,"[353.6038818359375, 277.788818359375, 493.6994323730469, 389.27081298828125]",hand_extended_duration
10.663113459562602,person_005,Suspicious Hand Activity,orange,0.7,research_rules,Hand gesture detected: left_wrist_near_head for 2.5s,"[353.9963073730469, 278.210205078125, 493.5712890625, 389.539306640625]",hand_extended_duration
10.663113459562602,person_001,Suspicious Hand Activity,orange,0.7,research_rules,Hand gesture detected: left_wrist_near_head for 1.8s,"[97.91026306152344, 368.44244384765625, 283.25567626953125, 573.656494140625]",hand_extended_duration
10.763080148246,person_005,Suspicious Hand Activity,orange,0.7,research_rules,Hand gesture detected: left_wrist_near_head for 2.6s,"[353.8180847167969, 278.2289733886719, 493.3786315917969, 389.030517578125]",hand_extended_duration
10.763080148246,person_001,Suspicious Hand Activity,orange,0.7,research_rules,Hand gesture detected: left_wrist_near_head for 1.9s,"[96.9847412109375, 368.7083435058594, 283.0529479980469, 573.392333984375]",hand_extended_duration
10.863046836929401,person_001,Suspicious Hand Activity,orange,0.7,research_rules,Hand gesture detected: left_wrist_near_head for 2.0s,"[97.38818359375, 368.7216491699219, 282.86883544921875, 573.2166748046875]",hand_extended_duration
10.863046836929401,person_005,Suspicious Hand Activity,orange,0.7,research_rules,Hand gesture detected: left_wrist_near_head for 2.7s,"[353.3778991699219, 278.6026916503906, 493.24591064453125, 389.6777038574219]",hand_extended_duration
10.9630135256128,person_005,Suspicious Hand Activity,orange,0.7,research_rules,Hand gesture detected: left_wrist_near_head for 2.8s,"[353.556640625, 278.694091796875, 492.9432678222656, 389.758056640625]",hand_extended_duration
10.9630135256128,person_001,Suspicious Hand Activity,orange,0.7,research_rules,Hand gesture detected: left_wrist_near_head for 2.1s,"[97.85115051269531, 368.8108825683594, 282.7200927734375, 573.3175659179688]",hand_extended_duration
11.062980214296198,person_001,Suspicious Hand Activity,orange,0.7,research_rules,Hand gesture detected: left_wrist_near_head for 2.2s,"[97.1738052368164, 368.6473083496094, 281.9407043457031, 573.2946166992188]",hand_extended_duration
11.062980214296198,person_005,Suspicious Hand Activity,orange,0.7,research_rules,Hand gesture detected: left_wrist_near_head for 2.9s,"[352.15704345703125, 277.75738525390625, 491.6167907714844, 389.7459411621094]",hand_extended_duration
11.162946902979598,person_001,Suspicious Hand Activity,orange,0.7,research_rules,Hand gesture detected: left_wrist_near_head for 2.3s,"[96.73033905029297, 368.22589111328125, 281.7496337890625, 573.3283081054688]",hand_extended_duration
11.162946902979598,person_005,Suspicious Hand Activity,orange,0.7,research_rules,Hand gesture detected: left_wrist_near_head for 3.0s,"[350.00054931640625, 276.9736328125, 494.815185546875, 389.2730407714844]",hand_extended_duration
11.262913591662997,person_001,Suspicious Hand Activity,orange,0.7,research_rules,Hand gesture detected: right_wrist_extended_arm_absolute for 2.4s,"[95.78071594238281, 367.8991394042969, 281.74444580078125, 573.39892578125]",hand_extended_duration
11.362880280346397,person_001,Suspicious Hand Activity,orange,0.7,research_rules,Hand gesture detected: left_wrist_near_head for 2.5s,"[95.01250457763672, 367.5980224609375, 281.1693420410156, 573.4361572265625]",hand_extended_duration
11.462846969029796,person_001,Suspicious Hand Activity,orange,0.7,research_rules,Hand gesture detected: left_wrist_near_head for 2.6s,"[93.73760223388672, 366.74114990234375, 280.1459045410156, 573.4286499023438]",hand_extended_duration
11.562813657713196,person_001,Suspicious Hand Activity,orange,0.7,research_rules,Hand gesture detected: left_wrist_near_head for 2.7s,"[92.91985321044922, 366.1770935058594, 279.259765625, 573.4510498046875]",hand_extended_duration
11.662780346396595,person_001,Suspicious Hand Activity,orange,0.7,research_rules,Hand gesture detected: left_wrist_near_head for 2.8s,"[92.31586456298828, 365.2170104980469, 279.0601501464844, 573.1588134765625]",hand_extended_duration
11.762747035079995,person_001,Suspicious Hand Activity,orange,0.7,research_rules,Hand gesture detected: left_wrist_near_head for 2.9s,"[89.9648208618164, 364.4779357910156, 279.3197326660156, 572.4237670898438]",hand_extended_duration
11.862713723763394,person_001,Suspicious Hand Activity,orange,0.7,research_rules,Hand gesture detected: left_wrist_near_head for 3.0s,"[89.9929428100586, 363.8997802734375, 279.3736267089844, 571.9682006835938]",hand_extended_duration
12.162613789813593,person_003,Suspicious Hand Activity,orange,0.7,research_rules,Hand gesture detected: right_wrist_extended_arm_absolute for 1.0s,"[351.78704833984375, 347.329833984375, 573.3912963867188, 573.2072143554688]",hand_extended_duration
12.262580478496991,person_003,Suspicious Hand Activity,orange,0.7,research_rules,Hand gesture detected: right_wrist_extended_arm_absolute for 1.1s,"[349.3448181152344, 345.6656188964844, 573.2896728515625, 573.2826538085938]",hand_extended_duration
12.362547167180391,person_003,Suspicious Hand Activity,orange,0.7,research_rules,Hand gesture detected: right_wrist_extended_arm_absolute for 1.2s,"[349.7925720214844, 344.364013671875, 572.3717041015625, 574.249267578125]",hand_extended_duration
12.362547167180391,person_004,Suspicious Hand Activity,orange,0.7,research_rules,Hand gesture detected: left_wrist_near_head for 1.0s,"[241.55039978027344, 276.40557861328125, 373.9330749511719, 415.3916931152344]",hand_extended_duration
12.46251385586379,person_003,Suspicious Hand Activity,orange,0.7,research_rules,Hand gesture detected: right_wrist_extended_arm_absolute for 1.3s,"[351.8766784667969, 340.99029541015625, 571.07666015625, 574.3965454101562]",hand_extended_duration
12.46251385586379,person_004,Suspicious Hand Activity,orange,0.7,research_rules,Hand gesture detected: left_wrist_near_head for 1.1s,"[245.98501586914062, 278.650390625, 371.9342346191406, 409.5181579589844]",hand_extended_duration
12.56248054454719,person_003,Suspicious Hand Activity,orange,0.7,research_rules,Hand gesture detected: right_wrist_extended_arm_absolute for 1.4s,"[352.84869384765625, 340.792236328125, 571.7816162109375, 574.686279296875]",hand_extended_duration
12.56248054454719,person_004,Suspicious Hand Activity,orange,0.7,research_rules,Hand gesture detected: left_wrist_near_head for 1.2s,"[246.3353271484375, 279.449951171875, 371.2044372558594, 414.0292663574219]",hand_extended_duration
12.662447233230589,person_003,Suspicious Hand Activity,orange,0.7,research_rules,Hand gesture detected: right_wrist_extended_arm_absolute for 1.5s,"[353.50567626953125, 340.6664123535156, 572.8990478515625, 573.0951538085938]",hand_extended_duration
12.662447233230589,person_004,Suspicious Hand Activity,orange,0.7,research_rules,Hand gesture detected: left_wrist_near_head for 1.3s,"[247.01817321777344, 279.5975646972656, 360.8971862792969, 415.2038269042969]",hand_extended_duration
12.76241392191399,person_003,Suspicious Hand Activity,orange,0.7,research_rules,Hand gesture detected: right_wrist_extended_arm_absolute for 1.6s,"[353.62158203125, 339.4320373535156, 573.2630004882812, 572.8199462890625]",hand_extended_duration
12.862380610597388,person_003,Suspicious Hand Activity,orange,0.7,research_rules,Hand gesture detected: right_wrist_extended_arm_absolute for 1.7s,"[354.0547790527344, 339.4222106933594, 573.2654418945312, 572.6361694335938]",hand_extended_duration
12.962347299280788,person_003,Suspicious Hand Activity,orange,0.7,research_rules,Hand gesture detected: right_wrist_extended_arm_absolute for 1.8s,"[354.5326843261719, 339.2442626953125, 573.4168701171875, 572.33740234375]",hand_extended_duration
13.062313987964187,person_003,Suspicious Hand Activity,orange,0.7,research_rules,Hand gesture detected: right_wrist_extended_arm_absolute for 1.9s,"[354.2803039550781, 339.5424499511719, 572.0173950195312, 573.219482421875]",hand_extended_duration
13.162280676647587,person_003,Suspicious Hand Activity,orange,0.7,research_rules,Hand gesture detected: right_wrist_extended_arm_absolute for 2.0s,"[354.5129089355469, 338.50677490234375, 573.1993408203125, 572.61474609375]",hand_extended_duration
13.262247365330985,person_003,Suspicious Hand Activity,orange,0.7,research_rules,Hand gesture detected: right_wrist_extended_arm_absolute for 2.1s,"[355.39581298828125, 337.83233642578125, 572.7301635742188, 572.6615600585938]",hand_extended_duration
13.362214054014386,person_003,Suspicious Hand Activity,orange,0.7,research_rules,Hand gesture detected: right_wrist_extended_arm_absolute for 2.2s,"[355.2879333496094, 336.73065185546875, 571.2918090820312, 573.4343872070312]",hand_extended_duration
13.462180742697784,person_003,Suspicious Hand Activity,orange,0.7,research_rules,Hand gesture detected: right_wrist_extended_arm_absolute for 2.3s,"[355.5021667480469, 335.8501892089844, 571.6417236328125, 574.2750244140625]",hand_extended_duration
13.562147431381185,person_003,Suspicious Hand Activity,orange,0.7,research_rules,Hand gesture detected: right_wrist_extended_arm_absolute for 2.4s,"[356.7630615234375, 335.63031005859375, 571.8644409179688, 574.248046875]",hand_extended_duration
13.662114120064583,person_003,Suspicious Hand Activity,orange,0.7,research_rules,Hand gesture detected: right_wrist_extended_arm_absolute for 2.5s,"[357.27618408203125, 334.4244079589844, 572.28173828125, 574.1905517578125]",hand_extended_duration
13.762080808747983,person_004,Suspicious Hand Activity,orange,0.7,research_rules,Hand gesture detected: left_wrist_near_head for 1.0s,"[246.63365173339844, 278.190673828125, 370.7505798339844, 404.8820495605469]",hand_extended_duration
13.862047497431382,person_004,Suspicious Hand Activity,orange,0.7,research_rules,Hand gesture detected: left_wrist_near_head for 1.1s,"[247.5969696044922, 278.5641174316406, 361.2116394042969, 405.900634765625]",hand_extended_duration
14.361880940848378,person_001,Suspicious Hand Activity,orange,0.7,research_rules,Hand gesture detected: left_wrist_near_head for 1.0s,"[75.96723937988281, 331.1695861816406, 284.1116638183594, 573.0944213867188]",hand_extended_duration
14.461847629531778,person_001,Suspicious Hand Activity,orange,0.7,research_rules,Hand gesture detected: left_wrist_near_head for 1.1s,"[73.98481750488281, 328.2854919433594, 284.7334899902344, 574.5612182617188]",hand_extended_duration
14.561814318215177,person_001,Suspicious Hand Activity,orange,0.7,research_rules,Hand gesture detected: left_wrist_near_head for 1.2s,"[74.00151824951172, 326.8948974609375, 286.2788391113281, 573.9166259765625]",hand_extended_duration
14.661781006898577,person_001,Suspicious Hand Activity,orange,0.7,research_rules,Hand gesture detected: left_wrist_near_head for 1.3s,"[73.932861328125, 328.0909118652344, 286.2059631347656, 574.4229736328125]",hand_extended_duration
14.761747695581976,person_001,Suspicious Hand Activity,orange,0.7,research_rules,Hand gesture detected: left_wrist_near_head for 1.4s,"[74.3924331665039, 330.5140075683594, 285.8702087402344, 574.4251098632812]",hand_extended_duration
14.861714384265376,person_001,Suspicious Hand Activity,orange,0.7,research_rules,Hand gesture detected: left_wrist_near_head for 1.5s,"[76.4399642944336, 331.98760986328125, 285.7703552246094, 574.3427124023438]",hand_extended_duration
14.961681072948775,person_001,Suspicious Hand Activity,orange,0.7,research_rules,Hand gesture detected: left_wrist_near_head for 1.6s,"[77.2411117553711, 333.8151550292969, 286.5615539550781, 574.1500244140625]",hand_extended_duration
15.061647761632175,person_001,Suspicious Hand Activity,orange,0.7,research_rules,Hand gesture detected: left_wrist_near_head for 1.7s,"[81.46369934082031, 334.9015808105469, 287.17022705078125, 572.1470947265625]",hand_extended_duration
15.161614450315573,person_001,Suspicious Hand Activity,orange,0.7,research_rules,Hand gesture detected: left_wrist_extended_arm_absolute for 1.8s,"[93.6361083984375, 335.13385009765625, 290.2804870605469, 553.987060546875]",hand_extended_duration
15.261581138998974,person_001,Suspicious Hand Activity,orange,0.7,research_rules,Hand gesture detected: left_wrist_near_head for 1.9s,"[96.20791625976562, 334.9486999511719, 292.49639892578125, 556.8886108398438]",hand_extended_duration
15.361547827682372,person_001,Suspicious Hand Activity,orange,0.7,research_rules,Hand gesture detected: left_wrist_extended_arm_absolute for 2.0s,"[116.08391571044922, 335.9164733886719, 294.0392761230469, 564.4515380859375]",hand_extended_duration
15.461514516365773,person_001,Suspicious Hand Activity,orange,0.7,research_rules,Hand gesture detected: left_wrist_extended_arm_absolute for 2.1s,"[123.3432388305664, 339.2030944824219, 294.0650329589844, 565.5834350585938]",hand_extended_duration
15.561481205049171,person_001,Suspicious Hand Activity,orange,0.7,research_rules,Hand gesture detected: left_wrist_near_head for 2.2s,"[124.12987518310547, 344.60809326171875, 294.16827392578125, 567.4169311523438]",hand_extended_duration
15.661447893732571,person_001,Suspicious Hand Activity,orange,0.7,research_rules,Hand gesture detected: left_wrist_near_head for 2.3s,"[115.1623306274414, 348.19677734375, 293.7522277832031, 561.8679809570312]",hand_extended_duration
15.76141458241597,person_001,Suspicious Hand Activity,orange,0.7,research_rules,Hand gesture detected: left_wrist_near_head for 2.4s,"[112.4008560180664, 351.66131591796875, 294.2165222167969, 569.7836303710938]",hand_extended_duration
15.86138127109937,person_001,Suspicious Hand Activity,orange,0.7,research_rules,Hand gesture detected: left_wrist_near_head for 2.5s,"[120.0687255859375, 353.9241027832031, 295.2268371582031, 571.6366577148438]",hand_extended_duration
15.961347959782769,person_001,Suspicious Hand Activity,orange,0.7,research_rules,Hand gesture detected: left_wrist_near_head for 2.6s,"[123.37080383300781, 357.1333923339844, 295.757568359375, 572.5297241210938]",hand_extended_duration
16.06131464846617,person_005,Suspicious Hand Activity,orange,0.7,research_rules,Hand gesture detected: right_wrist_extended_arm_absolute for 1.1s,"[357.54852294921875, 257.0346374511719, 502.5555725097656, 428.2169494628906]",hand_extended_duration
16.06131464846617,person_001,Suspicious Hand Activity,orange,0.7,research_rules,Hand gesture detected: left_wrist_near_head for 2.7s,"[126.2403335571289, 359.8428039550781, 296.488525390625, 572.3605346679688]",hand_extended_duration
16.161281337149568,person_001,Suspicious Hand Activity,orange,0.7,research_rules,Hand gesture detected: left_wrist_extended_arm_absolute for 2.8s,"[125.49417877197266, 361.81890869140625, 296.2594299316406, 572.2671508789062]",hand_extended_duration
16.161281337149568,person_005,Suspicious Hand Activity,orange,0.7,research_rules,Hand gesture detected: left_wrist_near_head for 1.2s,"[358.7008361816406, 258.2353210449219, 503.8686218261719, 433.30987548828125]",hand_extended_duration
16.261248025832966,person_005,Suspicious Hand Activity,orange,0.7,research_rules,Hand gesture detected: left_wrist_near_head for 1.3s,"[358.1517028808594, 259.6425476074219, 506.48150634765625, 434.7555236816406]",hand_extended_duration
16.261248025832966,person_001,Suspicious Hand Activity,orange,0.7,research_rules,Hand gesture detected: left_wrist_extended_arm_absolute for 2.9s,"[119.12114715576172, 365.6904296875, 297.64801025390625, 572.1930541992188]",hand_extended_duration
16.361214714516368,person_005,Suspicious Hand Activity,orange,0.7,research_rules,Hand gesture detected: left_wrist_near_head for 1.4s,"[358.7424011230469, 260.921142578125, 511.1732482910156, 432.8857421875]",hand_extended_duration
16.361214714516368,person_001,Suspicious Hand Activity,orange,0.7,research_rules,Hand gesture detected: left_wrist_near_head for 3.0s,"[98.03960418701172, 368.43048095703125, 298.1767578125, 572.60498046875]",hand_extended_duration
16.461181403199767,person_005,Suspicious Hand Activity,orange,0.7,research_rules,Hand gesture detected: left_wrist_near_head for 1.5s,"[360.63458251953125, 261.556396484375, 510.6587829589844, 426.8149108886719]",hand_extended_duration
16.561148091883165,person_005,Suspicious Hand Activity,orange,0.7,research_rules,Hand gesture detected: left_wrist_near_head for 1.6s,"[363.206298828125, 262.4452819824219, 512.6738891601562, 422.6819763183594]",hand_extended_duration
16.661114780566564,person_005,Suspicious Hand Activity,orange,0.7,research_rules,Hand gesture detected: left_wrist_near_head for 1.7s,"[368.3271789550781, 263.1397399902344, 513.2957153320312, 418.3488464355469]",hand_extended_duration
16.761081469249966,person_005,Suspicious Hand Activity,orange,0.7,research_rules,Hand gesture detected: left_wrist_near_head for 1.8s,"[363.0074157714844, 264.2823791503906, 513.2130737304688, 424.2904968261719]",hand_extended_duration
16.861048157933364,person_005,Suspicious Hand Activity,orange,0.7,research_rules,Hand gesture detected: left_wrist_near_head for 1.9s,"[357.0364685058594, 265.2135314941406, 512.3101196289062, 420.666259765625]",hand_extended_duration
16.961014846616763,person_005,Suspicious Hand Activity,orange,0.7,research_rules,Hand gesture detected: left_wrist_near_head for 2.0s,"[355.22161865234375, 266.2673034667969, 511.20068359375, 425.4068298339844]",hand_extended_duration
17.06098153530016,person_005,Suspicious Hand Activity,orange,0.7,research_rules,Hand gesture detected: left_wrist_near_head for 2.1s,"[357.1614685058594, 266.7599182128906, 510.90948486328125, 422.74365234375]",hand_extended_duration
17.16094822398356,person_005,Suspicious Hand Activity,orange,0.7,research_rules,Hand gesture detected: left_wrist_near_head for 2.2s,"[356.8375244140625, 266.6514587402344, 507.71173095703125, 427.7484436035156]",hand_extended_duration
17.260914912666962,person_005,Suspicious Hand Activity,orange,0.7,research_rules,Hand gesture detected: left_wrist_near_head for 2.3s,"[355.6118469238281, 266.20654296875, 508.6883850097656, 425.8112487792969]",hand_extended_duration
17.36088160135036,person_005,Suspicious Hand Activity,orange,0.7,research_rules,Hand gesture detected: left_wrist_near_head for 2.4s,"[357.7517395019531, 266.51275634765625, 510.3228454589844, 425.0870666503906]",hand_extended_duration
17.46084829003376,person_005,Suspicious Hand Activity,orange,0.7,research_rules,Hand gesture detected: left_wrist_near_head for 2.5s,"[356.2970886230469, 267.05181884765625, 509.71905517578125, 436.05426025390625]",hand_extended_duration
17.560814978717158,person_005,Suspicious Hand Activity,orange,0.7,research_rules,Hand gesture detected: left_wrist_near_head for 2.6s,"[355.63006591796875, 267.4864807128906, 508.0677795410156, 433.8046569824219]",hand_extended_duration
17.66078166740056,person_005,Suspicious Hand Activity,orange,0.7,research_rules,Hand gesture detected: left_wrist_near_head for 2.7s,"[355.4270935058594, 267.435302734375, 507.1654968261719, 431.32354736328125]",hand_extended_duration
17.76074835608396,person_005,Suspicious Hand Activity,orange,0.7,research_rules,Hand gesture detected: left_wrist_near_head for 2.8s,"[356.31817626953125, 267.8343811035156, 506.24267578125, 428.9310607910156]",hand_extended_duration
17.860715044767357,person_005,Suspicious Hand Activity,orange,0.7,research_rules,Hand gesture detected: left_wrist_near_head for 2.9s,"[355.7355041503906, 267.9549865722656, 506.032470703125, 422.5482482910156]",hand_extended_duration
18.76041524291795,person_000,Frequent Head Turning,orange,0.8,research_rules,Head turned 4 times in window (current angle: 0.0°),"[778.0541381835938, 323.52044677734375, 994.970703125, 570.0563354492188]",head_turn_frequency
18.96034862028475,person_003,Suspicious Hand Activity,orange,0.7,research_rules,Hand gesture detected: right_wrist_extended_arm_absolute for 1.0s,"[342.6205139160156, 403.7223205566406, 586.9701538085938, 573.7376708984375]",hand_extended_duration
18.96034862028475,person_007,Suspicious Hand Activity,orange,0.7,research_rules,Hand gesture detected: left_wrist_near_head for 1.0s,"[499.6930847167969, 278.08056640625, 623.9598999023438, 459.0290222167969]",hand_extended_duration
19.06031530896815,person_003,Suspicious Hand Activity,orange,0.7,research_rules,Hand gesture detected: right_wrist_extended_arm_absolute for 1.1s,"[340.74481201171875, 403.2841796875, 586.3346557617188, 573.8444213867188]",hand_extended_duration
19.16028199765155,person_003,Suspicious Hand Activity,orange,0.7,research_rules,Hand gesture detected: right_wrist_extended_arm_absolute for 1.2s,"[335.5902099609375, 402.8620300292969, 585.1310424804688, 573.6979370117188]",hand_extended_duration
19.26024868633495,person_003,Suspicious Hand Activity,orange,0.7,research_rules,Hand gesture detected: left_wrist_near_head for 1.3s,"[343.06878662109375, 405.9884948730469, 584.5847778320312, 573.7457275390625]",hand_extended_duration
19.36021537501835,person_003,Suspicious Hand Activity,orange,0.7,research_rules,Hand gesture detected: left_wrist_near_head for 1.4s,"[349.3876647949219, 406.3258972167969, 584.195556640625, 574.8277587890625]",hand_extended_duration
19.460182063701748,person_003,Suspicious Hand Activity,orange,0.7,research_rules,Hand gesture detected: right_wrist_extended_arm_absolute for 1.5s,"[355.5939636230469, 403.498779296875, 583.7994995117188, 574.241455078125]",hand_extended_duration
19.560148752385146,person_003,Suspicious Hand Activity,orange,0.7,research_rules,Hand gesture detected: right_wrist_extended_arm_absolute for 1.6s,"[361.23736572265625, 402.3047790527344, 582.8084716796875, 574.2937622070312]",hand_extended_duration
19.660115441068548,person_000,Suspicious Hand Activity,orange,0.7,research_rules,Hand gesture detected: left_wrist_near_head for 1.0s,"[770.9854736328125, 325.0718078613281, 983.8381958007812, 571.4815673828125]",hand_extended_duration
19.660115441068548,person_003,Suspicious Hand Activity,orange,0.7,research_rules,Hand gesture detected: right_wrist_extended_arm_absolute for 1.7s,"[359.3035888671875, 400.6348571777344, 582.3194580078125, 574.4735717773438]",hand_extended_duration
19.760082129751947,person_003,Suspicious Hand Activity,orange,0.7,research_rules,Hand gesture detected: left_wrist_near_head for 1.8s,"[358.7286376953125, 399.4972839355469, 581.4172973632812, 574.3556518554688]",hand_extended_duration
19.760082129751947,person_000,Suspicious Hand Activity,orange,0.7,research_rules,Hand gesture detected: right_wrist_extended_arm_absolute for 1.1s,"[768.1739501953125, 325.55670166015625, 982.52197265625, 570.354248046875]",hand_extended_duration
19.860048818435345,person_000,Suspicious Hand Activity,orange,0.7,research_rules,Hand gesture detected: right_wrist_extended_arm_absolute for 1.2s,"[766.7972412109375, 325.51483154296875, 981.3722534179688, 570.0572509765625]",hand_extended_duration
19.860048818435345,person_003,Suspicious Hand Activity,orange,0.7,research_rules,Hand gesture detected: left_wrist_near_head for 1.9s,"[360.3227233886719, 402.0340881347656, 579.842041015625, 574.6356811523438]",hand_extended_duration
19.960015507118744,person_003,Suspicious Hand Activity,orange,0.7,research_rules,Hand gesture detected: left_wrist_near_head for 2.0s,"[361.0861511230469, 400.1420593261719, 579.9078979492188, 574.8380737304688]",hand_extended_duration
19.960015507118744,person_000,Suspicious Hand Activity,orange,0.7,research_rules,Hand gesture detected: right_wrist_extended_arm_absolute for 1.3s,"[765.5662231445312, 325.5373229980469, 980.2338256835938, 570.5299072265625]",hand_extended_duration
20.059982195802142,person_003,Suspicious Hand Activity,orange,0.7,research_rules,Hand gesture detected: left_wrist_near_head for 2.1s,"[361.695556640625, 398.9922790527344, 579.6860961914062, 574.7106323242188]",hand_extended_duration
20.059982195802142,person_000,Suspicious Hand Activity,orange,0.7,research_rules,Hand gesture detected: right_wrist_extended_arm_absolute for 1.4s,"[764.1666259765625, 325.9601135253906, 978.6168212890625, 571.384033203125]",hand_extended_duration
20.059982195802142,person_007,Suspicious Hand Activity,orange,0.7,research_rules,Hand gesture detected: left_wrist_near_head for 1.0s,"[492.7835998535156, 273.8182067871094, 617.5949096679688, 466.1845397949219]",hand_extended_duration
20.159948884485544,person_000,Suspicious Hand Activity,orange,0.7,research_rules,Hand gesture detected: left_wrist_near_head for 1.5s,"[762.2088012695312, 326.02545166015625, 977.4627075195312, 570.1056518554688]",hand_extended_duration
20.159948884485544,person_007,Suspicious Hand Activity,orange,0.7,research_rules,Hand gesture detected: left_wrist_near_head for 1.1s,"[491.648193359375, 273.84649658203125, 614.9144287109375, 466.1694030761719]",hand_extended_duration
20.259915573168943,person_000,Suspicious Hand Activity,orange,0.7,research_rules,Hand gesture detected: right_wrist_extended_arm_absolute for 1.6s,"[762.0985717773438, 326.7702941894531, 976.14892578125, 570.9130859375]",hand_extended_duration
20.259915573168943,person_007,Suspicious Hand Activity,orange,0.7,research_rules,Hand gesture detected: left_wrist_near_head for 1.2s,"[490.46221923828125, 273.60015869140625, 615.1347045898438, 463.08062744140625]",hand_extended_duration
20.35988226185234,person_000,Suspicious Hand Activity,orange,0.7,research_rules,Hand gesture detected: right_wrist_extended_arm_absolute for 1.7s,"[761.4111328125, 327.3619079589844, 975.2947387695312, 570.48095703125]",hand_extended_duration
20.35988226185234,person_007,Suspicious Hand Activity,orange,0.7,research_rules,Hand gesture detected: left_wrist_near_head for 1.3s,"[489.5114440917969, 273.97998046875, 614.4674682617188, 461.0072326660156]",hand_extended_duration
20.45984895053574,person_000,Suspicious Hand Activity,orange,0.7,research_rules,Hand gesture detected: right_wrist_extended_arm_absolute for 1.8s,"[760.461669921875, 327.4502868652344, 973.3023681640625, 569.3783569335938]",hand_extended_duration
20.559815639219142,person_000,Suspicious Hand Activity,orange,0.7,research_rules,Hand gesture detected: right_wrist_extended_arm_absolute for 1.9s,"[760.3161010742188, 327.6219787597656, 972.2128295898438, 570.6345825195312]",hand_extended_duration
20.65978232790254,person_000,Suspicious Hand Activity,orange,0.7,research_rules,Hand gesture detected: right_wrist_extended_arm_absolute for 2.0s,"[760.28564453125, 326.8504333496094, 971.05908203125, 571.1812133789062]",hand_extended_duration
20.65978232790254,person_006,Suspicious Hand Activity,orange,0.7,research_rules,Hand gesture detected: left_wrist_near_head for 1.0s,"[624.8279418945312, 268.125, 751.7244262695312, 414.5814514160156]",hand_extended_duration
20.65978232790254,person_007,Suspicious Hand Activity,orange,0.7,research_rules,Hand gesture detected: left_wrist_near_head for 1.4s,"[489.0780334472656, 274.1168518066406, 611.10595703125, 460.4014587402344]",hand_extended_duration
20.75974901658594,person_000,Suspicious Hand Activity,orange,0.7,research_rules,Hand gesture detected: right_wrist_extended_arm_absolute for 2.1s,"[760.4755859375, 324.89306640625, 971.1355590820312, 572.3908081054688]",hand_extended_duration
20.75974901658594,person_006,Suspicious Hand Activity,orange,0.7,research_rules,Hand gesture detected: left_wrist_near_head for 1.1s,"[625.6236572265625, 267.9512634277344, 751.9761962890625, 413.6237487792969]",hand_extended_duration
20.859715705269338,person_000,Frequent Head Turning,orange,0.8,research_rules,Head turned 6 times in window (current angle: 0.0°),"[760.4654541015625, 323.9386901855469, 971.1154174804688, 570.8505859375]",head_turn_frequency
20.859715705269338,person_000,Suspicious Hand Activity,orange,0.7,research_rules,Hand gesture detected: left_wrist_near_head for 2.2s,"[760.4654541015625, 323.9386901855469, 971.1154174804688, 570.8505859375]",hand_extended_duration
20.859715705269338,person_006,Suspicious Hand Activity,orange,0.7,research_rules,Hand gesture detected: left_wrist_near_head for 1.2s,"[625.4548950195312, 270.40338134765625, 752.1652221679688, 414.034423828125]",hand_extended_duration
20.859715705269338,person_007,Suspicious Hand Activity,orange,0.7,research_rules,Hand gesture detected: left_wrist_near_head for 1.5s,"[490.54522705078125, 273.7565612792969, 614.6513061523438, 460.7629089355469]",hand_extended_duration
20.95968239395274,person_000,Suspicious Hand Activity,orange,0.7,research_rules,Hand gesture detected: right_wrist_extended_arm_absolute for 2.3s,"[760.7003784179688, 323.7514343261719, 971.2511596679688, 570.6488037109375]",hand_extended_duration
20.95968239395274,person_006,Suspicious Hand Activity,orange,0.7,research_rules,Hand gesture detected: left_wrist_near_head for 1.3s,"[625.84521484375, 271.302490234375, 752.3060913085938, 414.6372985839844]",hand_extended_duration
20.95968239395274,person_007,Suspicious Hand Activity,orange,0.7,research_rules,Hand gesture detected: left_wrist_near_head for 1.6s,"[490.1119689941406, 273.975830078125, 615.0160522460938, 457.099853515625]",hand_extended_duration
21.059649082636138,person_000,Suspicious Hand Activity,orange,0.7,research_rules,Hand gesture detected: right_wrist_extended_arm_absolute for 2.4s,"[760.0695190429688, 324.48443603515625, 971.3523559570312, 568.6608276367188]",hand_extended_duration
21.059649082636138,person_006,Suspicious Hand Activity,orange,0.7,research_rules,Hand gesture detected: left_wrist_near_head for 1.4s,"[625.2794799804688, 272.9618225097656, 752.6583862304688, 415.77471923828125]",hand_extended_duration
21.159615771319537,person_000,Suspicious Hand Activity,orange,0.7,research_rules,Hand gesture detected: left_wrist_near_head for 2.5s,"[759.1179809570312, 327.1372985839844, 970.9754028320312, 566.5564575195312]",hand_extended_duration
21.159615771319537,person_006,Suspicious Hand Activity,orange,0.7,research_rules,Hand gesture detected: left_wrist_near_head for 1.5s,"[625.3145751953125, 273.8199157714844, 752.2880249023438, 416.4557800292969]",hand_extended_duration
21.259582460002935,person_006,Suspicious Hand Activity,orange,0.7,research_rules,Hand gesture detected: left_wrist_near_head for 1.6s,"[625.2338256835938, 274.0651550292969, 752.4091796875, 416.9545593261719]",hand_extended_duration
21.259582460002935,person_000,Suspicious Hand Activity,orange,0.7,research_rules,Hand gesture detected: right_wrist_extended_arm_absolute for 2.6s,"[758.79248046875, 328.5469665527344, 970.1083374023438, 568.1602783203125]",hand_extended_duration
21.259582460002935,person_007,Suspicious Hand Activity,orange,0.7,research_rules,Hand gesture detected: left_wrist_near_head for 1.7s,"[491.8005065917969, 276.1661071777344, 614.9417114257812, 460.0047912597656]",hand_extended_duration
21.359549148686337,person_006,Suspicious Hand Activity,orange,0.7,research_rules,Hand gesture detected: left_wrist_near_head for 1.7s,"[625.7575073242188, 274.6065368652344, 752.7098999023438, 415.7134704589844]",hand_extended_duration
21.359549148686337,person_007,Suspicious Hand Activity,orange,0.7,research_rules,Hand gesture detected: left_wrist_near_head for 1.8s,"[491.9425964355469, 276.4335632324219, 616.1129760742188, 461.4803161621094]",hand_extended_duration
21.359549148686337,person_000,Suspicious Hand Activity,orange,0.7,research_rules,Hand gesture detected: right_wrist_extended_arm_absolute for 2.7s,"[758.7468872070312, 329.03668212890625, 969.4773559570312, 569.8036499023438]",hand_extended_duration
21.459515837369736,person_006,Suspicious Hand Activity,orange,0.7,research_rules,Hand gesture detected: left_wrist_near_head for 1.8s,"[625.91455078125, 274.41796875, 752.75927734375, 415.69586181640625]",hand_extended_duration
21.459515837369736,person_000,Suspicious Hand Activity,orange,0.7,research_rules,Hand gesture detected: right_wrist_extended_arm_absolute for 2.8s,"[758.5548706054688, 329.0789489746094, 968.6736450195312, 570.5197143554688]",hand_extended_duration
21.459515837369736,person_007,Suspicious Hand Activity,orange,0.7,research_rules,Hand gesture detected: left_wrist_near_head for 1.9s,"[493.1612243652344, 276.1238708496094, 616.42626953125, 461.0243225097656]",hand_extended_duration
21.559482526053134,person_006,Suspicious Hand Activity,orange,0.7,research_rules,Hand gesture detected: left_wrist_near_head for 1.9s,"[626.3263549804688, 274.47052001953125, 753.1334228515625, 415.84161376953125]",hand_extended_duration
21.559482526053134,person_000,Suspicious Hand Activity,orange,0.7,research_rules,Hand gesture detected: right_wrist_extended_arm_absolute for 2.9s,"[758.3488159179688, 329.9471740722656, 969.8941650390625, 570.0284423828125]",hand_extended_duration
21.659449214736533,person_006,Suspicious Hand Activity,orange,0.7,research_rules,Hand gesture detected: left_wrist_near_head for 2.0s,"[626.9346923828125, 274.688720703125, 753.2421264648438, 416.2315979003906]",hand_extended_duration
21.659449214736533,person_000,Suspicious Hand Activity,orange,0.7,research_rules,Hand gesture detected: right_wrist_extended_arm_absolute for 3.0s,"[758.9713134765625, 330.6449279785156, 971.2138671875, 569.8795776367188]",hand_extended_duration
21.659449214736533,person_007,Suspicious Hand Activity,orange,0.7,research_rules,Hand gesture detected: left_wrist_near_head for 2.0s,"[493.6944274902344, 277.5572814941406, 613.2460327148438, 459.9954528808594]",hand_extended_duration
21.759415903419935,person_006,Suspicious Hand Activity,orange,0.7,research_rules,Hand gesture detected: left_wrist_near_head for 2.1s,"[627.3463745117188, 275.185302734375, 754.4413452148438, 415.4876403808594]",hand_extended_duration
21.859382592103334,person_006,Suspicious Hand Activity,orange,0.7,research_rules,Hand gesture detected: left_wrist_near_head for 2.2s,"[628.4890747070312, 274.85284423828125, 754.7867431640625, 415.68194580078125]",hand_extended_duration
21.859382592103334,person_007,Suspicious Hand Activity,orange,0.7,research_rules,Hand gesture detected: left_wrist_near_head for 2.1s,"[493.42706298828125, 277.9198303222656, 617.73388671875, 461.9524841308594]",hand_extended_duration
21.959349280786732,person_006,Suspicious Hand Activity,orange,0.7,research_rules,Hand gesture detected: left_wrist_near_head for 2.3s,"[643.9795532226562, 275.8990783691406, 755.2711791992188, 416.74810791015625]",hand_extended_duration
21.959349280786732,person_007,Suspicious Hand Activity,orange,0.7,research_rules,Hand gesture detected: left_wrist_near_head for 2.2s,"[493.6861267089844, 278.48077392578125, 615.0894775390625, 397.779541015625]",hand_extended_duration
24.158616431821518,person_004,Suspicious Hand Activity,orange,0.7,research_rules,Hand gesture detected: left_wrist_near_head for 1.0s,"[279.9975280761719, 278.6626892089844, 390.51422119140625, 444.025390625]",hand_extended_duration
24.25858312050492,person_004,Suspicious Hand Activity,orange,0.7,research_rules,Hand gesture detected: left_wrist_near_head for 1.1s,"[277.2525329589844, 277.09161376953125, 388.9711608886719, 440.3777770996094]",hand_extended_duration
24.358549809188318,person_004,Suspicious Hand Activity,orange,0.7,research_rules,Hand gesture detected: left_wrist_near_head for 1.2s,"[277.489013671875, 274.7983093261719, 386.97613525390625, 439.7420959472656]",hand_extended_duration
24.458516497871717,person_004,Suspicious Hand Activity,orange,0.7,research_rules,Hand gesture detected: left_wrist_near_head for 1.3s,"[275.4013671875, 272.4548034667969, 385.4159851074219, 438.57891845703125]",hand_extended_duration
24.558483186555115,person_004,Suspicious Hand Activity,orange,0.7,research_rules,Hand gesture detected: left_wrist_near_head for 1.4s,"[277.7861022949219, 270.3846740722656, 384.7669372558594, 437.921875]",hand_extended_duration
24.658449875238517,person_004,Suspicious Hand Activity,orange,0.7,research_rules,Hand gesture detected: left_wrist_near_head for 1.5s,"[277.6563720703125, 268.19775390625, 384.3391418457031, 436.221435546875]",hand_extended_duration
24.758416563921916,person_004,Suspicious Hand Activity,orange,0.7,research_rules,Hand gesture detected: left_wrist_near_head for 1.6s,"[278.7350158691406, 266.0353088378906, 384.923828125, 433.54058837890625]",hand_extended_duration
24.858383252605314,person_004,Suspicious Hand Activity,orange,0.7,research_rules,Hand gesture detected: left_wrist_near_head for 1.7s,"[277.9820861816406, 263.3639831542969, 382.8069763183594, 434.46002197265625]",hand_extended_duration
24.958349941288713,person_004,Suspicious Hand Activity,orange,0.7,research_rules,Hand gesture detected: left_wrist_near_head for 1.8s,"[278.1533203125, 260.6563415527344, 382.86279296875, 430.4225769042969]",hand_extended_duration
25.058316629972115,person_004,Suspicious Hand Activity,orange,0.7,research_rules,Hand gesture detected: left_wrist_near_head for 1.9s,"[276.578857421875, 257.0035705566406, 381.78375244140625, 424.2220764160156]",hand_extended_duration
25.158283318655513,person_004,Suspicious Hand Activity,orange,0.7,research_rules,Hand gesture detected: left_wrist_near_head for 2.0s,"[276.61309814453125, 253.5994110107422, 380.599609375, 423.7662048339844]",hand_extended_duration
25.258250007338912,person_004,Suspicious Hand Activity,orange,0.7,research_rules,Hand gesture detected: left_wrist_near_head for 2.1s,"[277.0570373535156, 248.91763305664062, 381.2386779785156, 418.8215026855469]",hand_extended_duration
25.35821669602231,person_004,Suspicious Hand Activity,orange,0.7,research_rules,Hand gesture detected: left_wrist_near_head for 2.2s,"[277.4108581542969, 240.9724578857422, 381.7729187011719, 413.59423828125]",hand_extended_duration
25.458183384705713,person_004,Suspicious Hand Activity,orange,0.7,research_rules,Hand gesture detected: left_wrist_near_head for 2.3s,"[277.96435546875, 233.1649932861328, 380.9925231933594, 411.8598327636719]",hand_extended_duration
25.55815007338911,person_004,Suspicious Hand Activity,orange,0.7,research_rules,Hand gesture detected: left_wrist_near_head for 2.4s,"[274.271484375, 227.2519989013672, 379.6822204589844, 407.7829284667969]",hand_extended_duration
25.65811676207251,person_004,Suspicious Hand Activity,orange,0.7,research_rules,Hand gesture detected: left_wrist_near_head for 2.5s,"[274.54925537109375, 223.14794921875, 380.27117919921875, 410.0265197753906]",hand_extended_duration
25.758083450755908,person_004,Suspicious Hand Activity,orange,0.7,research_rules,Hand gesture detected: left_wrist_near_head for 2.6s,"[272.548095703125, 219.3429718017578, 379.4749450683594, 401.3695373535156]",hand_extended_duration
25.85805013943931,person_004,Suspicious Hand Activity,orange,0.7,research_rules,Hand gesture detected: left_wrist_near_head for 2.7s,"[270.82867431640625, 215.8839874267578, 376.4734802246094, 407.9169921875]",hand_extended_duration
25.95801682812271,person_004,Suspicious Hand Activity,orange,0.7,research_rules,Hand gesture detected: left_wrist_near_head for 2.8s,"[263.18194580078125, 212.3020477294922, 374.5078125, 395.4799499511719]",hand_extended_duration
26.057983516806107,person_004,Suspicious Hand Activity,orange,0.7,research_rules,Hand gesture detected: left_wrist_near_head for 2.9s,"[251.42578125, 211.239990234375, 374.8029479980469, 390.39581298828125]",hand_extended_duration
26.157950205489506,person_004,Suspicious Hand Activity,orange,0.7,research_rules,Hand gesture detected: left_wrist_near_head for 3.0s,"[240.808349609375, 207.7791290283203, 373.8730163574219, 383.5707702636719]",hand_extended_duration
27.2575837810069,person_004,Suspicious Hand Activity,orange,0.7,research_rules,Hand gesture detected: left_wrist_near_head for 1.0s,"[244.47891235351562, 203.4575653076172, 357.9419860839844, 371.3110046386719]",hand_extended_duration
27.3575504696903,person_004,Suspicious Hand Activity,orange,0.7,research_rules,Hand gesture detected: left_wrist_near_head for 1.1s,"[245.39219665527344, 198.8646697998047, 356.5753479003906, 370.2969970703125]",hand_extended_duration
27.457517158373697,person_004,Suspicious Hand Activity,orange,0.7,research_rules,Hand gesture detected: left_wrist_near_head for 1.2s,"[248.6321563720703, 195.41372680664062, 355.3757019042969, 367.711181640625]",hand_extended_duration
27.5574838470571,person_004,Suspicious Hand Activity,orange,0.7,research_rules,Hand gesture detected: left_wrist_near_head for 1.3s,"[250.51260375976562, 191.7468719482422, 354.6913146972656, 366.26171875]",hand_extended_duration
27.657450535740498,person_004,Suspicious Hand Activity,orange,0.7,research_rules,Hand gesture detected: left_wrist_near_head for 1.4s,"[252.8743133544922, 189.15176391601562, 355.0932312011719, 366.2197265625]",hand_extended_duration
27.757417224423897,person_004,Suspicious Hand Activity,orange,0.7,research_rules,Hand gesture detected: left_wrist_near_head for 1.5s,"[253.9171142578125, 187.73989868164062, 355.6814270019531, 362.395263671875]",hand_extended_duration
27.857383913107295,person_004,Suspicious Hand Activity,orange,0.7,research_rules,Hand gesture detected: left_wrist_near_head for 1.6s,"[253.58042907714844, 188.63267517089844, 355.3463439941406, 365.64996337890625]",hand_extended_duration
27.957350601790697,person_004,Suspicious Hand Activity,orange,0.7,research_rules,Hand gesture detected: left_wrist_near_head for 1.7s,"[252.3378448486328, 190.02745056152344, 355.5527038574219, 365.7344665527344]",hand_extended_duration
28.057317290474096,person_004,Suspicious Hand Activity,orange,0.7,research_rules,Hand gesture detected: left_wrist_near_head for 1.8s,"[250.1599578857422, 194.16172790527344, 357.8246154785156, 362.99371337890625]",hand_extended_duration
28.157283979157494,person_004,Suspicious Hand Activity,orange,0.7,research_rules,Hand gesture detected: left_wrist_near_head for 1.9s,"[248.5405731201172, 196.45156860351562, 359.8239440917969, 364.95458984375]",hand_extended_duration
28.257250667840893,person_004,Suspicious Hand Activity,orange,0.7,research_rules,Hand gesture detected: left_wrist_near_head for 2.0s,"[247.26560974121094, 197.17344665527344, 363.1500244140625, 362.8322448730469]",hand_extended_duration
28.357217356524295,person_004,Suspicious Hand Activity,orange,0.7,research_rules,Hand gesture detected: left_wrist_near_head for 2.1s,"[245.13230895996094, 199.41763305664062, 360.4092102050781, 363.6126403808594]",hand_extended_duration
28.457184045207693,person_007,Suspicious Hand Activity,orange,0.7,research_rules,Hand gesture detected: left_wrist_near_head for 1.0s,"[471.4898376464844, 185.49501037597656, 591.0972900390625, 356.3797912597656]",hand_extended_duration
28.457184045207693,person_004,Suspicious Hand Activity,orange,0.7,research_rules,Hand gesture detected: left_wrist_near_head for 2.2s,"[244.3085479736328, 200.29653930664062, 372.4859924316406, 367.3971252441406]",hand_extended_duration
28.557150733891092,person_004,Suspicious Hand Activity,orange,0.7,research_rules,Hand gesture detected: left_wrist_near_head for 2.3s,"[243.9552764892578, 200.7953643798828, 370.29052734375, 365.577392578125]",hand_extended_duration
28.557150733891092,person_007,Suspicious Hand Activity,orange,0.7,research_rules,Hand gesture detected: left_wrist_near_head for 1.1s,"[467.42333984375, 185.5089874267578, 592.1806030273438, 359.7997131347656]",hand_extended_duration
28.65711742257449,person_003,Suspicious Hand Activity,orange,0.7,research_rules,Hand gesture detected: right_wrist_extended_arm_absolute for 1.0s,"[358.1835021972656, 323.4197082519531, 561.0355834960938, 574.0160522460938]",hand_extended_duration
28.65711742257449,person_007,Suspicious Hand Activity,orange,0.7,research_rules,Hand gesture detected: left_wrist_near_head for 1.2s,"[471.265625, 185.91246032714844, 589.9940795898438, 358.15289306640625]",hand_extended_duration
28.65711742257449,person_004,Suspicious Hand Activity,orange,0.7,research_rules,Hand gesture detected: left_wrist_near_head for 2.4s,"[243.6338348388672, 200.66845703125, 373.713623046875, 367.34503173828125]",hand_extended_duration
28.757084111257893,person_007,Suspicious Hand Activity,orange,0.7,research_rules,Hand gesture detected: left_wrist_near_head for 1.3s,"[468.980224609375, 185.9715118408203, 592.328369140625, 358.5285339355469]",hand_extended_duration
28.757084111257893,person_003,Suspicious Hand Activity,orange,0.7,research_rules,Hand gesture detected: left_wrist_near_head for 1.1s,"[356.3658142089844, 322.9385681152344, 560.6978759765625, 574.2330322265625]",hand_extended_duration
28.757084111257893,person_004,Suspicious Hand Activity,orange,0.7,research_rules,Hand gesture detected: left_wrist_near_head for 2.5s,"[243.0716094970703, 200.62559509277344, 365.7576599121094, 365.2726135253906]",hand_extended_duration
28.85705079994129,person_003,Suspicious Hand Activity,orange,0.7,research_rules,Hand gesture detected: left_wrist_near_head for 1.2s,"[354.81353759765625, 323.20654296875, 560.7973022460938, 573.9817504882812]",hand_extended_duration
28.85705079994129,person_007,Suspicious Hand Activity,orange,0.7,research_rules,Hand gesture detected: left_wrist_near_head for 1.4s,"[469.0010681152344, 186.7729034423828, 592.3441772460938, 359.925048828125]",hand_extended_duration
28.95701748862469,person_007,Suspicious Hand Activity,orange,0.7,research_rules,Hand gesture detected: left_wrist_near_head for 1.5s,"[470.3605651855469, 185.3920440673828, 590.7101440429688, 361.60211181640625]",hand_extended_duration
28.95701748862469,person_003,Suspicious Hand Activity,orange,0.7,research_rules,Hand gesture detected: left_wrist_near_head for 1.3s,"[353.980712890625, 325.3123474121094, 560.1967163085938, 574.2195434570312]",hand_extended_duration
29.056984177308088,person_007,Suspicious Hand Activity,orange,0.7,research_rules,Hand gesture detected: left_wrist_near_head for 1.6s,"[471.3162536621094, 183.60350036621094, 589.088623046875, 362.96234130859375]",hand_extended_duration
29.056984177308088,person_003,Suspicious Hand Activity,orange,0.7,research_rules,Hand gesture detected: left_wrist_near_head for 1.4s,"[353.5561218261719, 323.2467346191406, 559.5983276367188, 574.5087280273438]",hand_extended_duration
29.156950865991487,person_007,Suspicious Hand Activity,orange,0.7,research_rules,Hand gesture detected: left_wrist_near_head for 1.7s,"[471.89306640625, 182.54078674316406, 589.2667236328125, 361.10699462890625]",hand_extended_duration
29.156950865991487,person_003,Suspicious Hand Activity,orange,0.7,research_rules,Hand gesture detected: left_wrist_near_head for 1.5s,"[351.6725769042969, 321.2692565917969, 558.1223754882812, 573.9393920898438]",hand_extended_duration
29.25691755467489,person_007,Suspicious Hand Activity,orange,0.7,research_rules,Hand gesture detected: left_wrist_near_head for 1.8s,"[472.5133361816406, 182.6147918701172, 590.7117919921875, 360.25445556640625]",hand_extended_duration
29.25691755467489,person_003,Suspicious Hand Activity,orange,0.7,research_rules,Hand gesture detected: left_wrist_near_head for 1.6s,"[354.2637939453125, 322.72589111328125, 558.27099609375, 573.8590698242188]",hand_extended_duration
29.356884243358287,person_003,Suspicious Hand Activity,orange,0.7,research_rules,Hand gesture detected: left_wrist_near_head for 1.7s,"[352.1607360839844, 321.6830749511719, 558.3160400390625, 574.1408081054688]",hand_extended_duration
29.756750998091885,person_007,Suspicious Hand Activity,orange,0.7,research_rules,Hand gesture detected: left_wrist_near_head for 1.9s,"[474.6958923339844, 182.29556274414062, 590.3409423828125, 355.6280822753906]",hand_extended_duration
29.856717686775283,person_007,Suspicious Hand Activity,orange,0.7,research_rules,Hand gesture detected: left_wrist_near_head for 2.0s,"[475.0415954589844, 182.24745178222656, 590.2120971679688, 357.4707946777344]",hand_extended_duration
29.856717686775283,person_004,Suspicious Hand Activity,orange,0.7,research_rules,Hand gesture detected: left_wrist_near_head for 1.0s,"[214.800537109375, 200.98924255371094, 355.2504577636719, 364.41595458984375]",hand_extended_duration
29.956684375458682,person_007,Suspicious Hand Activity,orange,0.7,research_rules,Hand gesture detected: left_wrist_near_head for 2.1s,"[474.14892578125, 181.66424560546875, 590.5089111328125, 353.7865295410156]",hand_extended_duration
30.056651064142084,person_007,Suspicious Hand Activity,orange,0.7,research_rules,Hand gesture detected: left_wrist_near_head for 2.2s,"[472.8056335449219, 181.3170928955078, 587.4601440429688, 359.7004089355469]",hand_extended_duration
30.156617752825483,person_007,Suspicious Hand Activity,orange,0.7,research_rules,Hand gesture detected: left_wrist_near_head for 2.3s,"[472.32275390625, 181.04319763183594, 587.0079345703125, 359.9443664550781]",hand_extended_duration
30.25658444150888,person_007,Suspicious Hand Activity,orange,0.7,research_rules,Hand gesture detected: left_wrist_near_head for 2.4s,"[471.2490234375, 180.69329833984375, 586.8836059570312, 363.0004577636719]",hand_extended_duration
30.35655113019228,person_007,Suspicious Hand Activity,orange,0.7,research_rules,Hand gesture detected: left_wrist_near_head for 2.5s,"[471.5404968261719, 181.00694274902344, 588.0499877929688, 364.7911071777344]",hand_extended_duration
30.45651781887568,person_007,Suspicious Hand Activity,orange,0.7,research_rules,Hand gesture detected: left_wrist_near_head for 2.6s,"[472.0760803222656, 181.4211883544922, 587.1778564453125, 366.4402770996094]",hand_extended_duration
30.65645119624248,person_006,Suspicious Hand Activity,orange,0.7,research_rules,Hand gesture detected: left_wrist_near_head for 1.0s,"[615.9682006835938, 177.5413055419922, 726.7902221679688, 317.1486511230469]",hand_extended_duration
30.756417884925877,person_006,Suspicious Hand Activity,orange,0.7,research_rules,Hand gesture detected: left_wrist_near_head for 1.1s,"[618.0567626953125, 184.68321228027344, 726.8407592773438, 318.3678894042969]",hand_extended_duration
30.956351262292678,person_004,Suspicious Hand Activity,orange,0.7,research_rules,Hand gesture detected: left_wrist_near_head for 1.0s,"[247.4058074951172, 193.8140411376953, 362.7109069824219, 368.3726806640625]",hand_extended_duration
31.056317950976077,person_004,Suspicious Hand Activity,orange,0.7,research_rules,Hand gesture detected: left_wrist_near_head for 1.1s,"[247.56436157226562, 194.8726043701172, 365.95196533203125, 371.9548034667969]",hand_extended_duration
31.156284639659475,person_004,Suspicious Hand Activity,orange,0.7,research_rules,Hand gesture detected: left_wrist_near_head for 1.2s,"[247.6387176513672, 196.3976593017578, 367.969970703125, 370.76055908203125]",hand_extended_duration
31.256251328342877,person_004,Suspicious Hand Activity,orange,0.7,research_rules,Hand gesture detected: left_wrist_near_head for 1.3s,"[248.3289031982422, 196.513427734375, 370.31201171875, 373.4648132324219]",hand_extended_duration
31.356218017026276,person_004,Suspicious Hand Activity,orange,0.7,research_rules,Hand gesture detected: left_wrist_near_head for 1.4s,"[249.38394165039062, 197.4200897216797, 376.2545471191406, 383.08660888671875]",hand_extended_duration
31.456184705709674,person_004,Suspicious Hand Activity,orange,0.7,research_rules,Hand gesture detected: left_wrist_near_head for 1.5s,"[249.51419067382812, 198.6518096923828, 374.6306457519531, 385.0097351074219]",hand_extended_duration
31.556151394393073,person_004,Suspicious Hand Activity,orange,0.7,research_rules,Hand gesture detected: left_wrist_near_head for 1.6s,"[248.87881469726562, 200.4916534423828, 373.77227783203125, 373.0103454589844]",hand_extended_duration
31.656118083076475,person_004,Suspicious Hand Activity,orange,0.7,research_rules,Hand gesture detected: left_wrist_near_head for 1.7s,"[243.39073181152344, 202.55332946777344, 374.2585144042969, 380.5191955566406]",hand_extended_duration
31.756084771759873,person_003,Suspicious Hand Activity,orange,0.7,research_rules,Hand gesture detected: left_wrist_near_head for 1.0s,"[347.01739501953125, 325.779052734375, 556.1466064453125, 573.271240234375]",hand_extended_duration
31.756084771759873,person_004,Suspicious Hand Activity,orange,0.7,research_rules,Hand gesture detected: left_wrist_near_head for 1.8s,"[233.13865661621094, 205.54019165039062, 373.2991638183594, 356.0437927246094]",hand_extended_duration
31.856051460443272,person_003,Suspicious Hand Activity,orange,0.7,research_rules,Hand gesture detected: left_wrist_near_head for 1.1s,"[346.2729187011719, 326.8528747558594, 557.614990234375, 573.3536376953125]",hand_extended_duration
31.856051460443272,person_004,Suspicious Hand Activity,orange,0.7,research_rules,Hand gesture detected: left_wrist_near_head for 1.9s,"[226.635009765625, 209.74966430664062, 367.94384765625, 390.200927734375]",hand_extended_duration
31.95601814912667,person_003,Suspicious Hand Activity,orange,0.7,research_rules,Hand gesture detected: left_wrist_near_head for 1.2s,"[347.8503112792969, 333.7723388671875, 557.5021362304688, 573.0313720703125]",hand_extended_duration
31.95601814912667,person_004,Suspicious Hand Activity,orange,0.7,research_rules,Hand gesture detected: left_wrist_near_head for 2.0s,"[226.9675750732422, 217.23399353027344, 364.3539123535156, 396.858154296875]",hand_extended_duration
32.05598483781007,person_003,Suspicious Hand Activity,orange,0.7,research_rules,Hand gesture detected: right_wrist_extended_arm_absolute for 1.3s,"[348.713134765625, 337.3078308105469, 557.4464721679688, 572.1449584960938]",hand_extended_duration
32.05598483781007,person_004,Suspicious Hand Activity,orange,0.7,research_rules,Hand gesture detected: left_wrist_near_head for 2.1s,"[228.8954620361328, 225.6326141357422, 357.4076843261719, 387.936767578125]",hand_extended_duration
32.15595152649347,person_003,Suspicious Hand Activity,orange,0.7,research_rules,Hand gesture detected: left_wrist_near_head for 1.4s,"[348.4554748535156, 340.6327819824219, 558.4977416992188, 572.404296875]",hand_extended_duration
32.15595152649347,person_004,Suspicious Hand Activity,orange,0.7,research_rules,Hand gesture detected: left_wrist_near_head for 2.2s,"[232.1100616455078, 234.50088500976562, 357.8732604980469, 394.4794921875]",hand_extended_duration
32.25591821517687,person_003,Suspicious Hand Activity,orange,0.7,research_rules,Hand gesture detected: left_wrist_near_head for 1.5s,"[347.0773010253906, 342.36181640625, 558.1881713867188, 573.1901245117188]",hand_extended_duration
32.25591821517687,person_004,Suspicious Hand Activity,orange,0.7,research_rules,Hand gesture detected: left_wrist_near_head for 2.3s,"[232.5102081298828, 242.9862518310547, 361.7218322753906, 388.6177673339844]",hand_extended_duration
32.35588490386027,person_004,Suspicious Hand Activity,orange,0.7,research_rules,Hand gesture detected: left_wrist_near_head for 2.4s,"[230.90635681152344, 248.982421875, 353.1473693847656, 384.3988342285156]",hand_extended_duration
34.355218677528256,person_002,Suspicious Hand Activity,orange,0.7,research_rules,Hand gesture detected: right_wrist_extended_arm_absolute for 1.0s,"[547.91650390625, 340.1803283691406, 722.82958984375, 573.3743896484375]",hand_extended_duration
34.45518536621166,person_002,Suspicious Hand Activity,orange,0.7,research_rules,Hand gesture detected: left_wrist_near_head for 1.1s,"[547.4669799804688, 339.2605285644531, 721.6867065429688, 571.9679565429688]",hand_extended_duration
34.55515205489505,person_002,Suspicious Hand Activity,orange,0.7,research_rules,Hand gesture detected: left_wrist_near_head for 1.2s,"[547.5045166015625, 344.36138916015625, 720.7911987304688, 524.3134155273438]",hand_extended_duration
34.655118743578456,person_002,Suspicious Hand Activity,orange,0.7,research_rules,Hand gesture detected: left_wrist_near_head for 1.3s,"[547.6807250976562, 344.4209899902344, 721.237060546875, 521.59521484375]",hand_extended_duration
34.75508543226186,person_002,Suspicious Hand Activity,orange,0.7,research_rules,Hand gesture detected: left_wrist_near_head for 1.4s,"[547.2685546875, 347.8863830566406, 721.4705200195312, 524.0176391601562]",hand_extended_duration
34.85505212094525,person_002,Suspicious Hand Activity,orange,0.7,research_rules,Hand gesture detected: left_wrist_near_head for 1.5s,"[547.1100463867188, 346.3006286621094, 721.27587890625, 523.5912475585938]",hand_extended_duration
34.955018809628655,person_002,Suspicious Hand Activity,orange,0.7,research_rules,Hand gesture detected: left_wrist_near_head for 1.6s,"[546.2828979492188, 347.1033020019531, 723.36962890625, 571.6466674804688]",hand_extended_duration
35.05498549831205,person_002,Suspicious Hand Activity,orange,0.7,research_rules,Hand gesture detected: left_wrist_near_head for 1.7s,"[544.5563354492188, 346.8518371582031, 722.1998901367188, 570.2432861328125]",hand_extended_duration
35.15495218699545,person_002,Suspicious Hand Activity,orange,0.7,research_rules,Hand gesture detected: left_wrist_near_head for 1.8s,"[543.6090698242188, 351.4530029296875, 722.2178955078125, 570.1233520507812]",hand_extended_duration
35.254918875678854,person_002,Suspicious Hand Activity,orange,0.7,research_rules,Hand gesture detected: left_wrist_near_head for 1.9s,"[546.4122924804688, 354.94671630859375, 721.3803100585938, 528.7445678710938]",hand_extended_duration
35.35488556436225,person_002,Suspicious Hand Activity,orange,0.7,research_rules,Hand gesture detected: left_wrist_near_head for 2.0s,"[548.5059814453125, 355.48223876953125, 722.01416015625, 526.8436889648438]",hand_extended_duration
35.45485225304565,person_002,Suspicious Hand Activity,orange,0.7,research_rules,Hand gesture detected: left_wrist_near_head for 2.1s,"[549.0009765625, 350.1813659667969, 723.9767456054688, 534.8737182617188]",hand_extended_duration
35.554818941729046,person_002,Suspicious Hand Activity,orange,0.7,research_rules,Hand gesture detected: left_wrist_near_head for 2.2s,"[552.1111450195312, 352.0759582519531, 725.0255737304688, 563.8131103515625]",hand_extended_duration
35.65478563041245,person_002,Suspicious Hand Activity,orange,0.7,research_rules,Hand gesture detected: left_wrist_near_head for 2.3s,"[553.15087890625, 358.8219299316406, 724.1044311523438, 566.2451782226562]",hand_extended_duration
35.75475231909585,person_002,Suspicious Hand Activity,orange,0.7,research_rules,Hand gesture detected: left_wrist_near_head for 2.4s,"[555.4968872070312, 356.7323303222656, 724.2396850585938, 571.2548217773438]",hand_extended_duration
35.854719007779245,person_002,Suspicious Hand Activity,orange,0.7,research_rules,Hand gesture detected: left_wrist_near_head for 2.5s,"[554.6007690429688, 360.43701171875, 724.5657348632812, 569.6405639648438]",hand_extended_duration
35.95468569646265,person_002,Suspicious Hand Activity,orange,0.7,research_rules,Hand gesture detected: left_wrist_near_head for 2.6s,"[555.9244995117188, 366.0985412597656, 726.0888061523438, 572.1730346679688]",hand_extended_duration
36.05465238514605,person_002,Suspicious Hand Activity,orange,0.7,research_rules,Hand gesture detected: left_wrist_near_head for 2.7s,"[556.5924682617188, 372.780517578125, 725.3179931640625, 558.954345703125]",hand_extended_duration
36.154619073829444,person_002,Suspicious Hand Activity,orange,0.7,research_rules,Hand gesture detected: left_wrist_near_head for 2.8s,"[557.5740356445312, 375.39593505859375, 727.2496948242188, 547.9091796875]",hand_extended_duration
36.254585762512846,person_002,Suspicious Hand Activity,orange,0.7,research_rules,Hand gesture detected: left_wrist_near_head for 2.9s,"[557.2676391601562, 386.8221130371094, 730.9503784179688, 549.692138671875]",hand_extended_duration
37.55415271539704,person_007,Suspicious Hand Activity,orange,0.7,research_rules,Hand gesture detected: left_wrist_near_head for 1.0s,"[491.8597106933594, 303.7142028808594, 607.187255859375, 509.008544921875]",hand_extended_duration
37.65411940408044,person_007,Suspicious Hand Activity,orange,0.7,research_rules,Hand gesture detected: left_wrist_near_head for 1.1s,"[492.98736572265625, 305.5480651855469, 611.127685546875, 505.1748046875]",hand_extended_duration
37.754086092763835,person_007,Suspicious Hand Activity,orange,0.7,research_rules,Hand gesture detected: left_wrist_near_head for 1.2s,"[494.167724609375, 306.3221130371094, 617.947998046875, 495.8169860839844]",hand_extended_duration
37.85405278144724,person_007,Suspicious Hand Activity,orange,0.7,research_rules,Hand gesture detected: left_wrist_near_head for 1.3s,"[495.5082092285156, 307.8553161621094, 621.2367553710938, 497.03033447265625]",hand_extended_duration
37.85405278144724,person_003,Suspicious Hand Activity,orange,0.7,research_rules,Hand gesture detected: left_wrist_near_head for 1.0s,"[347.8243103027344, 429.55224609375, 567.7274780273438, 574.61962890625]",hand_extended_duration
37.95401947013063,person_007,Suspicious Hand Activity,orange,0.7,research_rules,Hand gesture detected: left_wrist_near_head for 1.4s,"[496.1988220214844, 309.693359375, 618.6201171875, 498.4299011230469]",hand_extended_duration
37.95401947013063,person_003,Suspicious Hand Activity,orange,0.7,research_rules,Hand gesture detected: left_wrist_near_head for 1.1s,"[343.8428039550781, 429.982421875, 567.4376831054688, 574.7201538085938]",hand_extended_duration
37.95401947013063,person_004,Suspicious Hand Activity,orange,0.7,research_rules,Hand gesture detected: left_wrist_near_head for 1.0s,"[260.0677490234375, 313.7135925292969, 383.7102966308594, 476.8708190917969]",hand_extended_duration
38.053986158814034,person_004,Suspicious Hand Activity,orange,0.7,research_rules,Hand gesture detected: left_wrist_near_head for 1.1s,"[261.442138671875, 311.02423095703125, 389.1766052246094, 477.0126037597656]",hand_extended_duration
38.053986158814034,person_003,Suspicious Hand Activity,orange,0.7,research_rules,Hand gesture detected: left_wrist_near_head for 1.2s,"[372.98065185546875, 426.51104736328125, 565.6605834960938, 573.943359375]",hand_extended_duration
38.153952847497436,person_003,Suspicious Hand Activity,orange,0.7,research_rules,Hand gesture detected: left_wrist_near_head for 1.3s,"[368.0306701660156, 422.7012634277344, 564.3075561523438, 573.7457885742188]",hand_extended_duration
38.153952847497436,person_004,Suspicious Hand Activity,orange,0.7,research_rules,Hand gesture detected: left_wrist_near_head for 1.2s,"[262.89483642578125, 307.7937927246094, 401.14404296875, 478.443115234375]",hand_extended_duration
38.25391953618083,person_004,Suspicious Hand Activity,orange,0.7,research_rules,Hand gesture detected: left_wrist_near_head for 1.3s,"[262.3412780761719, 302.43963623046875, 400.9799499511719, 480.3343811035156]",hand_extended_duration
38.25391953618083,person_003,Suspicious Hand Activity,orange,0.7,research_rules,Hand gesture detected: left_wrist_near_head for 1.4s,"[367.9819030761719, 416.32373046875, 563.3302001953125, 573.4843139648438]",hand_extended_duration
38.35388622486423,person_004,Suspicious Hand Activity,orange,0.7,research_rules,Hand gesture detected: left_wrist_near_head for 1.4s,"[261.41973876953125, 298.6836853027344, 393.0335998535156, 481.9098815917969]",hand_extended_duration
38.35388622486423,person_003,Suspicious Hand Activity,orange,0.7,research_rules,Hand gesture detected: left_wrist_near_head for 1.5s,"[367.14984130859375, 406.5968933105469, 565.0, 573.4228515625]",hand_extended_duration
38.45385291354763,person_003,Suspicious Hand Activity,orange,0.7,research_rules,Hand gesture detected: left_wrist_near_head for 1.6s,"[362.58636474609375, 403.0021667480469, 562.9564819335938, 574.03564453125]",hand_extended_duration
38.45385291354763,person_004,Suspicious Hand Activity,orange,0.7,research_rules,Hand gesture detected: left_wrist_near_head for 1.5s,"[259.95538330078125, 296.17724609375, 383.44415283203125, 483.9815979003906]",hand_extended_duration
38.55381960223103,person_004,Suspicious Hand Activity,orange,0.7,research_rules,Hand gesture detected: left_wrist_near_head for 1.6s,"[259.4099426269531, 295.52325439453125, 386.2059326171875, 482.9413757324219]",hand_extended_duration
38.55381960223103,person_003,Suspicious Hand Activity,orange,0.7,research_rules,Hand gesture detected: left_wrist_near_head for 1.7s,"[361.0444030761719, 405.8223571777344, 562.334228515625, 575.0587158203125]",hand_extended_duration
38.65378629091443,person_004,Suspicious Hand Activity,orange,0.7,research_rules,Hand gesture detected: left_wrist_near_head for 1.7s,"[259.0956726074219, 295.888916015625, 383.9306335449219, 480.6827697753906]",hand_extended_duration
38.65378629091443,person_003,Suspicious Hand Activity,orange,0.7,research_rules,Hand gesture detected: left_wrist_near_head for 1.8s,"[357.2408752441406, 406.771484375, 560.6337280273438, 575.2029418945312]",hand_extended_duration
38.75375297959783,person_003,Suspicious Hand Activity,orange,0.7,research_rules,Hand gesture detected: left_wrist_near_head for 1.9s,"[355.37353515625, 405.5293884277344, 559.2081298828125, 575.2247314453125]",hand_extended_duration
38.75375297959783,person_004,Suspicious Hand Activity,orange,0.7,research_rules,Hand gesture detected: left_wrist_near_head for 1.8s,"[257.21978759765625, 295.528564453125, 382.0458679199219, 479.42486572265625]",hand_extended_duration
38.85371966828123,person_004,Suspicious Hand Activity,orange,0.7,research_rules,Hand gesture detected: left_wrist_near_head for 1.9s,"[255.03257751464844, 295.6481018066406, 382.1357421875, 472.76708984375]",hand_extended_duration
38.95368635696463,person_004,Suspicious Hand Activity,orange,0.7,research_rules,Hand gesture detected: left_wrist_near_head for 2.0s,"[254.926025390625, 295.3580627441406, 379.6259765625, 471.21759033203125]",hand_extended_duration
39.053653045648026,person_004,Suspicious Hand Activity,orange,0.7,research_rules,Hand gesture detected: left_wrist_near_head for 2.1s,"[252.55955505371094, 293.861572265625, 383.9820251464844, 470.5987243652344]",hand_extended_duration
39.15361973433143,person_004,Suspicious Hand Activity,orange,0.7,research_rules,Hand gesture detected: left_wrist_near_head for 2.2s,"[253.08169555664062, 291.7096862792969, 383.1065368652344, 466.79345703125]",hand_extended_duration
39.353553111698226,person_007,Suspicious Hand Activity,orange,0.7,research_rules,Hand gesture detected: left_wrist_near_head for 1.0s,"[486.2101745605469, 300.0948486328125, 606.42529296875, 513.68212890625]",hand_extended_duration
39.353553111698226,person_004,Suspicious Hand Activity,orange,0.7,research_rules,Hand gesture detected: left_wrist_near_head for 2.3s,"[248.6936492919922, 285.4814147949219, 378.5158386230469, 466.8622741699219]",hand_extended_duration
39.45351980038163,person_004,Suspicious Hand Activity,orange,0.7,research_rules,Hand gesture detected: left_wrist_near_head for 2.4s,"[247.78257751464844, 283.03564453125, 382.204345703125, 465.88214111328125]",hand_extended_duration
39.45351980038163,person_007,Suspicious Hand Activity,orange,0.7,research_rules,Hand gesture detected: left_wrist_near_head for 1.1s,"[486.18310546875, 298.5049743652344, 606.04345703125, 508.044921875]",hand_extended_duration
39.55348648906502,person_004,Suspicious Hand Activity,orange,0.7,research_rules,Hand gesture detected: left_wrist_near_head for 2.5s,"[250.34068298339844, 281.9654846191406, 382.185791015625, 468.3834533691406]",hand_extended_duration
39.55348648906502,person_007,Suspicious Hand Activity,orange,0.7,research_rules,Hand gesture detected: left_wrist_near_head for 1.2s,"[483.8158264160156, 296.4864196777344, 605.3012084960938, 510.35089111328125]",hand_extended_duration
39.653453177748425,person_004,Suspicious Hand Activity,orange,0.7,research_rules,Hand gesture detected: left_wrist_near_head for 2.6s,"[252.0371551513672, 280.70782470703125, 380.5068054199219, 467.4911193847656]",hand_extended_duration
39.653453177748425,person_007,Suspicious Hand Activity,orange,0.7,research_rules,Hand gesture detected: left_wrist_near_head for 1.3s,"[484.46563720703125, 296.2070007324219, 604.5652465820312, 532.9116821289062]",hand_extended_duration
39.75341986643183,person_007,Suspicious Hand Activity,orange,0.7,research_rules,Hand gesture detected: left_wrist_near_head for 1.4s,"[484.74951171875, 294.1469421386719, 604.5048217773438, 548.2920532226562]",hand_extended_duration
39.85338655511522,person_007,Suspicious Hand Activity,orange,0.7,research_rules,Hand gesture detected: left_wrist_near_head for 1.5s,"[485.46075439453125, 292.43194580078125, 603.49072265625, 529.6165161132812]",hand_extended_duration
39.953353243798624,person_007,Suspicious Hand Activity,orange,0.7,research_rules,Hand gesture detected: left_wrist_near_head for 1.6s,"[485.46612548828125, 291.72198486328125, 602.14990234375, 539.0819702148438]",hand_extended_duration
40.05331993248202,person_003,Suspicious Hand Activity,orange,0.7,research_rules,Hand gesture detected: left_wrist_near_head for 1.0s,"[345.0198669433594, 385.5902404785156, 549.3524780273438, 573.35009765625]",hand_extended_duration
40.05331993248202,person_007,Suspicious Hand Activity,orange,0.7,research_rules,Hand gesture detected: left_wrist_near_head for 1.7s,"[485.9193420410156, 291.4059143066406, 601.4755249023438, 505.9272155761719]",hand_extended_duration
40.15328662116542,person_003,Suspicious Hand Activity,orange,0.7,research_rules,Hand gesture detected: left_wrist_near_head for 1.1s,"[344.8189697265625, 383.2286682128906, 548.9835815429688, 573.0751342773438]",hand_extended_duration
40.15328662116542,person_007,Suspicious Hand Activity,orange,0.7,research_rules,Hand gesture detected: left_wrist_near_head for 1.8s,"[485.7591857910156, 289.59014892578125, 602.0219116210938, 494.0199279785156]",hand_extended_duration
40.25325330984882,person_003,Suspicious Hand Activity,orange,0.7,research_rules,Hand gesture detected: left_wrist_near_head for 1.2s,"[346.5771484375, 381.3623046875, 550.2677001953125, 572.7289428710938]",hand_extended_duration
40.25325330984882,person_007,Suspicious Hand Activity,orange,0.7,research_rules,Hand gesture detected: left_wrist_near_head for 1.9s,"[485.47412109375, 287.357421875, 601.8944702148438, 478.35723876953125]",hand_extended_duration
40.35321999853222,person_003,Suspicious Hand Activity,orange,0.7,research_rules,Hand gesture detected: left_wrist_near_head for 1.3s,"[348.1056213378906, 380.62420654296875, 550.6742553710938, 572.5863647460938]",hand_extended_duration
40.35321999853222,person_006,Suspicious Hand Activity,orange,0.7,research_rules,Hand gesture detected: left_wrist_near_head for 1.0s,"[712.3016357421875, 229.6061553955078, 808.9782104492188, 411.2914123535156]",hand_extended_duration
40.35321999853222,person_007,Suspicious Hand Activity,orange,0.7,research_rules,Hand gesture detected: left_wrist_near_head for 2.0s,"[488.9988708496094, 283.802001953125, 602.900146484375, 476.361083984375]",hand_extended_duration
40.45318668721562,person_003,Suspicious Hand Activity,orange,0.7,research_rules,Hand gesture detected: left_wrist_near_head for 1.4s,"[348.8651123046875, 379.74365234375, 552.66650390625, 573.9796142578125]",hand_extended_duration
40.45318668721562,person_006,Suspicious Hand Activity,orange,0.7,research_rules,Hand gesture detected: left_wrist_near_head for 1.1s,"[712.0038452148438, 228.018310546875, 809.7299194335938, 408.504638671875]",hand_extended_duration
40.45318668721562,person_007,Suspicious Hand Activity,orange,0.7,research_rules,Hand gesture detected: left_wrist_near_head for 2.1s,"[492.0865173339844, 284.370849609375, 603.8251953125, 486.82525634765625]",hand_extended_duration
40.55315337589902,person_007,Suspicious Hand Activity,orange,0.7,research_rules,Hand gesture detected: left_wrist_near_head for 2.2s,"[493.2432556152344, 285.30126953125, 605.0651245117188, 484.1659240722656]",hand_extended_duration
40.55315337589902,person_006,Suspicious Hand Activity,orange,0.7,research_rules,Hand gesture detected: left_wrist_near_head for 1.2s,"[714.3291015625, 226.820556640625, 810.5322265625, 408.2804260253906]",hand_extended_duration
40.55315337589902,person_003,Suspicious Hand Activity,orange,0.7,research_rules,Hand gesture detected: left_wrist_near_head for 1.5s,"[351.34686279296875, 378.3348083496094, 554.4646606445312, 574.072509765625]",hand_extended_duration
40.65312006458242,person_007,Suspicious Hand Activity,orange,0.7,research_rules,Hand gesture detected: left_wrist_near_head for 2.3s,"[494.1123046875, 283.720947265625, 607.1701049804688, 486.4493713378906]",hand_extended_duration
40.65312006458242,person_006,Suspicious Hand Activity,orange,0.7,research_rules,Hand gesture detected: left_wrist_near_head for 1.3s,"[715.872314453125, 224.6162567138672, 811.1652221679688, 407.650634765625]",hand_extended_duration
40.65312006458242,person_003,Suspicious Hand Activity,orange,0.7,research_rules,Hand gesture detected: left_wrist_near_head for 1.6s,"[354.46136474609375, 377.4900207519531, 555.1615600585938, 573.173828125]",hand_extended_duration
40.65312006458242,person_002,Suspicious Hand Activity,orange,0.7,research_rules,Hand gesture detected: left_wrist_near_head for 1.0s,"[561.7789306640625, 367.5186767578125, 750.2423706054688, 572.3194580078125]",hand_extended_duration
40.75308675326582,person_007,Suspicious Hand Activity,orange,0.7,research_rules,Hand gesture detected: left_wrist_near_head for 2.4s,"[492.5799865722656, 282.4645080566406, 609.1796264648438, 485.0862731933594]",hand_extended_duration
40.75308675326582,person_003,Suspicious Hand Activity,orange,0.7,research_rules,Hand gesture detected: left_wrist_near_head for 1.7s,"[356.0785827636719, 373.9142761230469, 555.586669921875, 572.7605590820312]",hand_extended_duration
40.75308675326582,person_006,Suspicious Hand Activity,orange,0.7,research_rules,Hand gesture detected: left_wrist_near_head for 1.4s,"[715.969482421875, 222.2888641357422, 813.1445922851562, 405.70806884765625]",hand_extended_duration
40.75308675326582,person_002,Suspicious Hand Activity,orange,0.7,research_rules,Hand gesture detected: right_wrist_extended_arm_absolute for 1.1s,"[564.70703125, 339.638916015625, 753.4974975585938, 570.1674194335938]",hand_extended_duration
40.853053441949214,person_003,Suspicious Hand Activity,orange,0.7,research_rules,Hand gesture detected: left_wrist_near_head for 1.8s,"[358.27056884765625, 373.9163513183594, 557.489013671875, 572.8244018554688]",hand_extended_duration
40.853053441949214,person_007,Suspicious Hand Activity,orange,0.7,research_rules,Hand gesture detected: left_wrist_near_head for 2.5s,"[499.73175048828125, 280.5299987792969, 609.6054077148438, 481.6958923339844]",hand_extended_duration
40.853053441949214,person_006,Suspicious Hand Activity,orange,0.7,research_rules,Hand gesture detected: left_wrist_near_head for 1.5s,"[715.3697509765625, 219.1762237548828, 814.5775756835938, 398.8885192871094]",hand_extended_duration
40.853053441949214,person_002,Suspicious Hand Activity,orange,0.7,research_rules,Hand gesture detected: left_wrist_near_head for 1.2s,"[565.5973510742188, 313.3520202636719, 754.9507446289062, 573.8511352539062]",hand_extended_duration
40.953020130632616,person_003,Suspicious Hand Activity,orange,0.7,research_rules,Hand gesture detected: left_wrist_near_head for 1.9s,"[357.96630859375, 375.6028747558594, 559.4246215820312, 572.7662963867188]",hand_extended_duration
40.953020130632616,person_007,Suspicious Hand Activity,orange,0.7,research_rules,Hand gesture detected: left_wrist_near_head for 2.6s,"[499.4841003417969, 279.2787780761719, 617.1565551757812, 482.489501953125]",hand_extended_duration
40.953020130632616,person_002,Suspicious Hand Activity,orange,0.7,research_rules,Hand gesture detected: left_wrist_near_head for 1.3s,"[565.9630737304688, 310.02490234375, 754.9849853515625, 569.31982421875]",hand_extended_duration
40.953020130632616,person_006,Suspicious Hand Activity,orange,0.7,research_rules,Hand gesture detected: left_wrist_near_head for 1.6s,"[710.8478393554688, 216.30728149414062, 816.7286987304688, 390.0030822753906]",hand_extended_duration
41.05298681931602,person_003,Suspicious Hand Activity,orange,0.7,research_rules,Hand gesture detected: left_wrist_near_head for 2.0s,"[359.4710388183594, 375.5111999511719, 563.7472534179688, 573.3217163085938]",hand_extended_duration
41.05298681931602,person_006,Suspicious Hand Activity,orange,0.7,research_rules,Hand gesture detected: left_wrist_near_head for 1.7s,"[714.4542846679688, 213.00332641601562, 819.7658081054688, 390.8748474121094]",hand_extended_duration
41.05298681931602,person_007,Suspicious Hand Activity,orange,0.7,research_rules,Hand gesture detected: left_wrist_near_head for 2.7s,"[499.0682678222656, 276.3695373535156, 620.7098999023438, 462.5594787597656]",hand_extended_duration
41.05298681931602,person_002,Suspicious Hand Activity,orange,0.7,research_rules,Hand gesture detected: left_wrist_near_head for 1.4s,"[570.0735473632812, 307.5333557128906, 759.2384033203125, 544.198486328125]",hand_extended_duration
41.15295350799941,person_003,Suspicious Hand Activity,orange,0.7,research_rules,Hand gesture detected: left_wrist_near_head for 2.1s,"[358.885986328125, 372.5713806152344, 565.1265258789062, 573.4679565429688]",hand_extended_duration
41.15295350799941,person_007,Suspicious Hand Activity,orange,0.7,research_rules,Hand gesture detected: left_wrist_near_head for 2.8s,"[501.44464111328125, 275.3805847167969, 615.74169921875, 461.39892578125]",hand_extended_duration
41.15295350799941,person_002,Suspicious Hand Activity,orange,0.7,research_rules,Hand gesture detected: left_wrist_near_head for 1.5s,"[572.7130737304688, 313.9291687011719, 761.7646484375, 534.9295654296875]",hand_extended_duration
41.252920196682815,person_007,Suspicious Hand Activity,orange,0.7,research_rules,Hand gesture detected: left_wrist_near_head for 2.9s,"[501.3008728027344, 274.4720764160156, 617.1161499023438, 460.69879150390625]",hand_extended_duration
41.252920196682815,person_003,Suspicious Hand Activity,orange,0.7,research_rules,Hand gesture detected: left_wrist_near_head for 2.2s,"[359.0623474121094, 370.79449462890625, 566.577392578125, 573.604248046875]",hand_extended_duration
41.252920196682815,person_002,Suspicious Hand Activity,orange,0.7,research_rules,Hand gesture detected: left_wrist_near_head for 1.6s,"[573.9613647460938, 359.9620056152344, 761.8038940429688, 531.5579223632812]",hand_extended_duration
41.35288688536621,person_003,Suspicious Hand Activity,orange,0.7,research_rules,Hand gesture detected: left_wrist_near_head for 2.3s,"[360.90478515625, 369.0947265625, 568.0505981445312, 573.5946655273438]",hand_extended_duration
41.35288688536621,person_002,Suspicious Hand Activity,orange,0.7,research_rules,Hand gesture detected: left_wrist_near_head for 1.7s,"[576.3590698242188, 359.1852722167969, 763.4591064453125, 528.7180786132812]",hand_extended_duration
41.45285357404961,person_002,Suspicious Hand Activity,orange,0.7,research_rules,Hand gesture detected: left_wrist_near_head for 1.8s,"[576.8118286132812, 360.5402526855469, 763.8381958007812, 525.4071655273438]",hand_extended_duration
41.45285357404961,person_003,Suspicious Hand Activity,orange,0.7,research_rules,Hand gesture detected: left_wrist_near_head for 2.4s,"[363.0846252441406, 367.34771728515625, 567.9163818359375, 574.5197143554688]",hand_extended_duration
41.552820262733015,person_003,Suspicious Hand Activity,orange,0.7,research_rules,Hand gesture detected: left_wrist_near_head for 2.5s,"[363.0540466308594, 365.6257019042969, 569.4104614257812, 574.68701171875]",hand_extended_duration
41.552820262733015,person_002,Suspicious Hand Activity,orange,0.7,research_rules,Hand gesture detected: left_wrist_near_head for 1.9s,"[577.6077270507812, 360.60394287109375, 765.7898559570312, 525.0535278320312]",hand_extended_duration
41.552820262733015,person_006,Suspicious Hand Activity,orange,0.7,research_rules,Hand gesture detected: left_wrist_near_head for 1.8s,"[719.9234619140625, 199.743408203125, 826.0313720703125, 382.4670104980469]",hand_extended_duration
41.65278695141641,person_002,Suspicious Hand Activity,orange,0.7,research_rules,Hand gesture detected: left_wrist_near_head for 2.0s,"[577.7603759765625, 357.3861999511719, 769.0414428710938, 523.1663208007812]",hand_extended_duration
41.65278695141641,person_006,Suspicious Hand Activity,orange,0.7,research_rules,Hand gesture detected: left_wrist_near_head for 1.9s,"[720.3772583007812, 197.87939453125, 827.0906372070312, 378.3623962402344]",hand_extended_duration
41.65278695141641,person_003,Suspicious Hand Activity,orange,0.7,research_rules,Hand gesture detected: left_wrist_near_head for 2.6s,"[367.5154724121094, 361.8191833496094, 571.3080444335938, 573.6635131835938]",hand_extended_duration
41.75275364009981,person_003,Suspicious Hand Activity,orange,0.7,research_rules,Hand gesture detected: left_wrist_near_head for 2.7s,"[368.406494140625, 362.68658447265625, 572.4484252929688, 574.5634155273438]",hand_extended_duration
41.75275364009981,person_006,Suspicious Hand Activity,orange,0.7,research_rules,Hand gesture detected: left_wrist_near_head for 2.0s,"[726.1575317382812, 196.2095184326172, 828.53076171875, 378.45220947265625]",hand_extended_duration
41.75275364009981,person_002,Suspicious Hand Activity,orange,0.7,research_rules,Hand gesture detected: left_wrist_near_head for 2.1s,"[577.8920288085938, 356.1095886230469, 770.2578125, 573.8578491210938]",hand_extended_duration
41.852720328783214,person_002,Suspicious Hand Activity,orange,0.7,research_rules,Hand gesture detected: left_wrist_near_head for 2.2s,"[580.2003784179688, 353.72412109375, 770.7939453125, 574.0953979492188]",hand_extended_duration
41.852720328783214,person_003,Suspicious Hand Activity,orange,0.7,research_rules,Hand gesture detected: left_wrist_near_head for 2.8s,"[370.1600646972656, 359.3809814453125, 573.4313354492188, 573.3212280273438]",hand_extended_duration
41.852720328783214,person_006,Suspicious Hand Activity,orange,0.7,research_rules,Hand gesture detected: left_wrist_near_head for 2.1s,"[729.8290405273438, 193.45811462402344, 829.4899291992188, 361.6299743652344]",hand_extended_duration
41.95268701746661,person_003,Suspicious Hand Activity,orange,0.7,research_rules,Hand gesture detected: left_wrist_near_head for 2.9s,"[371.03021240234375, 358.1386413574219, 573.9664916992188, 573.5099487304688]",hand_extended_duration
42.05265370615001,person_006,Suspicious Hand Activity,orange,0.7,research_rules,Hand gesture detected: left_wrist_near_head for 2.2s,"[730.8243408203125, 190.6918182373047, 830.88330078125, 366.8381042480469]",hand_extended_duration
42.05265370615001,person_003,Suspicious Hand Activity,orange,0.7,research_rules,Hand gesture detected: left_wrist_near_head for 3.0s,"[372.9965515136719, 354.0029602050781, 575.7066040039062, 572.6953125]",hand_extended_duration
42.152620394833406,person_006,Suspicious Hand Activity,orange,0.7,research_rules,Hand gesture detected: left_wrist_near_head for 2.3s,"[730.4144897460938, 189.2483367919922, 829.8197631835938, 367.2708435058594]",hand_extended_duration
42.25258708351681,person_006,Suspicious Hand Activity,orange,0.7,research_rules,Hand gesture detected: left_wrist_near_head for 2.4s,"[730.3225708007812, 188.22854614257812, 829.46142578125, 358.3415222167969]",hand_extended_duration
42.35255377220021,person_006,Suspicious Hand Activity,orange,0.7,research_rules,Hand gesture detected: left_wrist_near_head for 2.5s,"[730.6350708007812, 187.3807373046875, 828.56884765625, 360.9020690917969]",hand_extended_duration
42.65245383825041,person_004,Suspicious Hand Activity,orange,0.7,research_rules,Hand gesture detected: left_wrist_near_head for 1.0s,"[270.6854553222656, 289.6952819824219, 383.64678955078125, 426.7959899902344]",hand_extended_duration
42.752420526933804,person_004,Suspicious Hand Activity,orange,0.7,research_rules,Hand gesture detected: left_wrist_near_head for 1.1s,"[269.4466247558594, 289.36474609375, 383.2220153808594, 427.47637939453125]",hand_extended_duration
42.852387215617206,person_004,Suspicious Hand Activity,orange,0.7,research_rules,Hand gesture detected: left_wrist_near_head for 1.2s,"[267.6287841796875, 288.9468688964844, 383.1474914550781, 429.59454345703125]",hand_extended_duration
42.9523539043006,person_004,Suspicious Hand Activity,orange,0.7,research_rules,Hand gesture detected: left_wrist_near_head for 1.3s,"[266.8140563964844, 288.641357421875, 382.9141540527344, 427.32281494140625]",hand_extended_duration
43.052320592984,person_004,Suspicious Hand Activity,orange,0.7,research_rules,Hand gesture detected: left_wrist_near_head for 1.4s,"[266.33184814453125, 287.864013671875, 381.4977722167969, 428.840576171875]",hand_extended_duration
43.152287281667405,person_004,Suspicious Hand Activity,orange,0.7,research_rules,Hand gesture detected: left_wrist_near_head for 1.5s,"[265.91082763671875, 286.8265075683594, 380.4231872558594, 423.6178283691406]",hand_extended_duration
43.2522539703508,person_004,Suspicious Hand Activity,orange,0.7,research_rules,Hand gesture detected: left_wrist_near_head for 1.6s,"[265.58990478515625, 285.6925354003906, 380.4653015136719, 407.2275390625]",hand_extended_duration
43.3522206590342,person_004,Suspicious Hand Activity,orange,0.7,research_rules,Hand gesture detected: left_wrist_near_head for 1.7s,"[265.2096252441406, 285.19873046875, 380.149169921875, 405.7421875]",hand_extended_duration
43.452187347717604,person_004,Suspicious Hand Activity,orange,0.7,research_rules,Hand gesture detected: left_wrist_near_head for 1.8s,"[264.8946838378906, 284.9047546386719, 379.0589294433594, 405.64996337890625]",hand_extended_duration
43.552154036401,person_004,Suspicious Hand Activity,orange,0.7,research_rules,Hand gesture detected: left_wrist_near_head for 1.9s,"[264.5618591308594, 284.827880859375, 378.48785400390625, 404.8138122558594]",hand_extended_duration
43.6521207250844,person_004,Suspicious Hand Activity,orange,0.7,research_rules,Hand gesture detected: left_wrist_near_head for 2.0s,"[263.2305603027344, 284.5455017089844, 377.27978515625, 403.23321533203125]",hand_extended_duration
43.752087413767796,person_004,Suspicious Hand Activity,orange,0.7,research_rules,Hand gesture detected: left_wrist_near_head for 2.1s,"[262.531494140625, 284.4205627441406, 376.937744140625, 402.7384338378906]",hand_extended_duration
43.8520541024512,person_004,Suspicious Hand Activity,orange,0.7,research_rules,Hand gesture detected: left_wrist_near_head for 2.2s,"[261.54345703125, 284.5865173339844, 375.12841796875, 404.2568359375]",hand_extended_duration
44.651787611918394,person_006,Suspicious Hand Activity,orange,0.7,research_rules,Hand gesture detected: left_wrist_near_head for 1.0s,"[712.8543090820312, 180.5947265625, 812.2029418945312, 364.27691650390625]",hand_extended_duration
44.751754300601796,person_006,Suspicious Hand Activity,orange,0.7,research_rules,Hand gesture detected: left_wrist_near_head for 1.1s,"[712.569580078125, 180.18307495117188, 811.8583374023438, 362.64312744140625]",hand_extended_duration
44.85172098928519,person_006,Suspicious Hand Activity,orange,0.7,research_rules,Hand gesture detected: left_wrist_near_head for 1.2s,"[712.1207275390625, 179.89654541015625, 811.060546875, 363.8915710449219]",hand_extended_duration
44.95168767796859,person_006,Suspicious Hand Activity,orange,0.7,research_rules,Hand gesture detected: left_wrist_near_head for 1.3s,"[709.3695678710938, 179.76817321777344, 810.8801879882812, 361.52008056640625]",hand_extended_duration
45.05165436665199,person_006,Suspicious Hand Activity,orange,0.7,research_rules,Hand gesture detected: left_wrist_near_head for 1.4s,"[709.2471313476562, 179.50999450683594, 810.7280883789062, 358.6745300292969]",hand_extended_duration
45.15162105533539,person_006,Suspicious Hand Activity,orange,0.7,research_rules,Hand gesture detected: left_wrist_near_head for 1.5s,"[708.1482543945312, 179.34420776367188, 810.505859375, 355.2670593261719]",hand_extended_duration
45.25158774401879,person_006,Suspicious Hand Activity,orange,0.7,research_rules,Hand gesture detected: left_wrist_near_head for 1.6s,"[707.4117431640625, 178.818603515625, 810.0072631835938, 357.1097106933594]",hand_extended_duration
45.25158774401879,person_004,Suspicious Hand Activity,orange,0.7,research_rules,Hand gesture detected: left_wrist_near_head for 1.0s,"[255.461181640625, 271.08544921875, 371.48394775390625, 404.7359313964844]",hand_extended_duration
45.35155443270219,person_006,Suspicious Hand Activity,orange,0.7,research_rules,Hand gesture detected: left_wrist_near_head for 1.7s,"[707.7776489257812, 178.7262725830078, 809.9030151367188, 358.1437072753906]",hand_extended_duration
45.35155443270219,person_004,Suspicious Hand Activity,orange,0.7,research_rules,Hand gesture detected: left_wrist_near_head for 1.1s,"[254.5451202392578, 270.1050720214844, 371.5447692871094, 403.3936462402344]",hand_extended_duration
45.45152112138559,person_006,Suspicious Hand Activity,orange,0.7,research_rules,Hand gesture detected: left_wrist_near_head for 1.8s,"[708.3653564453125, 178.32611083984375, 809.6558837890625, 359.0406799316406]",hand_extended_duration
45.45152112138559,person_004,Suspicious Hand Activity,orange,0.7,research_rules,Hand gesture detected: left_wrist_near_head for 1.2s,"[255.19189453125, 269.7851257324219, 371.10040283203125, 407.3545837402344]",hand_extended_duration
45.55148781006899,person_006,Suspicious Hand Activity,orange,0.7,research_rules,Hand gesture detected: left_wrist_near_head for 1.9s,"[707.441650390625, 178.3723602294922, 809.7225952148438, 359.6015625]",hand_extended_duration
45.55148781006899,person_004,Suspicious Hand Activity,orange,0.7,research_rules,Hand gesture detected: left_wrist_near_head for 1.3s,"[254.91262817382812, 269.74072265625, 371.29705810546875, 403.0625915527344]",hand_extended_duration
45.651454498752386,person_004,Suspicious Hand Activity,orange,0.7,research_rules,Hand gesture detected: left_wrist_near_head for 1.4s,"[254.8563690185547, 269.53936767578125, 371.0609130859375, 406.1564025878906]",hand_extended_duration
45.651454498752386,person_006,Suspicious Hand Activity,orange,0.7,research_rules,Hand gesture detected: left_wrist_near_head for 2.0s,"[707.37451171875, 177.90032958984375, 809.5865478515625, 356.1952819824219]",hand_extended_duration
45.75142118743579,person_006,Suspicious Hand Activity,orange,0.7,research_rules,Hand gesture detected: left_wrist_near_head for 2.1s,"[707.482421875, 177.96290588378906, 809.4986572265625, 354.3974609375]",hand_extended_duration
45.75142118743579,person_004,Suspicious Hand Activity,orange,0.7,research_rules,Hand gesture detected: left_wrist_near_head for 1.5s,"[254.4371337890625, 269.4151306152344, 371.05999755859375, 408.9541015625]",hand_extended_duration
45.85138787611918,person_004,Suspicious Hand Activity,orange,0.7,research_rules,Hand gesture detected: left_wrist_near_head for 1.6s,"[254.11892700195312, 269.3942565917969, 371.1410827636719, 410.131591796875]",hand_extended_duration
45.85138787611918,person_006,Suspicious Hand Activity,orange,0.7,research_rules,Hand gesture detected: left_wrist_near_head for 2.2s,"[707.7413940429688, 178.1637725830078, 809.4972534179688, 355.5005798339844]",hand_extended_duration
45.951354564802585,person_006,Suspicious Hand Activity,orange,0.7,research_rules,Hand gesture detected: left_wrist_near_head for 2.3s,"[707.4840698242188, 177.73291015625, 809.49462890625, 357.19659423828125]",hand_extended_duration
45.951354564802585,person_004,Suspicious Hand Activity,orange,0.7,research_rules,Hand gesture detected: left_wrist_near_head for 1.7s,"[254.19615173339844, 269.0835876464844, 371.42047119140625, 407.532958984375]",hand_extended_duration
46.05132125348599,person_006,Suspicious Hand Activity,orange,0.7,research_rules,Hand gesture detected: left_wrist_near_head for 2.4s,"[706.8482666015625, 177.4619598388672, 809.74365234375, 356.50592041015625]",hand_extended_duration
46.05132125348599,person_004,Suspicious Hand Activity,orange,0.7,research_rules,Hand gesture detected: left_wrist_near_head for 1.8s,"[254.927978515625, 268.9090270996094, 371.52105712890625, 411.0274963378906]",hand_extended_duration
46.15128794216938,person_004,Suspicious Hand Activity,orange,0.7,research_rules,Hand gesture detected: left_wrist_near_head for 1.9s,"[254.82839965820312, 268.788330078125, 371.2552185058594, 410.4937438964844]",hand_extended_duration
46.15128794216938,person_006,Suspicious Hand Activity,orange,0.7,research_rules,Hand gesture detected: left_wrist_near_head for 2.5s,"[707.5027465820312, 177.2971954345703, 809.8220825195312, 358.5491943359375]",hand_extended_duration
46.251254630852785,person_006,Suspicious Hand Activity,orange,0.7,research_rules,Hand gesture detected: left_wrist_near_head for 2.6s,"[707.5947265625, 177.41943359375, 810.0470581054688, 357.1132507324219]",hand_extended_duration
46.251254630852785,person_004,Suspicious Hand Activity,orange,0.7,research_rules,Hand gesture detected: left_wrist_near_head for 2.0s,"[255.1257781982422, 268.10552978515625, 371.5811462402344, 407.8236999511719]",hand_extended_duration
46.35122131953619,person_006,Suspicious Hand Activity,orange,0.7,research_rules,Hand gesture detected: left_wrist_near_head for 2.7s,"[707.7171020507812, 177.4118194580078, 810.0624389648438, 355.777587890625]",hand_extended_duration
46.35122131953619,person_004,Suspicious Hand Activity,orange,0.7,research_rules,Hand gesture detected: left_wrist_near_head for 2.1s,"[255.4264678955078, 267.89947509765625, 371.1399841308594, 410.4789123535156]",hand_extended_duration
46.45118800821958,person_006,Suspicious Hand Activity,orange,0.7,research_rules,Hand gesture detected: left_wrist_near_head for 2.8s,"[707.6244506835938, 177.1306610107422, 810.0033569335938, 355.6371154785156]",hand_extended_duration
46.45118800821958,person_004,Suspicious Hand Activity,orange,0.7,research_rules,Hand gesture detected: left_wrist_near_head for 2.2s,"[256.2689514160156, 267.875244140625, 371.39678955078125, 408.959716796875]",hand_extended_duration
46.551154696902984,person_004,Suspicious Hand Activity,orange,0.7,research_rules,Hand gesture detected: left_wrist_near_head for 2.3s,"[256.23394775390625, 267.87896728515625, 371.3350524902344, 408.6884460449219]",hand_extended_duration
46.551154696902984,person_006,Suspicious Hand Activity,orange,0.7,research_rules,Hand gesture detected: left_wrist_near_head for 2.9s,"[707.8054809570312, 176.78817749023438, 810.0728759765625, 356.40509033203125]",hand_extended_duration
46.65112138558638,person_006,Suspicious Hand Activity,orange,0.7,research_rules,Hand gesture detected: left_wrist_near_head for 3.0s,"[707.8677978515625, 176.68252563476562, 810.0948486328125, 356.4045104980469]",hand_extended_duration
46.65112138558638,person_004,Suspicious Hand Activity,orange,0.7,research_rules,Hand gesture detected: left_wrist_near_head for 2.4s,"[257.5372009277344, 268.237060546875, 371.3398132324219, 404.558349609375]",hand_extended_duration
46.75108807426978,person_004,Suspicious Hand Activity,orange,0.7,research_rules,Hand gesture detected: left_wrist_near_head for 2.5s,"[256.793212890625, 268.5585021972656, 371.5063171386719, 408.7345886230469]",hand_extended_duration
46.85105476295318,person_004,Suspicious Hand Activity,orange,0.7,research_rules,Hand gesture detected: left_wrist_near_head for 2.6s,"[257.0226745605469, 270.27008056640625, 372.0209045410156, 407.9698791503906]",hand_extended_duration
46.95102145163658,person_004,Suspicious Hand Activity,orange,0.7,research_rules,Hand gesture detected: left_wrist_near_head for 2.7s,"[256.468017578125, 271.30963134765625, 371.5299377441406, 409.7111511230469]",hand_extended_duration
47.05098814031998,person_004,Suspicious Hand Activity,orange,0.7,research_rules,Hand gesture detected: left_wrist_near_head for 2.8s,"[255.78746032714844, 272.8078308105469, 372.193115234375, 409.857666015625]",hand_extended_duration
47.150954829003375,person_004,Suspicious Hand Activity,orange,0.7,research_rules,Hand gesture detected: left_wrist_near_head for 2.9s,"[255.0814971923828, 272.971923828125, 371.66510009765625, 409.8424377441406]",hand_extended_duration
47.25092151768678,person_004,Suspicious Hand Activity,orange,0.7,research_rules,Hand gesture detected: left_wrist_near_head for 3.0s,"[255.01748657226562, 273.7242736816406, 371.01446533203125, 412.25933837890625]",hand_extended_duration
47.850721649787175,person_002,Suspicious Hand Activity,orange,0.7,research_rules,Hand gesture detected: right_wrist_extended_arm_absolute for 1.0s,"[563.09228515625, 314.393310546875, 747.0714111328125, 573.1784057617188]",hand_extended_duration
47.95068833847057,person_002,Suspicious Hand Activity,orange,0.7,research_rules,Hand gesture detected: left_wrist_near_head for 1.1s,"[562.16455078125, 314.6303405761719, 746.9618530273438, 574.32080078125]",hand_extended_duration
47.95068833847057,person_007,Suspicious Hand Activity,orange,0.7,research_rules,Hand gesture detected: left_wrist_near_head for 1.0s,"[486.4551696777344, 247.557861328125, 603.5177612304688, 421.5476989746094]",hand_extended_duration
48.05065502715397,person_007,Suspicious Hand Activity,orange,0.7,research_rules,Hand gesture detected: left_wrist_near_head for 1.1s,"[486.06768798828125, 248.038330078125, 603.9873046875, 420.4477233886719]",hand_extended_duration
48.05065502715397,person_002,Suspicious Hand Activity,orange,0.7,research_rules,Hand gesture detected: left_wrist_near_head for 1.2s,"[561.4476928710938, 313.4488830566406, 746.390625, 573.9961547851562]",hand_extended_duration
48.150621715837374,person_002,Suspicious Hand Activity,orange,0.7,research_rules,Hand gesture detected: left_wrist_near_head for 1.3s,"[560.5853881835938, 313.1754455566406, 746.5297241210938, 573.2985229492188]",hand_extended_duration
48.150621715837374,person_007,Suspicious Hand Activity,orange,0.7,research_rules,Hand gesture detected: left_wrist_near_head for 1.2s,"[485.2218933105469, 248.6160125732422, 603.712890625, 414.0126037597656]",hand_extended_duration
48.25058840452077,person_007,Suspicious Hand Activity,orange,0.7,research_rules,Hand gesture detected: left_wrist_near_head for 1.3s,"[485.5827331542969, 248.12124633789062, 603.1415405273438, 420.79498291015625]",hand_extended_duration
48.25058840452077,person_002,Suspicious Hand Activity,orange,0.7,research_rules,Hand gesture detected: left_wrist_near_head for 1.4s,"[560.0847778320312, 319.63385009765625, 746.6342163085938, 574.0236206054688]",hand_extended_duration
48.35055509320417,person_007,Suspicious Hand Activity,orange,0.7,research_rules,Hand gesture detected: left_wrist_near_head for 1.4s,"[487.2900390625, 247.53115844726562, 603.0148315429688, 420.3269958496094]",hand_extended_duration
48.45052178188757,person_007,Suspicious Hand Activity,orange,0.7,research_rules,Hand gesture detected: left_wrist_near_head for 1.5s,"[487.64111328125, 247.17138671875, 602.6396484375, 417.08251953125]",hand_extended_duration
48.55048847057097,person_007,Suspicious Hand Activity,orange,0.7,research_rules,Hand gesture detected: left_wrist_near_head for 1.6s,"[486.93487548828125, 246.943359375, 602.3723754882812, 419.0909118652344]",hand_extended_duration
49.85005542345516,person_004,Suspicious Hand Activity,orange,0.7,research_rules,Hand gesture detected: left_wrist_near_head for 1.0s,"[245.3939971923828, 275.6112976074219, 364.7405700683594, 401.41796875]",hand_extended_duration
49.95002211213856,person_004,Suspicious Hand Activity,orange,0.7,research_rules,Hand gesture detected: left_wrist_near_head for 1.1s,"[245.37339782714844, 274.7099609375, 365.8339538574219, 402.0378112792969]",hand_extended_duration
50.04998880082196,person_004,Suspicious Hand Activity,orange,0.7,research_rules,Hand gesture detected: left_wrist_near_head for 1.2s,"[248.22390747070312, 276.40899658203125, 367.1882019042969, 403.3907165527344]",hand_extended_duration
50.14995548950536,person_007,Suspicious Hand Activity,orange,0.7,research_rules,Hand gesture detected: left_wrist_near_head for 1.0s,"[481.7194519042969, 242.19580078125, 598.8128051757812, 407.33184814453125]",hand_extended_duration
50.14995548950536,person_004,Suspicious Hand Activity,orange,0.7,research_rules,Hand gesture detected: left_wrist_near_head for 1.3s,"[247.90969848632812, 275.52447509765625, 368.43841552734375, 402.8446960449219]",hand_extended_duration
50.24992217818876,person_007,Suspicious Hand Activity,orange,0.7,research_rules,Hand gesture detected: left_wrist_near_head for 1.1s,"[482.5625915527344, 241.47012329101562, 598.9483642578125, 409.236328125]",hand_extended_duration
50.24992217818876,person_004,Suspicious Hand Activity,orange,0.7,research_rules,Hand gesture detected: left_wrist_near_head for 1.4s,"[247.2635955810547, 275.10894775390625, 367.2165832519531, 402.77203369140625]",hand_extended_duration
50.24992217818876,person_006,Suspicious Hand Activity,orange,0.7,research_rules,Hand gesture detected: left_wrist_near_head for 1.0s,"[616.9365234375, 206.29820251464844, 751.6533203125, 385.4483947753906]",hand_extended_duration
50.349888866872156,person_004,Suspicious Hand Activity,orange,0.7,research_rules,Hand gesture detected: left_wrist_near_head for 1.5s,"[247.2843780517578, 274.5557556152344, 364.6465759277344, 404.8175354003906]",hand_extended_duration
50.349888866872156,person_007,Suspicious Hand Activity,orange,0.7,research_rules,Hand gesture detected: left_wrist_near_head for 1.2s,"[479.1605529785156, 240.97471618652344, 598.9220581054688, 408.6937561035156]",hand_extended_duration
50.349888866872156,person_006,Suspicious Hand Activity,orange,0.7,research_rules,Hand gesture detected: left_wrist_near_head for 1.1s,"[616.253662109375, 205.50376892089844, 747.1504516601562, 384.6117858886719]",hand_extended_duration
